path,modality,vocal_channel,channel_label,emotion,emotion_label,intensity,statement,repetition,actor,gender
C:\Users\Grana\Documents\GitHub\Project_CSE432_MG\Project_CSE432-532\SER_Project\data\Audio_Song_Actors_01-24\Actor_01\03-02-01-01-01-01-01.wav,3,2,song,1,neutral,1,1,1,1,male
C:\Users\Grana\Documents\GitHub\Project_CSE432_MG\Project_CSE432-532\SER_Project\data\Audio_Song_Actors_01-24\Actor_01\03-02-01-01-01-02-01.wav,3,2,song,1,neutral,1,1,2,1,male
C:\Users\Grana\Documents\GitHub\Project_CSE432_MG\Project_CSE432-532\SER_Project\data\Audio_Song_Actors_01-24\Actor_01\03-02-01-01-02-01-01.wav,3,2,song,1,neutral,1,2,1,1,male
C:\Users\Grana\Documents\GitHub\Project_CSE432_MG\Project_CSE432-532\SER_Project\data\Audio_Song_Actors_01-24\Actor_01\03-02-01-01-02-02-01.wav,3,2,song,1,neutral,1,2,2,1,male
C:\Users\Grana\Documents\GitHub\Project_CSE432_MG\Project_CSE432-532\SER_Project\data\Audio_Song_Actors_01-24\Actor_01\03-02-02-01-01-01-01.wav,3,2,song,2,calm,1,1,1,1,male
C:\Users\Grana\Documents\GitHub\Project_CSE432_MG\Project_CSE432-532\SER_Project\data\Audio_Song_Actors_01-24\Actor_01\03-02-02-01-01-02-01.wav,3,2,song,2,calm,1,1,2,1,male
C:\Users\Grana\Documents\GitHub\Project_CSE432_MG\Project_CSE432-532\SER_Project\data\Audio_Song_Actors_01-24\Actor_01\03-02-02-01-02-01-01.wav,3,2,song,2,calm,1,2,1,1,male
C:\Users\Grana\Documents\GitHub\Project_CSE432_MG\Project_CSE432-532\SER_Project\data\Audio_Song_Actors_01-24\Actor_01\03-02-02-01-02-02-01.wav,3,2,song,2,calm,1,2,2,1,male
C:\Users\Grana\Documents\GitHub\Project_CSE432_MG\Project_CSE432-532\SER_Project\data\Audio_Song_Actors_01-24\Actor_01\03-02-02-02-01-01-01.wav,3,2,song,2,calm,2,1,1,1,male
C:\Users\Grana\Documents\GitHub\Project_CSE432_MG\Project_CSE432-532\SER_Project\data\Audio_Song_Actors_01-24\Actor_01\03-02-02-02-01-02-01.wav,3,2,song,2,calm,2,1,2,1,male
C:\Users\Grana\Documents\GitHub\Project_CSE432_MG\Project_CSE432-532\SER_Project\data\Audio_Song_Actors_01-24\Actor_01\03-02-02-02-02-01-01.wav,3,2,song,2,calm,2,2,1,1,male
C:\Users\Grana\Documents\GitHub\Project_CSE432_MG\Project_CSE432-532\SER_Project\data\Audio_Song_Actors_01-24\Actor_01\03-02-02-02-02-02-01.wav,3,2,song,2,calm,2,2,2,1,male
C:\Users\Grana\Documents\GitHub\Project_CSE432_MG\Project_CSE432-532\SER_Project\data\Audio_Song_Actors_01-24\Actor_01\03-02-03-01-01-01-01.wav,3,2,song,3,happy,1,1,1,1,male
C:\Users\Grana\Documents\GitHub\Project_CSE432_MG\Project_CSE432-532\SER_Project\data\Audio_Song_Actors_01-24\Actor_01\03-02-03-01-01-02-01.wav,3,2,song,3,happy,1,1,2,1,male
C:\Users\Grana\Documents\GitHub\Project_CSE432_MG\Project_CSE432-532\SER_Project\data\Audio_Song_Actors_01-24\Actor_01\03-02-03-01-02-01-01.wav,3,2,song,3,happy,1,2,1,1,male
C:\Users\Grana\Documents\GitHub\Project_CSE432_MG\Project_CSE432-532\SER_Project\data\Audio_Song_Actors_01-24\Actor_01\03-02-03-01-02-02-01.wav,3,2,song,3,happy,1,2,2,1,male
C:\Users\Grana\Documents\GitHub\Project_CSE432_MG\Project_CSE432-532\SER_Project\data\Audio_Song_Actors_01-24\Actor_01\03-02-03-02-01-01-01.wav,3,2,song,3,happy,2,1,1,1,male
C:\Users\Grana\Documents\GitHub\Project_CSE432_MG\Project_CSE432-532\SER_Project\data\Audio_Song_Actors_01-24\Actor_01\03-02-03-02-01-02-01.wav,3,2,song,3,happy,2,1,2,1,male
C:\Users\Grana\Documents\GitHub\Project_CSE432_MG\Project_CSE432-532\SER_Project\data\Audio_Song_Actors_01-24\Actor_01\03-02-03-02-02-01-01.wav,3,2,song,3,happy,2,2,1,1,male
C:\Users\Grana\Documents\GitHub\Project_CSE432_MG\Project_CSE432-532\SER_Project\data\Audio_Song_Actors_01-24\Actor_01\03-02-03-02-02-02-01.wav,3,2,song,3,happy,2,2,2,1,male
C:\Users\Grana\Documents\GitHub\Project_CSE432_MG\Project_CSE432-532\SER_Project\data\Audio_Song_Actors_01-24\Actor_01\03-02-04-01-01-01-01.wav,3,2,song,4,sad,1,1,1,1,male
C:\Users\Grana\Documents\GitHub\Project_CSE432_MG\Project_CSE432-532\SER_Project\data\Audio_Song_Actors_01-24\Actor_01\03-02-04-01-01-02-01.wav,3,2,song,4,sad,1,1,2,1,male
C:\Users\Grana\Documents\GitHub\Project_CSE432_MG\Project_CSE432-532\SER_Project\data\Audio_Song_Actors_01-24\Actor_01\03-02-04-01-02-01-01.wav,3,2,song,4,sad,1,2,1,1,male
C:\Users\Grana\Documents\GitHub\Project_CSE432_MG\Project_CSE432-532\SER_Project\data\Audio_Song_Actors_01-24\Actor_01\03-02-04-01-02-02-01.wav,3,2,song,4,sad,1,2,2,1,male
C:\Users\Grana\Documents\GitHub\Project_CSE432_MG\Project_CSE432-532\SER_Project\data\Audio_Song_Actors_01-24\Actor_01\03-02-04-02-01-01-01.wav,3,2,song,4,sad,2,1,1,1,male
C:\Users\Grana\Documents\GitHub\Project_CSE432_MG\Project_CSE432-532\SER_Project\data\Audio_Song_Actors_01-24\Actor_01\03-02-04-02-01-02-01.wav,3,2,song,4,sad,2,1,2,1,male
C:\Users\Grana\Documents\GitHub\Project_CSE432_MG\Project_CSE432-532\SER_Project\data\Audio_Song_Actors_01-24\Actor_01\03-02-04-02-02-01-01.wav,3,2,song,4,sad,2,2,1,1,male
C:\Users\Grana\Documents\GitHub\Project_CSE432_MG\Project_CSE432-532\SER_Project\data\Audio_Song_Actors_01-24\Actor_01\03-02-04-02-02-02-01.wav,3,2,song,4,sad,2,2,2,1,male
C:\Users\Grana\Documents\GitHub\Project_CSE432_MG\Project_CSE432-532\SER_Project\data\Audio_Song_Actors_01-24\Actor_01\03-02-05-01-01-01-01.wav,3,2,song,5,angry,1,1,1,1,male
C:\Users\Grana\Documents\GitHub\Project_CSE432_MG\Project_CSE432-532\SER_Project\data\Audio_Song_Actors_01-24\Actor_01\03-02-05-01-01-02-01.wav,3,2,song,5,angry,1,1,2,1,male
C:\Users\Grana\Documents\GitHub\Project_CSE432_MG\Project_CSE432-532\SER_Project\data\Audio_Song_Actors_01-24\Actor_01\03-02-05-01-02-01-01.wav,3,2,song,5,angry,1,2,1,1,male
C:\Users\Grana\Documents\GitHub\Project_CSE432_MG\Project_CSE432-532\SER_Project\data\Audio_Song_Actors_01-24\Actor_01\03-02-05-01-02-02-01.wav,3,2,song,5,angry,1,2,2,1,male
C:\Users\Grana\Documents\GitHub\Project_CSE432_MG\Project_CSE432-532\SER_Project\data\Audio_Song_Actors_01-24\Actor_01\03-02-05-02-01-01-01.wav,3,2,song,5,angry,2,1,1,1,male
C:\Users\Grana\Documents\GitHub\Project_CSE432_MG\Project_CSE432-532\SER_Project\data\Audio_Song_Actors_01-24\Actor_01\03-02-05-02-01-02-01.wav,3,2,song,5,angry,2,1,2,1,male
C:\Users\Grana\Documents\GitHub\Project_CSE432_MG\Project_CSE432-532\SER_Project\data\Audio_Song_Actors_01-24\Actor_01\03-02-05-02-02-01-01.wav,3,2,song,5,angry,2,2,1,1,male
C:\Users\Grana\Documents\GitHub\Project_CSE432_MG\Project_CSE432-532\SER_Project\data\Audio_Song_Actors_01-24\Actor_01\03-02-05-02-02-02-01.wav,3,2,song,5,angry,2,2,2,1,male
C:\Users\Grana\Documents\GitHub\Project_CSE432_MG\Project_CSE432-532\SER_Project\data\Audio_Song_Actors_01-24\Actor_01\03-02-06-01-01-01-01.wav,3,2,song,6,fearful,1,1,1,1,male
C:\Users\Grana\Documents\GitHub\Project_CSE432_MG\Project_CSE432-532\SER_Project\data\Audio_Song_Actors_01-24\Actor_01\03-02-06-01-01-02-01.wav,3,2,song,6,fearful,1,1,2,1,male
C:\Users\Grana\Documents\GitHub\Project_CSE432_MG\Project_CSE432-532\SER_Project\data\Audio_Song_Actors_01-24\Actor_01\03-02-06-01-02-01-01.wav,3,2,song,6,fearful,1,2,1,1,male
C:\Users\Grana\Documents\GitHub\Project_CSE432_MG\Project_CSE432-532\SER_Project\data\Audio_Song_Actors_01-24\Actor_01\03-02-06-01-02-02-01.wav,3,2,song,6,fearful,1,2,2,1,male
C:\Users\Grana\Documents\GitHub\Project_CSE432_MG\Project_CSE432-532\SER_Project\data\Audio_Song_Actors_01-24\Actor_01\03-02-06-02-01-01-01.wav,3,2,song,6,fearful,2,1,1,1,male
C:\Users\Grana\Documents\GitHub\Project_CSE432_MG\Project_CSE432-532\SER_Project\data\Audio_Song_Actors_01-24\Actor_01\03-02-06-02-01-02-01.wav,3,2,song,6,fearful,2,1,2,1,male
C:\Users\Grana\Documents\GitHub\Project_CSE432_MG\Project_CSE432-532\SER_Project\data\Audio_Song_Actors_01-24\Actor_01\03-02-06-02-02-01-01.wav,3,2,song,6,fearful,2,2,1,1,male
C:\Users\Grana\Documents\GitHub\Project_CSE432_MG\Project_CSE432-532\SER_Project\data\Audio_Song_Actors_01-24\Actor_01\03-02-06-02-02-02-01.wav,3,2,song,6,fearful,2,2,2,1,male
C:\Users\Grana\Documents\GitHub\Project_CSE432_MG\Project_CSE432-532\SER_Project\data\Audio_Song_Actors_01-24\Actor_02\03-02-01-01-01-01-02.wav,3,2,song,1,neutral,1,1,1,2,female
C:\Users\Grana\Documents\GitHub\Project_CSE432_MG\Project_CSE432-532\SER_Project\data\Audio_Song_Actors_01-24\Actor_02\03-02-01-01-01-02-02.wav,3,2,song,1,neutral,1,1,2,2,female
C:\Users\Grana\Documents\GitHub\Project_CSE432_MG\Project_CSE432-532\SER_Project\data\Audio_Song_Actors_01-24\Actor_02\03-02-01-01-02-01-02.wav,3,2,song,1,neutral,1,2,1,2,female
C:\Users\Grana\Documents\GitHub\Project_CSE432_MG\Project_CSE432-532\SER_Project\data\Audio_Song_Actors_01-24\Actor_02\03-02-01-01-02-02-02.wav,3,2,song,1,neutral,1,2,2,2,female
C:\Users\Grana\Documents\GitHub\Project_CSE432_MG\Project_CSE432-532\SER_Project\data\Audio_Song_Actors_01-24\Actor_02\03-02-02-01-01-01-02.wav,3,2,song,2,calm,1,1,1,2,female
C:\Users\Grana\Documents\GitHub\Project_CSE432_MG\Project_CSE432-532\SER_Project\data\Audio_Song_Actors_01-24\Actor_02\03-02-02-01-01-02-02.wav,3,2,song,2,calm,1,1,2,2,female
C:\Users\Grana\Documents\GitHub\Project_CSE432_MG\Project_CSE432-532\SER_Project\data\Audio_Song_Actors_01-24\Actor_02\03-02-02-01-02-01-02.wav,3,2,song,2,calm,1,2,1,2,female
C:\Users\Grana\Documents\GitHub\Project_CSE432_MG\Project_CSE432-532\SER_Project\data\Audio_Song_Actors_01-24\Actor_02\03-02-02-01-02-02-02.wav,3,2,song,2,calm,1,2,2,2,female
C:\Users\Grana\Documents\GitHub\Project_CSE432_MG\Project_CSE432-532\SER_Project\data\Audio_Song_Actors_01-24\Actor_02\03-02-02-02-01-01-02.wav,3,2,song,2,calm,2,1,1,2,female
C:\Users\Grana\Documents\GitHub\Project_CSE432_MG\Project_CSE432-532\SER_Project\data\Audio_Song_Actors_01-24\Actor_02\03-02-02-02-01-02-02.wav,3,2,song,2,calm,2,1,2,2,female
C:\Users\Grana\Documents\GitHub\Project_CSE432_MG\Project_CSE432-532\SER_Project\data\Audio_Song_Actors_01-24\Actor_02\03-02-02-02-02-01-02.wav,3,2,song,2,calm,2,2,1,2,female
C:\Users\Grana\Documents\GitHub\Project_CSE432_MG\Project_CSE432-532\SER_Project\data\Audio_Song_Actors_01-24\Actor_02\03-02-02-02-02-02-02.wav,3,2,song,2,calm,2,2,2,2,female
C:\Users\Grana\Documents\GitHub\Project_CSE432_MG\Project_CSE432-532\SER_Project\data\Audio_Song_Actors_01-24\Actor_02\03-02-03-01-01-01-02.wav,3,2,song,3,happy,1,1,1,2,female
C:\Users\Grana\Documents\GitHub\Project_CSE432_MG\Project_CSE432-532\SER_Project\data\Audio_Song_Actors_01-24\Actor_02\03-02-03-01-01-02-02.wav,3,2,song,3,happy,1,1,2,2,female
C:\Users\Grana\Documents\GitHub\Project_CSE432_MG\Project_CSE432-532\SER_Project\data\Audio_Song_Actors_01-24\Actor_02\03-02-03-01-02-01-02.wav,3,2,song,3,happy,1,2,1,2,female
C:\Users\Grana\Documents\GitHub\Project_CSE432_MG\Project_CSE432-532\SER_Project\data\Audio_Song_Actors_01-24\Actor_02\03-02-03-01-02-02-02.wav,3,2,song,3,happy,1,2,2,2,female
C:\Users\Grana\Documents\GitHub\Project_CSE432_MG\Project_CSE432-532\SER_Project\data\Audio_Song_Actors_01-24\Actor_02\03-02-03-02-01-01-02.wav,3,2,song,3,happy,2,1,1,2,female
C:\Users\Grana\Documents\GitHub\Project_CSE432_MG\Project_CSE432-532\SER_Project\data\Audio_Song_Actors_01-24\Actor_02\03-02-03-02-01-02-02.wav,3,2,song,3,happy,2,1,2,2,female
C:\Users\Grana\Documents\GitHub\Project_CSE432_MG\Project_CSE432-532\SER_Project\data\Audio_Song_Actors_01-24\Actor_02\03-02-03-02-02-01-02.wav,3,2,song,3,happy,2,2,1,2,female
C:\Users\Grana\Documents\GitHub\Project_CSE432_MG\Project_CSE432-532\SER_Project\data\Audio_Song_Actors_01-24\Actor_02\03-02-03-02-02-02-02.wav,3,2,song,3,happy,2,2,2,2,female
C:\Users\Grana\Documents\GitHub\Project_CSE432_MG\Project_CSE432-532\SER_Project\data\Audio_Song_Actors_01-24\Actor_02\03-02-04-01-01-01-02.wav,3,2,song,4,sad,1,1,1,2,female
C:\Users\Grana\Documents\GitHub\Project_CSE432_MG\Project_CSE432-532\SER_Project\data\Audio_Song_Actors_01-24\Actor_02\03-02-04-01-01-02-02.wav,3,2,song,4,sad,1,1,2,2,female
C:\Users\Grana\Documents\GitHub\Project_CSE432_MG\Project_CSE432-532\SER_Project\data\Audio_Song_Actors_01-24\Actor_02\03-02-04-01-02-01-02.wav,3,2,song,4,sad,1,2,1,2,female
C:\Users\Grana\Documents\GitHub\Project_CSE432_MG\Project_CSE432-532\SER_Project\data\Audio_Song_Actors_01-24\Actor_02\03-02-04-01-02-02-02.wav,3,2,song,4,sad,1,2,2,2,female
C:\Users\Grana\Documents\GitHub\Project_CSE432_MG\Project_CSE432-532\SER_Project\data\Audio_Song_Actors_01-24\Actor_02\03-02-04-02-01-01-02.wav,3,2,song,4,sad,2,1,1,2,female
C:\Users\Grana\Documents\GitHub\Project_CSE432_MG\Project_CSE432-532\SER_Project\data\Audio_Song_Actors_01-24\Actor_02\03-02-04-02-01-02-02.wav,3,2,song,4,sad,2,1,2,2,female
C:\Users\Grana\Documents\GitHub\Project_CSE432_MG\Project_CSE432-532\SER_Project\data\Audio_Song_Actors_01-24\Actor_02\03-02-04-02-02-01-02.wav,3,2,song,4,sad,2,2,1,2,female
C:\Users\Grana\Documents\GitHub\Project_CSE432_MG\Project_CSE432-532\SER_Project\data\Audio_Song_Actors_01-24\Actor_02\03-02-04-02-02-02-02.wav,3,2,song,4,sad,2,2,2,2,female
C:\Users\Grana\Documents\GitHub\Project_CSE432_MG\Project_CSE432-532\SER_Project\data\Audio_Song_Actors_01-24\Actor_02\03-02-05-01-01-01-02.wav,3,2,song,5,angry,1,1,1,2,female
C:\Users\Grana\Documents\GitHub\Project_CSE432_MG\Project_CSE432-532\SER_Project\data\Audio_Song_Actors_01-24\Actor_02\03-02-05-01-01-02-02.wav,3,2,song,5,angry,1,1,2,2,female
C:\Users\Grana\Documents\GitHub\Project_CSE432_MG\Project_CSE432-532\SER_Project\data\Audio_Song_Actors_01-24\Actor_02\03-02-05-01-02-01-02.wav,3,2,song,5,angry,1,2,1,2,female
C:\Users\Grana\Documents\GitHub\Project_CSE432_MG\Project_CSE432-532\SER_Project\data\Audio_Song_Actors_01-24\Actor_02\03-02-05-01-02-02-02.wav,3,2,song,5,angry,1,2,2,2,female
C:\Users\Grana\Documents\GitHub\Project_CSE432_MG\Project_CSE432-532\SER_Project\data\Audio_Song_Actors_01-24\Actor_02\03-02-05-02-01-01-02.wav,3,2,song,5,angry,2,1,1,2,female
C:\Users\Grana\Documents\GitHub\Project_CSE432_MG\Project_CSE432-532\SER_Project\data\Audio_Song_Actors_01-24\Actor_02\03-02-05-02-01-02-02.wav,3,2,song,5,angry,2,1,2,2,female
C:\Users\Grana\Documents\GitHub\Project_CSE432_MG\Project_CSE432-532\SER_Project\data\Audio_Song_Actors_01-24\Actor_02\03-02-05-02-02-01-02.wav,3,2,song,5,angry,2,2,1,2,female
C:\Users\Grana\Documents\GitHub\Project_CSE432_MG\Project_CSE432-532\SER_Project\data\Audio_Song_Actors_01-24\Actor_02\03-02-05-02-02-02-02.wav,3,2,song,5,angry,2,2,2,2,female
C:\Users\Grana\Documents\GitHub\Project_CSE432_MG\Project_CSE432-532\SER_Project\data\Audio_Song_Actors_01-24\Actor_02\03-02-06-01-01-01-02.wav,3,2,song,6,fearful,1,1,1,2,female
C:\Users\Grana\Documents\GitHub\Project_CSE432_MG\Project_CSE432-532\SER_Project\data\Audio_Song_Actors_01-24\Actor_02\03-02-06-01-01-02-02.wav,3,2,song,6,fearful,1,1,2,2,female
C:\Users\Grana\Documents\GitHub\Project_CSE432_MG\Project_CSE432-532\SER_Project\data\Audio_Song_Actors_01-24\Actor_02\03-02-06-01-02-01-02.wav,3,2,song,6,fearful,1,2,1,2,female
C:\Users\Grana\Documents\GitHub\Project_CSE432_MG\Project_CSE432-532\SER_Project\data\Audio_Song_Actors_01-24\Actor_02\03-02-06-01-02-02-02.wav,3,2,song,6,fearful,1,2,2,2,female
C:\Users\Grana\Documents\GitHub\Project_CSE432_MG\Project_CSE432-532\SER_Project\data\Audio_Song_Actors_01-24\Actor_02\03-02-06-02-01-01-02.wav,3,2,song,6,fearful,2,1,1,2,female
C:\Users\Grana\Documents\GitHub\Project_CSE432_MG\Project_CSE432-532\SER_Project\data\Audio_Song_Actors_01-24\Actor_02\03-02-06-02-01-02-02.wav,3,2,song,6,fearful,2,1,2,2,female
C:\Users\Grana\Documents\GitHub\Project_CSE432_MG\Project_CSE432-532\SER_Project\data\Audio_Song_Actors_01-24\Actor_02\03-02-06-02-02-01-02.wav,3,2,song,6,fearful,2,2,1,2,female
C:\Users\Grana\Documents\GitHub\Project_CSE432_MG\Project_CSE432-532\SER_Project\data\Audio_Song_Actors_01-24\Actor_02\03-02-06-02-02-02-02.wav,3,2,song,6,fearful,2,2,2,2,female
C:\Users\Grana\Documents\GitHub\Project_CSE432_MG\Project_CSE432-532\SER_Project\data\Audio_Song_Actors_01-24\Actor_03\03-02-01-01-01-01-03.wav,3,2,song,1,neutral,1,1,1,3,male
C:\Users\Grana\Documents\GitHub\Project_CSE432_MG\Project_CSE432-532\SER_Project\data\Audio_Song_Actors_01-24\Actor_03\03-02-01-01-01-02-03.wav,3,2,song,1,neutral,1,1,2,3,male
C:\Users\Grana\Documents\GitHub\Project_CSE432_MG\Project_CSE432-532\SER_Project\data\Audio_Song_Actors_01-24\Actor_03\03-02-01-01-02-01-03.wav,3,2,song,1,neutral,1,2,1,3,male
C:\Users\Grana\Documents\GitHub\Project_CSE432_MG\Project_CSE432-532\SER_Project\data\Audio_Song_Actors_01-24\Actor_03\03-02-01-01-02-02-03.wav,3,2,song,1,neutral,1,2,2,3,male
C:\Users\Grana\Documents\GitHub\Project_CSE432_MG\Project_CSE432-532\SER_Project\data\Audio_Song_Actors_01-24\Actor_03\03-02-02-01-01-01-03.wav,3,2,song,2,calm,1,1,1,3,male
C:\Users\Grana\Documents\GitHub\Project_CSE432_MG\Project_CSE432-532\SER_Project\data\Audio_Song_Actors_01-24\Actor_03\03-02-02-01-01-02-03.wav,3,2,song,2,calm,1,1,2,3,male
C:\Users\Grana\Documents\GitHub\Project_CSE432_MG\Project_CSE432-532\SER_Project\data\Audio_Song_Actors_01-24\Actor_03\03-02-02-01-02-01-03.wav,3,2,song,2,calm,1,2,1,3,male
C:\Users\Grana\Documents\GitHub\Project_CSE432_MG\Project_CSE432-532\SER_Project\data\Audio_Song_Actors_01-24\Actor_03\03-02-02-01-02-02-03.wav,3,2,song,2,calm,1,2,2,3,male
C:\Users\Grana\Documents\GitHub\Project_CSE432_MG\Project_CSE432-532\SER_Project\data\Audio_Song_Actors_01-24\Actor_03\03-02-02-02-01-01-03.wav,3,2,song,2,calm,2,1,1,3,male
C:\Users\Grana\Documents\GitHub\Project_CSE432_MG\Project_CSE432-532\SER_Project\data\Audio_Song_Actors_01-24\Actor_03\03-02-02-02-01-02-03.wav,3,2,song,2,calm,2,1,2,3,male
C:\Users\Grana\Documents\GitHub\Project_CSE432_MG\Project_CSE432-532\SER_Project\data\Audio_Song_Actors_01-24\Actor_03\03-02-02-02-02-01-03.wav,3,2,song,2,calm,2,2,1,3,male
C:\Users\Grana\Documents\GitHub\Project_CSE432_MG\Project_CSE432-532\SER_Project\data\Audio_Song_Actors_01-24\Actor_03\03-02-02-02-02-02-03.wav,3,2,song,2,calm,2,2,2,3,male
C:\Users\Grana\Documents\GitHub\Project_CSE432_MG\Project_CSE432-532\SER_Project\data\Audio_Song_Actors_01-24\Actor_03\03-02-03-01-01-01-03.wav,3,2,song,3,happy,1,1,1,3,male
C:\Users\Grana\Documents\GitHub\Project_CSE432_MG\Project_CSE432-532\SER_Project\data\Audio_Song_Actors_01-24\Actor_03\03-02-03-01-01-02-03.wav,3,2,song,3,happy,1,1,2,3,male
C:\Users\Grana\Documents\GitHub\Project_CSE432_MG\Project_CSE432-532\SER_Project\data\Audio_Song_Actors_01-24\Actor_03\03-02-03-01-02-01-03.wav,3,2,song,3,happy,1,2,1,3,male
C:\Users\Grana\Documents\GitHub\Project_CSE432_MG\Project_CSE432-532\SER_Project\data\Audio_Song_Actors_01-24\Actor_03\03-02-03-01-02-02-03.wav,3,2,song,3,happy,1,2,2,3,male
C:\Users\Grana\Documents\GitHub\Project_CSE432_MG\Project_CSE432-532\SER_Project\data\Audio_Song_Actors_01-24\Actor_03\03-02-03-02-01-01-03.wav,3,2,song,3,happy,2,1,1,3,male
C:\Users\Grana\Documents\GitHub\Project_CSE432_MG\Project_CSE432-532\SER_Project\data\Audio_Song_Actors_01-24\Actor_03\03-02-03-02-01-02-03.wav,3,2,song,3,happy,2,1,2,3,male
C:\Users\Grana\Documents\GitHub\Project_CSE432_MG\Project_CSE432-532\SER_Project\data\Audio_Song_Actors_01-24\Actor_03\03-02-03-02-02-01-03.wav,3,2,song,3,happy,2,2,1,3,male
C:\Users\Grana\Documents\GitHub\Project_CSE432_MG\Project_CSE432-532\SER_Project\data\Audio_Song_Actors_01-24\Actor_03\03-02-03-02-02-02-03.wav,3,2,song,3,happy,2,2,2,3,male
C:\Users\Grana\Documents\GitHub\Project_CSE432_MG\Project_CSE432-532\SER_Project\data\Audio_Song_Actors_01-24\Actor_03\03-02-04-01-01-01-03.wav,3,2,song,4,sad,1,1,1,3,male
C:\Users\Grana\Documents\GitHub\Project_CSE432_MG\Project_CSE432-532\SER_Project\data\Audio_Song_Actors_01-24\Actor_03\03-02-04-01-01-02-03.wav,3,2,song,4,sad,1,1,2,3,male
C:\Users\Grana\Documents\GitHub\Project_CSE432_MG\Project_CSE432-532\SER_Project\data\Audio_Song_Actors_01-24\Actor_03\03-02-04-01-02-01-03.wav,3,2,song,4,sad,1,2,1,3,male
C:\Users\Grana\Documents\GitHub\Project_CSE432_MG\Project_CSE432-532\SER_Project\data\Audio_Song_Actors_01-24\Actor_03\03-02-04-01-02-02-03.wav,3,2,song,4,sad,1,2,2,3,male
C:\Users\Grana\Documents\GitHub\Project_CSE432_MG\Project_CSE432-532\SER_Project\data\Audio_Song_Actors_01-24\Actor_03\03-02-04-02-01-01-03.wav,3,2,song,4,sad,2,1,1,3,male
C:\Users\Grana\Documents\GitHub\Project_CSE432_MG\Project_CSE432-532\SER_Project\data\Audio_Song_Actors_01-24\Actor_03\03-02-04-02-01-02-03.wav,3,2,song,4,sad,2,1,2,3,male
C:\Users\Grana\Documents\GitHub\Project_CSE432_MG\Project_CSE432-532\SER_Project\data\Audio_Song_Actors_01-24\Actor_03\03-02-04-02-02-01-03.wav,3,2,song,4,sad,2,2,1,3,male
C:\Users\Grana\Documents\GitHub\Project_CSE432_MG\Project_CSE432-532\SER_Project\data\Audio_Song_Actors_01-24\Actor_03\03-02-04-02-02-02-03.wav,3,2,song,4,sad,2,2,2,3,male
C:\Users\Grana\Documents\GitHub\Project_CSE432_MG\Project_CSE432-532\SER_Project\data\Audio_Song_Actors_01-24\Actor_03\03-02-05-01-01-01-03.wav,3,2,song,5,angry,1,1,1,3,male
C:\Users\Grana\Documents\GitHub\Project_CSE432_MG\Project_CSE432-532\SER_Project\data\Audio_Song_Actors_01-24\Actor_03\03-02-05-01-01-02-03.wav,3,2,song,5,angry,1,1,2,3,male
C:\Users\Grana\Documents\GitHub\Project_CSE432_MG\Project_CSE432-532\SER_Project\data\Audio_Song_Actors_01-24\Actor_03\03-02-05-01-02-01-03.wav,3,2,song,5,angry,1,2,1,3,male
C:\Users\Grana\Documents\GitHub\Project_CSE432_MG\Project_CSE432-532\SER_Project\data\Audio_Song_Actors_01-24\Actor_03\03-02-05-01-02-02-03.wav,3,2,song,5,angry,1,2,2,3,male
C:\Users\Grana\Documents\GitHub\Project_CSE432_MG\Project_CSE432-532\SER_Project\data\Audio_Song_Actors_01-24\Actor_03\03-02-05-02-01-01-03.wav,3,2,song,5,angry,2,1,1,3,male
C:\Users\Grana\Documents\GitHub\Project_CSE432_MG\Project_CSE432-532\SER_Project\data\Audio_Song_Actors_01-24\Actor_03\03-02-05-02-01-02-03.wav,3,2,song,5,angry,2,1,2,3,male
C:\Users\Grana\Documents\GitHub\Project_CSE432_MG\Project_CSE432-532\SER_Project\data\Audio_Song_Actors_01-24\Actor_03\03-02-05-02-02-01-03.wav,3,2,song,5,angry,2,2,1,3,male
C:\Users\Grana\Documents\GitHub\Project_CSE432_MG\Project_CSE432-532\SER_Project\data\Audio_Song_Actors_01-24\Actor_03\03-02-05-02-02-02-03.wav,3,2,song,5,angry,2,2,2,3,male
C:\Users\Grana\Documents\GitHub\Project_CSE432_MG\Project_CSE432-532\SER_Project\data\Audio_Song_Actors_01-24\Actor_03\03-02-06-01-01-01-03.wav,3,2,song,6,fearful,1,1,1,3,male
C:\Users\Grana\Documents\GitHub\Project_CSE432_MG\Project_CSE432-532\SER_Project\data\Audio_Song_Actors_01-24\Actor_03\03-02-06-01-01-02-03.wav,3,2,song,6,fearful,1,1,2,3,male
C:\Users\Grana\Documents\GitHub\Project_CSE432_MG\Project_CSE432-532\SER_Project\data\Audio_Song_Actors_01-24\Actor_03\03-02-06-01-02-01-03.wav,3,2,song,6,fearful,1,2,1,3,male
C:\Users\Grana\Documents\GitHub\Project_CSE432_MG\Project_CSE432-532\SER_Project\data\Audio_Song_Actors_01-24\Actor_03\03-02-06-01-02-02-03.wav,3,2,song,6,fearful,1,2,2,3,male
C:\Users\Grana\Documents\GitHub\Project_CSE432_MG\Project_CSE432-532\SER_Project\data\Audio_Song_Actors_01-24\Actor_03\03-02-06-02-01-01-03.wav,3,2,song,6,fearful,2,1,1,3,male
C:\Users\Grana\Documents\GitHub\Project_CSE432_MG\Project_CSE432-532\SER_Project\data\Audio_Song_Actors_01-24\Actor_03\03-02-06-02-01-02-03.wav,3,2,song,6,fearful,2,1,2,3,male
C:\Users\Grana\Documents\GitHub\Project_CSE432_MG\Project_CSE432-532\SER_Project\data\Audio_Song_Actors_01-24\Actor_03\03-02-06-02-02-01-03.wav,3,2,song,6,fearful,2,2,1,3,male
C:\Users\Grana\Documents\GitHub\Project_CSE432_MG\Project_CSE432-532\SER_Project\data\Audio_Song_Actors_01-24\Actor_03\03-02-06-02-02-02-03.wav,3,2,song,6,fearful,2,2,2,3,male
C:\Users\Grana\Documents\GitHub\Project_CSE432_MG\Project_CSE432-532\SER_Project\data\Audio_Song_Actors_01-24\Actor_04\03-02-01-01-01-01-04.wav,3,2,song,1,neutral,1,1,1,4,female
C:\Users\Grana\Documents\GitHub\Project_CSE432_MG\Project_CSE432-532\SER_Project\data\Audio_Song_Actors_01-24\Actor_04\03-02-01-01-01-02-04.wav,3,2,song,1,neutral,1,1,2,4,female
C:\Users\Grana\Documents\GitHub\Project_CSE432_MG\Project_CSE432-532\SER_Project\data\Audio_Song_Actors_01-24\Actor_04\03-02-01-01-02-01-04.wav,3,2,song,1,neutral,1,2,1,4,female
C:\Users\Grana\Documents\GitHub\Project_CSE432_MG\Project_CSE432-532\SER_Project\data\Audio_Song_Actors_01-24\Actor_04\03-02-01-01-02-02-04.wav,3,2,song,1,neutral,1,2,2,4,female
C:\Users\Grana\Documents\GitHub\Project_CSE432_MG\Project_CSE432-532\SER_Project\data\Audio_Song_Actors_01-24\Actor_04\03-02-02-01-01-01-04.wav,3,2,song,2,calm,1,1,1,4,female
C:\Users\Grana\Documents\GitHub\Project_CSE432_MG\Project_CSE432-532\SER_Project\data\Audio_Song_Actors_01-24\Actor_04\03-02-02-01-01-02-04.wav,3,2,song,2,calm,1,1,2,4,female
C:\Users\Grana\Documents\GitHub\Project_CSE432_MG\Project_CSE432-532\SER_Project\data\Audio_Song_Actors_01-24\Actor_04\03-02-02-01-02-01-04.wav,3,2,song,2,calm,1,2,1,4,female
C:\Users\Grana\Documents\GitHub\Project_CSE432_MG\Project_CSE432-532\SER_Project\data\Audio_Song_Actors_01-24\Actor_04\03-02-02-01-02-02-04.wav,3,2,song,2,calm,1,2,2,4,female
C:\Users\Grana\Documents\GitHub\Project_CSE432_MG\Project_CSE432-532\SER_Project\data\Audio_Song_Actors_01-24\Actor_04\03-02-02-02-01-01-04.wav,3,2,song,2,calm,2,1,1,4,female
C:\Users\Grana\Documents\GitHub\Project_CSE432_MG\Project_CSE432-532\SER_Project\data\Audio_Song_Actors_01-24\Actor_04\03-02-02-02-01-02-04.wav,3,2,song,2,calm,2,1,2,4,female
C:\Users\Grana\Documents\GitHub\Project_CSE432_MG\Project_CSE432-532\SER_Project\data\Audio_Song_Actors_01-24\Actor_04\03-02-02-02-02-01-04.wav,3,2,song,2,calm,2,2,1,4,female
C:\Users\Grana\Documents\GitHub\Project_CSE432_MG\Project_CSE432-532\SER_Project\data\Audio_Song_Actors_01-24\Actor_04\03-02-02-02-02-02-04.wav,3,2,song,2,calm,2,2,2,4,female
C:\Users\Grana\Documents\GitHub\Project_CSE432_MG\Project_CSE432-532\SER_Project\data\Audio_Song_Actors_01-24\Actor_04\03-02-03-01-01-01-04.wav,3,2,song,3,happy,1,1,1,4,female
C:\Users\Grana\Documents\GitHub\Project_CSE432_MG\Project_CSE432-532\SER_Project\data\Audio_Song_Actors_01-24\Actor_04\03-02-03-01-01-02-04.wav,3,2,song,3,happy,1,1,2,4,female
C:\Users\Grana\Documents\GitHub\Project_CSE432_MG\Project_CSE432-532\SER_Project\data\Audio_Song_Actors_01-24\Actor_04\03-02-03-01-02-01-04.wav,3,2,song,3,happy,1,2,1,4,female
C:\Users\Grana\Documents\GitHub\Project_CSE432_MG\Project_CSE432-532\SER_Project\data\Audio_Song_Actors_01-24\Actor_04\03-02-03-01-02-02-04.wav,3,2,song,3,happy,1,2,2,4,female
C:\Users\Grana\Documents\GitHub\Project_CSE432_MG\Project_CSE432-532\SER_Project\data\Audio_Song_Actors_01-24\Actor_04\03-02-03-02-01-01-04.wav,3,2,song,3,happy,2,1,1,4,female
C:\Users\Grana\Documents\GitHub\Project_CSE432_MG\Project_CSE432-532\SER_Project\data\Audio_Song_Actors_01-24\Actor_04\03-02-03-02-01-02-04.wav,3,2,song,3,happy,2,1,2,4,female
C:\Users\Grana\Documents\GitHub\Project_CSE432_MG\Project_CSE432-532\SER_Project\data\Audio_Song_Actors_01-24\Actor_04\03-02-03-02-02-01-04.wav,3,2,song,3,happy,2,2,1,4,female
C:\Users\Grana\Documents\GitHub\Project_CSE432_MG\Project_CSE432-532\SER_Project\data\Audio_Song_Actors_01-24\Actor_04\03-02-03-02-02-02-04.wav,3,2,song,3,happy,2,2,2,4,female
C:\Users\Grana\Documents\GitHub\Project_CSE432_MG\Project_CSE432-532\SER_Project\data\Audio_Song_Actors_01-24\Actor_04\03-02-04-01-01-01-04.wav,3,2,song,4,sad,1,1,1,4,female
C:\Users\Grana\Documents\GitHub\Project_CSE432_MG\Project_CSE432-532\SER_Project\data\Audio_Song_Actors_01-24\Actor_04\03-02-04-01-01-02-04.wav,3,2,song,4,sad,1,1,2,4,female
C:\Users\Grana\Documents\GitHub\Project_CSE432_MG\Project_CSE432-532\SER_Project\data\Audio_Song_Actors_01-24\Actor_04\03-02-04-01-02-01-04.wav,3,2,song,4,sad,1,2,1,4,female
C:\Users\Grana\Documents\GitHub\Project_CSE432_MG\Project_CSE432-532\SER_Project\data\Audio_Song_Actors_01-24\Actor_04\03-02-04-01-02-02-04.wav,3,2,song,4,sad,1,2,2,4,female
C:\Users\Grana\Documents\GitHub\Project_CSE432_MG\Project_CSE432-532\SER_Project\data\Audio_Song_Actors_01-24\Actor_04\03-02-04-02-01-01-04.wav,3,2,song,4,sad,2,1,1,4,female
C:\Users\Grana\Documents\GitHub\Project_CSE432_MG\Project_CSE432-532\SER_Project\data\Audio_Song_Actors_01-24\Actor_04\03-02-04-02-01-02-04.wav,3,2,song,4,sad,2,1,2,4,female
C:\Users\Grana\Documents\GitHub\Project_CSE432_MG\Project_CSE432-532\SER_Project\data\Audio_Song_Actors_01-24\Actor_04\03-02-04-02-02-01-04.wav,3,2,song,4,sad,2,2,1,4,female
C:\Users\Grana\Documents\GitHub\Project_CSE432_MG\Project_CSE432-532\SER_Project\data\Audio_Song_Actors_01-24\Actor_04\03-02-04-02-02-02-04.wav,3,2,song,4,sad,2,2,2,4,female
C:\Users\Grana\Documents\GitHub\Project_CSE432_MG\Project_CSE432-532\SER_Project\data\Audio_Song_Actors_01-24\Actor_04\03-02-05-01-01-01-04.wav,3,2,song,5,angry,1,1,1,4,female
C:\Users\Grana\Documents\GitHub\Project_CSE432_MG\Project_CSE432-532\SER_Project\data\Audio_Song_Actors_01-24\Actor_04\03-02-05-01-01-02-04.wav,3,2,song,5,angry,1,1,2,4,female
C:\Users\Grana\Documents\GitHub\Project_CSE432_MG\Project_CSE432-532\SER_Project\data\Audio_Song_Actors_01-24\Actor_04\03-02-05-01-02-01-04.wav,3,2,song,5,angry,1,2,1,4,female
C:\Users\Grana\Documents\GitHub\Project_CSE432_MG\Project_CSE432-532\SER_Project\data\Audio_Song_Actors_01-24\Actor_04\03-02-05-01-02-02-04.wav,3,2,song,5,angry,1,2,2,4,female
C:\Users\Grana\Documents\GitHub\Project_CSE432_MG\Project_CSE432-532\SER_Project\data\Audio_Song_Actors_01-24\Actor_04\03-02-05-02-01-01-04.wav,3,2,song,5,angry,2,1,1,4,female
C:\Users\Grana\Documents\GitHub\Project_CSE432_MG\Project_CSE432-532\SER_Project\data\Audio_Song_Actors_01-24\Actor_04\03-02-05-02-01-02-04.wav,3,2,song,5,angry,2,1,2,4,female
C:\Users\Grana\Documents\GitHub\Project_CSE432_MG\Project_CSE432-532\SER_Project\data\Audio_Song_Actors_01-24\Actor_04\03-02-05-02-02-01-04.wav,3,2,song,5,angry,2,2,1,4,female
C:\Users\Grana\Documents\GitHub\Project_CSE432_MG\Project_CSE432-532\SER_Project\data\Audio_Song_Actors_01-24\Actor_04\03-02-05-02-02-02-04.wav,3,2,song,5,angry,2,2,2,4,female
C:\Users\Grana\Documents\GitHub\Project_CSE432_MG\Project_CSE432-532\SER_Project\data\Audio_Song_Actors_01-24\Actor_04\03-02-06-01-01-01-04.wav,3,2,song,6,fearful,1,1,1,4,female
C:\Users\Grana\Documents\GitHub\Project_CSE432_MG\Project_CSE432-532\SER_Project\data\Audio_Song_Actors_01-24\Actor_04\03-02-06-01-01-02-04.wav,3,2,song,6,fearful,1,1,2,4,female
C:\Users\Grana\Documents\GitHub\Project_CSE432_MG\Project_CSE432-532\SER_Project\data\Audio_Song_Actors_01-24\Actor_04\03-02-06-01-02-01-04.wav,3,2,song,6,fearful,1,2,1,4,female
C:\Users\Grana\Documents\GitHub\Project_CSE432_MG\Project_CSE432-532\SER_Project\data\Audio_Song_Actors_01-24\Actor_04\03-02-06-01-02-02-04.wav,3,2,song,6,fearful,1,2,2,4,female
C:\Users\Grana\Documents\GitHub\Project_CSE432_MG\Project_CSE432-532\SER_Project\data\Audio_Song_Actors_01-24\Actor_04\03-02-06-02-01-01-04.wav,3,2,song,6,fearful,2,1,1,4,female
C:\Users\Grana\Documents\GitHub\Project_CSE432_MG\Project_CSE432-532\SER_Project\data\Audio_Song_Actors_01-24\Actor_04\03-02-06-02-01-02-04.wav,3,2,song,6,fearful,2,1,2,4,female
C:\Users\Grana\Documents\GitHub\Project_CSE432_MG\Project_CSE432-532\SER_Project\data\Audio_Song_Actors_01-24\Actor_04\03-02-06-02-02-01-04.wav,3,2,song,6,fearful,2,2,1,4,female
C:\Users\Grana\Documents\GitHub\Project_CSE432_MG\Project_CSE432-532\SER_Project\data\Audio_Song_Actors_01-24\Actor_04\03-02-06-02-02-02-04.wav,3,2,song,6,fearful,2,2,2,4,female
C:\Users\Grana\Documents\GitHub\Project_CSE432_MG\Project_CSE432-532\SER_Project\data\Audio_Song_Actors_01-24\Actor_05\03-02-01-01-01-01-05.wav,3,2,song,1,neutral,1,1,1,5,male
C:\Users\Grana\Documents\GitHub\Project_CSE432_MG\Project_CSE432-532\SER_Project\data\Audio_Song_Actors_01-24\Actor_05\03-02-01-01-01-02-05.wav,3,2,song,1,neutral,1,1,2,5,male
C:\Users\Grana\Documents\GitHub\Project_CSE432_MG\Project_CSE432-532\SER_Project\data\Audio_Song_Actors_01-24\Actor_05\03-02-01-01-02-01-05.wav,3,2,song,1,neutral,1,2,1,5,male
C:\Users\Grana\Documents\GitHub\Project_CSE432_MG\Project_CSE432-532\SER_Project\data\Audio_Song_Actors_01-24\Actor_05\03-02-01-01-02-02-05.wav,3,2,song,1,neutral,1,2,2,5,male
C:\Users\Grana\Documents\GitHub\Project_CSE432_MG\Project_CSE432-532\SER_Project\data\Audio_Song_Actors_01-24\Actor_05\03-02-02-01-01-01-05.wav,3,2,song,2,calm,1,1,1,5,male
C:\Users\Grana\Documents\GitHub\Project_CSE432_MG\Project_CSE432-532\SER_Project\data\Audio_Song_Actors_01-24\Actor_05\03-02-02-01-01-02-05.wav,3,2,song,2,calm,1,1,2,5,male
C:\Users\Grana\Documents\GitHub\Project_CSE432_MG\Project_CSE432-532\SER_Project\data\Audio_Song_Actors_01-24\Actor_05\03-02-02-01-02-01-05.wav,3,2,song,2,calm,1,2,1,5,male
C:\Users\Grana\Documents\GitHub\Project_CSE432_MG\Project_CSE432-532\SER_Project\data\Audio_Song_Actors_01-24\Actor_05\03-02-02-01-02-02-05.wav,3,2,song,2,calm,1,2,2,5,male
C:\Users\Grana\Documents\GitHub\Project_CSE432_MG\Project_CSE432-532\SER_Project\data\Audio_Song_Actors_01-24\Actor_05\03-02-02-02-01-01-05.wav,3,2,song,2,calm,2,1,1,5,male
C:\Users\Grana\Documents\GitHub\Project_CSE432_MG\Project_CSE432-532\SER_Project\data\Audio_Song_Actors_01-24\Actor_05\03-02-02-02-01-02-05.wav,3,2,song,2,calm,2,1,2,5,male
C:\Users\Grana\Documents\GitHub\Project_CSE432_MG\Project_CSE432-532\SER_Project\data\Audio_Song_Actors_01-24\Actor_05\03-02-02-02-02-01-05.wav,3,2,song,2,calm,2,2,1,5,male
C:\Users\Grana\Documents\GitHub\Project_CSE432_MG\Project_CSE432-532\SER_Project\data\Audio_Song_Actors_01-24\Actor_05\03-02-02-02-02-02-05.wav,3,2,song,2,calm,2,2,2,5,male
C:\Users\Grana\Documents\GitHub\Project_CSE432_MG\Project_CSE432-532\SER_Project\data\Audio_Song_Actors_01-24\Actor_05\03-02-03-01-01-01-05.wav,3,2,song,3,happy,1,1,1,5,male
C:\Users\Grana\Documents\GitHub\Project_CSE432_MG\Project_CSE432-532\SER_Project\data\Audio_Song_Actors_01-24\Actor_05\03-02-03-01-01-02-05.wav,3,2,song,3,happy,1,1,2,5,male
C:\Users\Grana\Documents\GitHub\Project_CSE432_MG\Project_CSE432-532\SER_Project\data\Audio_Song_Actors_01-24\Actor_05\03-02-03-01-02-01-05.wav,3,2,song,3,happy,1,2,1,5,male
C:\Users\Grana\Documents\GitHub\Project_CSE432_MG\Project_CSE432-532\SER_Project\data\Audio_Song_Actors_01-24\Actor_05\03-02-03-01-02-02-05.wav,3,2,song,3,happy,1,2,2,5,male
C:\Users\Grana\Documents\GitHub\Project_CSE432_MG\Project_CSE432-532\SER_Project\data\Audio_Song_Actors_01-24\Actor_05\03-02-03-02-01-01-05.wav,3,2,song,3,happy,2,1,1,5,male
C:\Users\Grana\Documents\GitHub\Project_CSE432_MG\Project_CSE432-532\SER_Project\data\Audio_Song_Actors_01-24\Actor_05\03-02-03-02-01-02-05.wav,3,2,song,3,happy,2,1,2,5,male
C:\Users\Grana\Documents\GitHub\Project_CSE432_MG\Project_CSE432-532\SER_Project\data\Audio_Song_Actors_01-24\Actor_05\03-02-03-02-02-01-05.wav,3,2,song,3,happy,2,2,1,5,male
C:\Users\Grana\Documents\GitHub\Project_CSE432_MG\Project_CSE432-532\SER_Project\data\Audio_Song_Actors_01-24\Actor_05\03-02-03-02-02-02-05.wav,3,2,song,3,happy,2,2,2,5,male
C:\Users\Grana\Documents\GitHub\Project_CSE432_MG\Project_CSE432-532\SER_Project\data\Audio_Song_Actors_01-24\Actor_05\03-02-04-01-01-01-05.wav,3,2,song,4,sad,1,1,1,5,male
C:\Users\Grana\Documents\GitHub\Project_CSE432_MG\Project_CSE432-532\SER_Project\data\Audio_Song_Actors_01-24\Actor_05\03-02-04-01-01-02-05.wav,3,2,song,4,sad,1,1,2,5,male
C:\Users\Grana\Documents\GitHub\Project_CSE432_MG\Project_CSE432-532\SER_Project\data\Audio_Song_Actors_01-24\Actor_05\03-02-04-01-02-01-05.wav,3,2,song,4,sad,1,2,1,5,male
C:\Users\Grana\Documents\GitHub\Project_CSE432_MG\Project_CSE432-532\SER_Project\data\Audio_Song_Actors_01-24\Actor_05\03-02-04-01-02-02-05.wav,3,2,song,4,sad,1,2,2,5,male
C:\Users\Grana\Documents\GitHub\Project_CSE432_MG\Project_CSE432-532\SER_Project\data\Audio_Song_Actors_01-24\Actor_05\03-02-04-02-01-01-05.wav,3,2,song,4,sad,2,1,1,5,male
C:\Users\Grana\Documents\GitHub\Project_CSE432_MG\Project_CSE432-532\SER_Project\data\Audio_Song_Actors_01-24\Actor_05\03-02-04-02-01-02-05.wav,3,2,song,4,sad,2,1,2,5,male
C:\Users\Grana\Documents\GitHub\Project_CSE432_MG\Project_CSE432-532\SER_Project\data\Audio_Song_Actors_01-24\Actor_05\03-02-04-02-02-01-05.wav,3,2,song,4,sad,2,2,1,5,male
C:\Users\Grana\Documents\GitHub\Project_CSE432_MG\Project_CSE432-532\SER_Project\data\Audio_Song_Actors_01-24\Actor_05\03-02-04-02-02-02-05.wav,3,2,song,4,sad,2,2,2,5,male
C:\Users\Grana\Documents\GitHub\Project_CSE432_MG\Project_CSE432-532\SER_Project\data\Audio_Song_Actors_01-24\Actor_05\03-02-05-01-01-01-05.wav,3,2,song,5,angry,1,1,1,5,male
C:\Users\Grana\Documents\GitHub\Project_CSE432_MG\Project_CSE432-532\SER_Project\data\Audio_Song_Actors_01-24\Actor_05\03-02-05-01-01-02-05.wav,3,2,song,5,angry,1,1,2,5,male
C:\Users\Grana\Documents\GitHub\Project_CSE432_MG\Project_CSE432-532\SER_Project\data\Audio_Song_Actors_01-24\Actor_05\03-02-05-01-02-01-05.wav,3,2,song,5,angry,1,2,1,5,male
C:\Users\Grana\Documents\GitHub\Project_CSE432_MG\Project_CSE432-532\SER_Project\data\Audio_Song_Actors_01-24\Actor_05\03-02-05-01-02-02-05.wav,3,2,song,5,angry,1,2,2,5,male
C:\Users\Grana\Documents\GitHub\Project_CSE432_MG\Project_CSE432-532\SER_Project\data\Audio_Song_Actors_01-24\Actor_05\03-02-05-02-01-01-05.wav,3,2,song,5,angry,2,1,1,5,male
C:\Users\Grana\Documents\GitHub\Project_CSE432_MG\Project_CSE432-532\SER_Project\data\Audio_Song_Actors_01-24\Actor_05\03-02-05-02-01-02-05.wav,3,2,song,5,angry,2,1,2,5,male
C:\Users\Grana\Documents\GitHub\Project_CSE432_MG\Project_CSE432-532\SER_Project\data\Audio_Song_Actors_01-24\Actor_05\03-02-05-02-02-01-05.wav,3,2,song,5,angry,2,2,1,5,male
C:\Users\Grana\Documents\GitHub\Project_CSE432_MG\Project_CSE432-532\SER_Project\data\Audio_Song_Actors_01-24\Actor_05\03-02-05-02-02-02-05.wav,3,2,song,5,angry,2,2,2,5,male
C:\Users\Grana\Documents\GitHub\Project_CSE432_MG\Project_CSE432-532\SER_Project\data\Audio_Song_Actors_01-24\Actor_05\03-02-06-01-01-01-05.wav,3,2,song,6,fearful,1,1,1,5,male
C:\Users\Grana\Documents\GitHub\Project_CSE432_MG\Project_CSE432-532\SER_Project\data\Audio_Song_Actors_01-24\Actor_05\03-02-06-01-01-02-05.wav,3,2,song,6,fearful,1,1,2,5,male
C:\Users\Grana\Documents\GitHub\Project_CSE432_MG\Project_CSE432-532\SER_Project\data\Audio_Song_Actors_01-24\Actor_05\03-02-06-01-02-01-05.wav,3,2,song,6,fearful,1,2,1,5,male
C:\Users\Grana\Documents\GitHub\Project_CSE432_MG\Project_CSE432-532\SER_Project\data\Audio_Song_Actors_01-24\Actor_05\03-02-06-01-02-02-05.wav,3,2,song,6,fearful,1,2,2,5,male
C:\Users\Grana\Documents\GitHub\Project_CSE432_MG\Project_CSE432-532\SER_Project\data\Audio_Song_Actors_01-24\Actor_05\03-02-06-02-01-01-05.wav,3,2,song,6,fearful,2,1,1,5,male
C:\Users\Grana\Documents\GitHub\Project_CSE432_MG\Project_CSE432-532\SER_Project\data\Audio_Song_Actors_01-24\Actor_05\03-02-06-02-01-02-05.wav,3,2,song,6,fearful,2,1,2,5,male
C:\Users\Grana\Documents\GitHub\Project_CSE432_MG\Project_CSE432-532\SER_Project\data\Audio_Song_Actors_01-24\Actor_05\03-02-06-02-02-01-05.wav,3,2,song,6,fearful,2,2,1,5,male
C:\Users\Grana\Documents\GitHub\Project_CSE432_MG\Project_CSE432-532\SER_Project\data\Audio_Song_Actors_01-24\Actor_05\03-02-06-02-02-02-05.wav,3,2,song,6,fearful,2,2,2,5,male
C:\Users\Grana\Documents\GitHub\Project_CSE432_MG\Project_CSE432-532\SER_Project\data\Audio_Song_Actors_01-24\Actor_06\03-02-01-01-01-01-06.wav,3,2,song,1,neutral,1,1,1,6,female
C:\Users\Grana\Documents\GitHub\Project_CSE432_MG\Project_CSE432-532\SER_Project\data\Audio_Song_Actors_01-24\Actor_06\03-02-01-01-01-02-06.wav,3,2,song,1,neutral,1,1,2,6,female
C:\Users\Grana\Documents\GitHub\Project_CSE432_MG\Project_CSE432-532\SER_Project\data\Audio_Song_Actors_01-24\Actor_06\03-02-01-01-02-01-06.wav,3,2,song,1,neutral,1,2,1,6,female
C:\Users\Grana\Documents\GitHub\Project_CSE432_MG\Project_CSE432-532\SER_Project\data\Audio_Song_Actors_01-24\Actor_06\03-02-01-01-02-02-06.wav,3,2,song,1,neutral,1,2,2,6,female
C:\Users\Grana\Documents\GitHub\Project_CSE432_MG\Project_CSE432-532\SER_Project\data\Audio_Song_Actors_01-24\Actor_06\03-02-02-01-01-01-06.wav,3,2,song,2,calm,1,1,1,6,female
C:\Users\Grana\Documents\GitHub\Project_CSE432_MG\Project_CSE432-532\SER_Project\data\Audio_Song_Actors_01-24\Actor_06\03-02-02-01-01-02-06.wav,3,2,song,2,calm,1,1,2,6,female
C:\Users\Grana\Documents\GitHub\Project_CSE432_MG\Project_CSE432-532\SER_Project\data\Audio_Song_Actors_01-24\Actor_06\03-02-02-01-02-01-06.wav,3,2,song,2,calm,1,2,1,6,female
C:\Users\Grana\Documents\GitHub\Project_CSE432_MG\Project_CSE432-532\SER_Project\data\Audio_Song_Actors_01-24\Actor_06\03-02-02-01-02-02-06.wav,3,2,song,2,calm,1,2,2,6,female
C:\Users\Grana\Documents\GitHub\Project_CSE432_MG\Project_CSE432-532\SER_Project\data\Audio_Song_Actors_01-24\Actor_06\03-02-02-02-01-01-06.wav,3,2,song,2,calm,2,1,1,6,female
C:\Users\Grana\Documents\GitHub\Project_CSE432_MG\Project_CSE432-532\SER_Project\data\Audio_Song_Actors_01-24\Actor_06\03-02-02-02-01-02-06.wav,3,2,song,2,calm,2,1,2,6,female
C:\Users\Grana\Documents\GitHub\Project_CSE432_MG\Project_CSE432-532\SER_Project\data\Audio_Song_Actors_01-24\Actor_06\03-02-02-02-02-01-06.wav,3,2,song,2,calm,2,2,1,6,female
C:\Users\Grana\Documents\GitHub\Project_CSE432_MG\Project_CSE432-532\SER_Project\data\Audio_Song_Actors_01-24\Actor_06\03-02-02-02-02-02-06.wav,3,2,song,2,calm,2,2,2,6,female
C:\Users\Grana\Documents\GitHub\Project_CSE432_MG\Project_CSE432-532\SER_Project\data\Audio_Song_Actors_01-24\Actor_06\03-02-03-01-01-01-06.wav,3,2,song,3,happy,1,1,1,6,female
C:\Users\Grana\Documents\GitHub\Project_CSE432_MG\Project_CSE432-532\SER_Project\data\Audio_Song_Actors_01-24\Actor_06\03-02-03-01-01-02-06.wav,3,2,song,3,happy,1,1,2,6,female
C:\Users\Grana\Documents\GitHub\Project_CSE432_MG\Project_CSE432-532\SER_Project\data\Audio_Song_Actors_01-24\Actor_06\03-02-03-01-02-01-06.wav,3,2,song,3,happy,1,2,1,6,female
C:\Users\Grana\Documents\GitHub\Project_CSE432_MG\Project_CSE432-532\SER_Project\data\Audio_Song_Actors_01-24\Actor_06\03-02-03-01-02-02-06.wav,3,2,song,3,happy,1,2,2,6,female
C:\Users\Grana\Documents\GitHub\Project_CSE432_MG\Project_CSE432-532\SER_Project\data\Audio_Song_Actors_01-24\Actor_06\03-02-03-02-01-01-06.wav,3,2,song,3,happy,2,1,1,6,female
C:\Users\Grana\Documents\GitHub\Project_CSE432_MG\Project_CSE432-532\SER_Project\data\Audio_Song_Actors_01-24\Actor_06\03-02-03-02-01-02-06.wav,3,2,song,3,happy,2,1,2,6,female
C:\Users\Grana\Documents\GitHub\Project_CSE432_MG\Project_CSE432-532\SER_Project\data\Audio_Song_Actors_01-24\Actor_06\03-02-03-02-02-01-06.wav,3,2,song,3,happy,2,2,1,6,female
C:\Users\Grana\Documents\GitHub\Project_CSE432_MG\Project_CSE432-532\SER_Project\data\Audio_Song_Actors_01-24\Actor_06\03-02-03-02-02-02-06.wav,3,2,song,3,happy,2,2,2,6,female
C:\Users\Grana\Documents\GitHub\Project_CSE432_MG\Project_CSE432-532\SER_Project\data\Audio_Song_Actors_01-24\Actor_06\03-02-04-01-01-01-06.wav,3,2,song,4,sad,1,1,1,6,female
C:\Users\Grana\Documents\GitHub\Project_CSE432_MG\Project_CSE432-532\SER_Project\data\Audio_Song_Actors_01-24\Actor_06\03-02-04-01-01-02-06.wav,3,2,song,4,sad,1,1,2,6,female
C:\Users\Grana\Documents\GitHub\Project_CSE432_MG\Project_CSE432-532\SER_Project\data\Audio_Song_Actors_01-24\Actor_06\03-02-04-01-02-01-06.wav,3,2,song,4,sad,1,2,1,6,female
C:\Users\Grana\Documents\GitHub\Project_CSE432_MG\Project_CSE432-532\SER_Project\data\Audio_Song_Actors_01-24\Actor_06\03-02-04-01-02-02-06.wav,3,2,song,4,sad,1,2,2,6,female
C:\Users\Grana\Documents\GitHub\Project_CSE432_MG\Project_CSE432-532\SER_Project\data\Audio_Song_Actors_01-24\Actor_06\03-02-04-02-01-01-06.wav,3,2,song,4,sad,2,1,1,6,female
C:\Users\Grana\Documents\GitHub\Project_CSE432_MG\Project_CSE432-532\SER_Project\data\Audio_Song_Actors_01-24\Actor_06\03-02-04-02-01-02-06.wav,3,2,song,4,sad,2,1,2,6,female
C:\Users\Grana\Documents\GitHub\Project_CSE432_MG\Project_CSE432-532\SER_Project\data\Audio_Song_Actors_01-24\Actor_06\03-02-04-02-02-01-06.wav,3,2,song,4,sad,2,2,1,6,female
C:\Users\Grana\Documents\GitHub\Project_CSE432_MG\Project_CSE432-532\SER_Project\data\Audio_Song_Actors_01-24\Actor_06\03-02-04-02-02-02-06.wav,3,2,song,4,sad,2,2,2,6,female
C:\Users\Grana\Documents\GitHub\Project_CSE432_MG\Project_CSE432-532\SER_Project\data\Audio_Song_Actors_01-24\Actor_06\03-02-05-01-01-01-06.wav,3,2,song,5,angry,1,1,1,6,female
C:\Users\Grana\Documents\GitHub\Project_CSE432_MG\Project_CSE432-532\SER_Project\data\Audio_Song_Actors_01-24\Actor_06\03-02-05-01-01-02-06.wav,3,2,song,5,angry,1,1,2,6,female
C:\Users\Grana\Documents\GitHub\Project_CSE432_MG\Project_CSE432-532\SER_Project\data\Audio_Song_Actors_01-24\Actor_06\03-02-05-01-02-01-06.wav,3,2,song,5,angry,1,2,1,6,female
C:\Users\Grana\Documents\GitHub\Project_CSE432_MG\Project_CSE432-532\SER_Project\data\Audio_Song_Actors_01-24\Actor_06\03-02-05-01-02-02-06.wav,3,2,song,5,angry,1,2,2,6,female
C:\Users\Grana\Documents\GitHub\Project_CSE432_MG\Project_CSE432-532\SER_Project\data\Audio_Song_Actors_01-24\Actor_06\03-02-05-02-01-01-06.wav,3,2,song,5,angry,2,1,1,6,female
C:\Users\Grana\Documents\GitHub\Project_CSE432_MG\Project_CSE432-532\SER_Project\data\Audio_Song_Actors_01-24\Actor_06\03-02-05-02-01-02-06.wav,3,2,song,5,angry,2,1,2,6,female
C:\Users\Grana\Documents\GitHub\Project_CSE432_MG\Project_CSE432-532\SER_Project\data\Audio_Song_Actors_01-24\Actor_06\03-02-05-02-02-01-06.wav,3,2,song,5,angry,2,2,1,6,female
C:\Users\Grana\Documents\GitHub\Project_CSE432_MG\Project_CSE432-532\SER_Project\data\Audio_Song_Actors_01-24\Actor_06\03-02-05-02-02-02-06.wav,3,2,song,5,angry,2,2,2,6,female
C:\Users\Grana\Documents\GitHub\Project_CSE432_MG\Project_CSE432-532\SER_Project\data\Audio_Song_Actors_01-24\Actor_06\03-02-06-01-01-01-06.wav,3,2,song,6,fearful,1,1,1,6,female
C:\Users\Grana\Documents\GitHub\Project_CSE432_MG\Project_CSE432-532\SER_Project\data\Audio_Song_Actors_01-24\Actor_06\03-02-06-01-01-02-06.wav,3,2,song,6,fearful,1,1,2,6,female
C:\Users\Grana\Documents\GitHub\Project_CSE432_MG\Project_CSE432-532\SER_Project\data\Audio_Song_Actors_01-24\Actor_06\03-02-06-01-02-01-06.wav,3,2,song,6,fearful,1,2,1,6,female
C:\Users\Grana\Documents\GitHub\Project_CSE432_MG\Project_CSE432-532\SER_Project\data\Audio_Song_Actors_01-24\Actor_06\03-02-06-01-02-02-06.wav,3,2,song,6,fearful,1,2,2,6,female
C:\Users\Grana\Documents\GitHub\Project_CSE432_MG\Project_CSE432-532\SER_Project\data\Audio_Song_Actors_01-24\Actor_06\03-02-06-02-01-01-06.wav,3,2,song,6,fearful,2,1,1,6,female
C:\Users\Grana\Documents\GitHub\Project_CSE432_MG\Project_CSE432-532\SER_Project\data\Audio_Song_Actors_01-24\Actor_06\03-02-06-02-01-02-06.wav,3,2,song,6,fearful,2,1,2,6,female
C:\Users\Grana\Documents\GitHub\Project_CSE432_MG\Project_CSE432-532\SER_Project\data\Audio_Song_Actors_01-24\Actor_06\03-02-06-02-02-01-06.wav,3,2,song,6,fearful,2,2,1,6,female
C:\Users\Grana\Documents\GitHub\Project_CSE432_MG\Project_CSE432-532\SER_Project\data\Audio_Song_Actors_01-24\Actor_06\03-02-06-02-02-02-06.wav,3,2,song,6,fearful,2,2,2,6,female
C:\Users\Grana\Documents\GitHub\Project_CSE432_MG\Project_CSE432-532\SER_Project\data\Audio_Song_Actors_01-24\Actor_07\03-02-01-01-01-01-07.wav,3,2,song,1,neutral,1,1,1,7,male
C:\Users\Grana\Documents\GitHub\Project_CSE432_MG\Project_CSE432-532\SER_Project\data\Audio_Song_Actors_01-24\Actor_07\03-02-01-01-01-02-07.wav,3,2,song,1,neutral,1,1,2,7,male
C:\Users\Grana\Documents\GitHub\Project_CSE432_MG\Project_CSE432-532\SER_Project\data\Audio_Song_Actors_01-24\Actor_07\03-02-01-01-02-01-07.wav,3,2,song,1,neutral,1,2,1,7,male
C:\Users\Grana\Documents\GitHub\Project_CSE432_MG\Project_CSE432-532\SER_Project\data\Audio_Song_Actors_01-24\Actor_07\03-02-01-01-02-02-07.wav,3,2,song,1,neutral,1,2,2,7,male
C:\Users\Grana\Documents\GitHub\Project_CSE432_MG\Project_CSE432-532\SER_Project\data\Audio_Song_Actors_01-24\Actor_07\03-02-02-01-01-01-07.wav,3,2,song,2,calm,1,1,1,7,male
C:\Users\Grana\Documents\GitHub\Project_CSE432_MG\Project_CSE432-532\SER_Project\data\Audio_Song_Actors_01-24\Actor_07\03-02-02-01-01-02-07.wav,3,2,song,2,calm,1,1,2,7,male
C:\Users\Grana\Documents\GitHub\Project_CSE432_MG\Project_CSE432-532\SER_Project\data\Audio_Song_Actors_01-24\Actor_07\03-02-02-01-02-01-07.wav,3,2,song,2,calm,1,2,1,7,male
C:\Users\Grana\Documents\GitHub\Project_CSE432_MG\Project_CSE432-532\SER_Project\data\Audio_Song_Actors_01-24\Actor_07\03-02-02-01-02-02-07.wav,3,2,song,2,calm,1,2,2,7,male
C:\Users\Grana\Documents\GitHub\Project_CSE432_MG\Project_CSE432-532\SER_Project\data\Audio_Song_Actors_01-24\Actor_07\03-02-02-02-01-01-07.wav,3,2,song,2,calm,2,1,1,7,male
C:\Users\Grana\Documents\GitHub\Project_CSE432_MG\Project_CSE432-532\SER_Project\data\Audio_Song_Actors_01-24\Actor_07\03-02-02-02-01-02-07.wav,3,2,song,2,calm,2,1,2,7,male
C:\Users\Grana\Documents\GitHub\Project_CSE432_MG\Project_CSE432-532\SER_Project\data\Audio_Song_Actors_01-24\Actor_07\03-02-02-02-02-01-07.wav,3,2,song,2,calm,2,2,1,7,male
C:\Users\Grana\Documents\GitHub\Project_CSE432_MG\Project_CSE432-532\SER_Project\data\Audio_Song_Actors_01-24\Actor_07\03-02-02-02-02-02-07.wav,3,2,song,2,calm,2,2,2,7,male
C:\Users\Grana\Documents\GitHub\Project_CSE432_MG\Project_CSE432-532\SER_Project\data\Audio_Song_Actors_01-24\Actor_07\03-02-03-01-01-01-07.wav,3,2,song,3,happy,1,1,1,7,male
C:\Users\Grana\Documents\GitHub\Project_CSE432_MG\Project_CSE432-532\SER_Project\data\Audio_Song_Actors_01-24\Actor_07\03-02-03-01-01-02-07.wav,3,2,song,3,happy,1,1,2,7,male
C:\Users\Grana\Documents\GitHub\Project_CSE432_MG\Project_CSE432-532\SER_Project\data\Audio_Song_Actors_01-24\Actor_07\03-02-03-01-02-01-07.wav,3,2,song,3,happy,1,2,1,7,male
C:\Users\Grana\Documents\GitHub\Project_CSE432_MG\Project_CSE432-532\SER_Project\data\Audio_Song_Actors_01-24\Actor_07\03-02-03-01-02-02-07.wav,3,2,song,3,happy,1,2,2,7,male
C:\Users\Grana\Documents\GitHub\Project_CSE432_MG\Project_CSE432-532\SER_Project\data\Audio_Song_Actors_01-24\Actor_07\03-02-03-02-01-01-07.wav,3,2,song,3,happy,2,1,1,7,male
C:\Users\Grana\Documents\GitHub\Project_CSE432_MG\Project_CSE432-532\SER_Project\data\Audio_Song_Actors_01-24\Actor_07\03-02-03-02-01-02-07.wav,3,2,song,3,happy,2,1,2,7,male
C:\Users\Grana\Documents\GitHub\Project_CSE432_MG\Project_CSE432-532\SER_Project\data\Audio_Song_Actors_01-24\Actor_07\03-02-03-02-02-01-07.wav,3,2,song,3,happy,2,2,1,7,male
C:\Users\Grana\Documents\GitHub\Project_CSE432_MG\Project_CSE432-532\SER_Project\data\Audio_Song_Actors_01-24\Actor_07\03-02-03-02-02-02-07.wav,3,2,song,3,happy,2,2,2,7,male
C:\Users\Grana\Documents\GitHub\Project_CSE432_MG\Project_CSE432-532\SER_Project\data\Audio_Song_Actors_01-24\Actor_07\03-02-04-01-01-01-07.wav,3,2,song,4,sad,1,1,1,7,male
C:\Users\Grana\Documents\GitHub\Project_CSE432_MG\Project_CSE432-532\SER_Project\data\Audio_Song_Actors_01-24\Actor_07\03-02-04-01-01-02-07.wav,3,2,song,4,sad,1,1,2,7,male
C:\Users\Grana\Documents\GitHub\Project_CSE432_MG\Project_CSE432-532\SER_Project\data\Audio_Song_Actors_01-24\Actor_07\03-02-04-01-02-01-07.wav,3,2,song,4,sad,1,2,1,7,male
C:\Users\Grana\Documents\GitHub\Project_CSE432_MG\Project_CSE432-532\SER_Project\data\Audio_Song_Actors_01-24\Actor_07\03-02-04-01-02-02-07.wav,3,2,song,4,sad,1,2,2,7,male
C:\Users\Grana\Documents\GitHub\Project_CSE432_MG\Project_CSE432-532\SER_Project\data\Audio_Song_Actors_01-24\Actor_07\03-02-04-02-01-01-07.wav,3,2,song,4,sad,2,1,1,7,male
C:\Users\Grana\Documents\GitHub\Project_CSE432_MG\Project_CSE432-532\SER_Project\data\Audio_Song_Actors_01-24\Actor_07\03-02-04-02-01-02-07.wav,3,2,song,4,sad,2,1,2,7,male
C:\Users\Grana\Documents\GitHub\Project_CSE432_MG\Project_CSE432-532\SER_Project\data\Audio_Song_Actors_01-24\Actor_07\03-02-04-02-02-01-07.wav,3,2,song,4,sad,2,2,1,7,male
C:\Users\Grana\Documents\GitHub\Project_CSE432_MG\Project_CSE432-532\SER_Project\data\Audio_Song_Actors_01-24\Actor_07\03-02-04-02-02-02-07.wav,3,2,song,4,sad,2,2,2,7,male
C:\Users\Grana\Documents\GitHub\Project_CSE432_MG\Project_CSE432-532\SER_Project\data\Audio_Song_Actors_01-24\Actor_07\03-02-05-01-01-01-07.wav,3,2,song,5,angry,1,1,1,7,male
C:\Users\Grana\Documents\GitHub\Project_CSE432_MG\Project_CSE432-532\SER_Project\data\Audio_Song_Actors_01-24\Actor_07\03-02-05-01-01-02-07.wav,3,2,song,5,angry,1,1,2,7,male
C:\Users\Grana\Documents\GitHub\Project_CSE432_MG\Project_CSE432-532\SER_Project\data\Audio_Song_Actors_01-24\Actor_07\03-02-05-01-02-01-07.wav,3,2,song,5,angry,1,2,1,7,male
C:\Users\Grana\Documents\GitHub\Project_CSE432_MG\Project_CSE432-532\SER_Project\data\Audio_Song_Actors_01-24\Actor_07\03-02-05-01-02-02-07.wav,3,2,song,5,angry,1,2,2,7,male
C:\Users\Grana\Documents\GitHub\Project_CSE432_MG\Project_CSE432-532\SER_Project\data\Audio_Song_Actors_01-24\Actor_07\03-02-05-02-01-01-07.wav,3,2,song,5,angry,2,1,1,7,male
C:\Users\Grana\Documents\GitHub\Project_CSE432_MG\Project_CSE432-532\SER_Project\data\Audio_Song_Actors_01-24\Actor_07\03-02-05-02-01-02-07.wav,3,2,song,5,angry,2,1,2,7,male
C:\Users\Grana\Documents\GitHub\Project_CSE432_MG\Project_CSE432-532\SER_Project\data\Audio_Song_Actors_01-24\Actor_07\03-02-05-02-02-01-07.wav,3,2,song,5,angry,2,2,1,7,male
C:\Users\Grana\Documents\GitHub\Project_CSE432_MG\Project_CSE432-532\SER_Project\data\Audio_Song_Actors_01-24\Actor_07\03-02-05-02-02-02-07.wav,3,2,song,5,angry,2,2,2,7,male
C:\Users\Grana\Documents\GitHub\Project_CSE432_MG\Project_CSE432-532\SER_Project\data\Audio_Song_Actors_01-24\Actor_07\03-02-06-01-01-01-07.wav,3,2,song,6,fearful,1,1,1,7,male
C:\Users\Grana\Documents\GitHub\Project_CSE432_MG\Project_CSE432-532\SER_Project\data\Audio_Song_Actors_01-24\Actor_07\03-02-06-01-01-02-07.wav,3,2,song,6,fearful,1,1,2,7,male
C:\Users\Grana\Documents\GitHub\Project_CSE432_MG\Project_CSE432-532\SER_Project\data\Audio_Song_Actors_01-24\Actor_07\03-02-06-01-02-01-07.wav,3,2,song,6,fearful,1,2,1,7,male
C:\Users\Grana\Documents\GitHub\Project_CSE432_MG\Project_CSE432-532\SER_Project\data\Audio_Song_Actors_01-24\Actor_07\03-02-06-01-02-02-07.wav,3,2,song,6,fearful,1,2,2,7,male
C:\Users\Grana\Documents\GitHub\Project_CSE432_MG\Project_CSE432-532\SER_Project\data\Audio_Song_Actors_01-24\Actor_07\03-02-06-02-01-01-07.wav,3,2,song,6,fearful,2,1,1,7,male
C:\Users\Grana\Documents\GitHub\Project_CSE432_MG\Project_CSE432-532\SER_Project\data\Audio_Song_Actors_01-24\Actor_07\03-02-06-02-01-02-07.wav,3,2,song,6,fearful,2,1,2,7,male
C:\Users\Grana\Documents\GitHub\Project_CSE432_MG\Project_CSE432-532\SER_Project\data\Audio_Song_Actors_01-24\Actor_07\03-02-06-02-02-01-07.wav,3,2,song,6,fearful,2,2,1,7,male
C:\Users\Grana\Documents\GitHub\Project_CSE432_MG\Project_CSE432-532\SER_Project\data\Audio_Song_Actors_01-24\Actor_07\03-02-06-02-02-02-07.wav,3,2,song,6,fearful,2,2,2,7,male
C:\Users\Grana\Documents\GitHub\Project_CSE432_MG\Project_CSE432-532\SER_Project\data\Audio_Song_Actors_01-24\Actor_08\03-02-01-01-01-01-08.wav,3,2,song,1,neutral,1,1,1,8,female
C:\Users\Grana\Documents\GitHub\Project_CSE432_MG\Project_CSE432-532\SER_Project\data\Audio_Song_Actors_01-24\Actor_08\03-02-01-01-01-02-08.wav,3,2,song,1,neutral,1,1,2,8,female
C:\Users\Grana\Documents\GitHub\Project_CSE432_MG\Project_CSE432-532\SER_Project\data\Audio_Song_Actors_01-24\Actor_08\03-02-01-01-02-01-08.wav,3,2,song,1,neutral,1,2,1,8,female
C:\Users\Grana\Documents\GitHub\Project_CSE432_MG\Project_CSE432-532\SER_Project\data\Audio_Song_Actors_01-24\Actor_08\03-02-01-01-02-02-08.wav,3,2,song,1,neutral,1,2,2,8,female
C:\Users\Grana\Documents\GitHub\Project_CSE432_MG\Project_CSE432-532\SER_Project\data\Audio_Song_Actors_01-24\Actor_08\03-02-02-01-01-01-08.wav,3,2,song,2,calm,1,1,1,8,female
C:\Users\Grana\Documents\GitHub\Project_CSE432_MG\Project_CSE432-532\SER_Project\data\Audio_Song_Actors_01-24\Actor_08\03-02-02-01-01-02-08.wav,3,2,song,2,calm,1,1,2,8,female
C:\Users\Grana\Documents\GitHub\Project_CSE432_MG\Project_CSE432-532\SER_Project\data\Audio_Song_Actors_01-24\Actor_08\03-02-02-01-02-01-08.wav,3,2,song,2,calm,1,2,1,8,female
C:\Users\Grana\Documents\GitHub\Project_CSE432_MG\Project_CSE432-532\SER_Project\data\Audio_Song_Actors_01-24\Actor_08\03-02-02-01-02-02-08.wav,3,2,song,2,calm,1,2,2,8,female
C:\Users\Grana\Documents\GitHub\Project_CSE432_MG\Project_CSE432-532\SER_Project\data\Audio_Song_Actors_01-24\Actor_08\03-02-02-02-01-01-08.wav,3,2,song,2,calm,2,1,1,8,female
C:\Users\Grana\Documents\GitHub\Project_CSE432_MG\Project_CSE432-532\SER_Project\data\Audio_Song_Actors_01-24\Actor_08\03-02-02-02-01-02-08.wav,3,2,song,2,calm,2,1,2,8,female
C:\Users\Grana\Documents\GitHub\Project_CSE432_MG\Project_CSE432-532\SER_Project\data\Audio_Song_Actors_01-24\Actor_08\03-02-02-02-02-01-08.wav,3,2,song,2,calm,2,2,1,8,female
C:\Users\Grana\Documents\GitHub\Project_CSE432_MG\Project_CSE432-532\SER_Project\data\Audio_Song_Actors_01-24\Actor_08\03-02-02-02-02-02-08.wav,3,2,song,2,calm,2,2,2,8,female
C:\Users\Grana\Documents\GitHub\Project_CSE432_MG\Project_CSE432-532\SER_Project\data\Audio_Song_Actors_01-24\Actor_08\03-02-03-01-01-01-08.wav,3,2,song,3,happy,1,1,1,8,female
C:\Users\Grana\Documents\GitHub\Project_CSE432_MG\Project_CSE432-532\SER_Project\data\Audio_Song_Actors_01-24\Actor_08\03-02-03-01-01-02-08.wav,3,2,song,3,happy,1,1,2,8,female
C:\Users\Grana\Documents\GitHub\Project_CSE432_MG\Project_CSE432-532\SER_Project\data\Audio_Song_Actors_01-24\Actor_08\03-02-03-01-02-01-08.wav,3,2,song,3,happy,1,2,1,8,female
C:\Users\Grana\Documents\GitHub\Project_CSE432_MG\Project_CSE432-532\SER_Project\data\Audio_Song_Actors_01-24\Actor_08\03-02-03-01-02-02-08.wav,3,2,song,3,happy,1,2,2,8,female
C:\Users\Grana\Documents\GitHub\Project_CSE432_MG\Project_CSE432-532\SER_Project\data\Audio_Song_Actors_01-24\Actor_08\03-02-03-02-01-01-08.wav,3,2,song,3,happy,2,1,1,8,female
C:\Users\Grana\Documents\GitHub\Project_CSE432_MG\Project_CSE432-532\SER_Project\data\Audio_Song_Actors_01-24\Actor_08\03-02-03-02-01-02-08.wav,3,2,song,3,happy,2,1,2,8,female
C:\Users\Grana\Documents\GitHub\Project_CSE432_MG\Project_CSE432-532\SER_Project\data\Audio_Song_Actors_01-24\Actor_08\03-02-03-02-02-01-08.wav,3,2,song,3,happy,2,2,1,8,female
C:\Users\Grana\Documents\GitHub\Project_CSE432_MG\Project_CSE432-532\SER_Project\data\Audio_Song_Actors_01-24\Actor_08\03-02-03-02-02-02-08.wav,3,2,song,3,happy,2,2,2,8,female
C:\Users\Grana\Documents\GitHub\Project_CSE432_MG\Project_CSE432-532\SER_Project\data\Audio_Song_Actors_01-24\Actor_08\03-02-04-01-01-01-08.wav,3,2,song,4,sad,1,1,1,8,female
C:\Users\Grana\Documents\GitHub\Project_CSE432_MG\Project_CSE432-532\SER_Project\data\Audio_Song_Actors_01-24\Actor_08\03-02-04-01-01-02-08.wav,3,2,song,4,sad,1,1,2,8,female
C:\Users\Grana\Documents\GitHub\Project_CSE432_MG\Project_CSE432-532\SER_Project\data\Audio_Song_Actors_01-24\Actor_08\03-02-04-01-02-01-08.wav,3,2,song,4,sad,1,2,1,8,female
C:\Users\Grana\Documents\GitHub\Project_CSE432_MG\Project_CSE432-532\SER_Project\data\Audio_Song_Actors_01-24\Actor_08\03-02-04-01-02-02-08.wav,3,2,song,4,sad,1,2,2,8,female
C:\Users\Grana\Documents\GitHub\Project_CSE432_MG\Project_CSE432-532\SER_Project\data\Audio_Song_Actors_01-24\Actor_08\03-02-04-02-01-01-08.wav,3,2,song,4,sad,2,1,1,8,female
C:\Users\Grana\Documents\GitHub\Project_CSE432_MG\Project_CSE432-532\SER_Project\data\Audio_Song_Actors_01-24\Actor_08\03-02-04-02-01-02-08.wav,3,2,song,4,sad,2,1,2,8,female
C:\Users\Grana\Documents\GitHub\Project_CSE432_MG\Project_CSE432-532\SER_Project\data\Audio_Song_Actors_01-24\Actor_08\03-02-04-02-02-01-08.wav,3,2,song,4,sad,2,2,1,8,female
C:\Users\Grana\Documents\GitHub\Project_CSE432_MG\Project_CSE432-532\SER_Project\data\Audio_Song_Actors_01-24\Actor_08\03-02-04-02-02-02-08.wav,3,2,song,4,sad,2,2,2,8,female
C:\Users\Grana\Documents\GitHub\Project_CSE432_MG\Project_CSE432-532\SER_Project\data\Audio_Song_Actors_01-24\Actor_08\03-02-05-01-01-01-08.wav,3,2,song,5,angry,1,1,1,8,female
C:\Users\Grana\Documents\GitHub\Project_CSE432_MG\Project_CSE432-532\SER_Project\data\Audio_Song_Actors_01-24\Actor_08\03-02-05-01-01-02-08.wav,3,2,song,5,angry,1,1,2,8,female
C:\Users\Grana\Documents\GitHub\Project_CSE432_MG\Project_CSE432-532\SER_Project\data\Audio_Song_Actors_01-24\Actor_08\03-02-05-01-02-01-08.wav,3,2,song,5,angry,1,2,1,8,female
C:\Users\Grana\Documents\GitHub\Project_CSE432_MG\Project_CSE432-532\SER_Project\data\Audio_Song_Actors_01-24\Actor_08\03-02-05-01-02-02-08.wav,3,2,song,5,angry,1,2,2,8,female
C:\Users\Grana\Documents\GitHub\Project_CSE432_MG\Project_CSE432-532\SER_Project\data\Audio_Song_Actors_01-24\Actor_08\03-02-05-02-01-01-08.wav,3,2,song,5,angry,2,1,1,8,female
C:\Users\Grana\Documents\GitHub\Project_CSE432_MG\Project_CSE432-532\SER_Project\data\Audio_Song_Actors_01-24\Actor_08\03-02-05-02-01-02-08.wav,3,2,song,5,angry,2,1,2,8,female
C:\Users\Grana\Documents\GitHub\Project_CSE432_MG\Project_CSE432-532\SER_Project\data\Audio_Song_Actors_01-24\Actor_08\03-02-05-02-02-01-08.wav,3,2,song,5,angry,2,2,1,8,female
C:\Users\Grana\Documents\GitHub\Project_CSE432_MG\Project_CSE432-532\SER_Project\data\Audio_Song_Actors_01-24\Actor_08\03-02-05-02-02-02-08.wav,3,2,song,5,angry,2,2,2,8,female
C:\Users\Grana\Documents\GitHub\Project_CSE432_MG\Project_CSE432-532\SER_Project\data\Audio_Song_Actors_01-24\Actor_08\03-02-06-01-01-01-08.wav,3,2,song,6,fearful,1,1,1,8,female
C:\Users\Grana\Documents\GitHub\Project_CSE432_MG\Project_CSE432-532\SER_Project\data\Audio_Song_Actors_01-24\Actor_08\03-02-06-01-01-02-08.wav,3,2,song,6,fearful,1,1,2,8,female
C:\Users\Grana\Documents\GitHub\Project_CSE432_MG\Project_CSE432-532\SER_Project\data\Audio_Song_Actors_01-24\Actor_08\03-02-06-01-02-01-08.wav,3,2,song,6,fearful,1,2,1,8,female
C:\Users\Grana\Documents\GitHub\Project_CSE432_MG\Project_CSE432-532\SER_Project\data\Audio_Song_Actors_01-24\Actor_08\03-02-06-01-02-02-08.wav,3,2,song,6,fearful,1,2,2,8,female
C:\Users\Grana\Documents\GitHub\Project_CSE432_MG\Project_CSE432-532\SER_Project\data\Audio_Song_Actors_01-24\Actor_08\03-02-06-02-01-01-08.wav,3,2,song,6,fearful,2,1,1,8,female
C:\Users\Grana\Documents\GitHub\Project_CSE432_MG\Project_CSE432-532\SER_Project\data\Audio_Song_Actors_01-24\Actor_08\03-02-06-02-01-02-08.wav,3,2,song,6,fearful,2,1,2,8,female
C:\Users\Grana\Documents\GitHub\Project_CSE432_MG\Project_CSE432-532\SER_Project\data\Audio_Song_Actors_01-24\Actor_08\03-02-06-02-02-01-08.wav,3,2,song,6,fearful,2,2,1,8,female
C:\Users\Grana\Documents\GitHub\Project_CSE432_MG\Project_CSE432-532\SER_Project\data\Audio_Song_Actors_01-24\Actor_08\03-02-06-02-02-02-08.wav,3,2,song,6,fearful,2,2,2,8,female
C:\Users\Grana\Documents\GitHub\Project_CSE432_MG\Project_CSE432-532\SER_Project\data\Audio_Song_Actors_01-24\Actor_09\03-02-01-01-01-01-09.wav,3,2,song,1,neutral,1,1,1,9,male
C:\Users\Grana\Documents\GitHub\Project_CSE432_MG\Project_CSE432-532\SER_Project\data\Audio_Song_Actors_01-24\Actor_09\03-02-01-01-01-02-09.wav,3,2,song,1,neutral,1,1,2,9,male
C:\Users\Grana\Documents\GitHub\Project_CSE432_MG\Project_CSE432-532\SER_Project\data\Audio_Song_Actors_01-24\Actor_09\03-02-01-01-02-01-09.wav,3,2,song,1,neutral,1,2,1,9,male
C:\Users\Grana\Documents\GitHub\Project_CSE432_MG\Project_CSE432-532\SER_Project\data\Audio_Song_Actors_01-24\Actor_09\03-02-01-01-02-02-09.wav,3,2,song,1,neutral,1,2,2,9,male
C:\Users\Grana\Documents\GitHub\Project_CSE432_MG\Project_CSE432-532\SER_Project\data\Audio_Song_Actors_01-24\Actor_09\03-02-02-01-01-01-09.wav,3,2,song,2,calm,1,1,1,9,male
C:\Users\Grana\Documents\GitHub\Project_CSE432_MG\Project_CSE432-532\SER_Project\data\Audio_Song_Actors_01-24\Actor_09\03-02-02-01-01-02-09.wav,3,2,song,2,calm,1,1,2,9,male
C:\Users\Grana\Documents\GitHub\Project_CSE432_MG\Project_CSE432-532\SER_Project\data\Audio_Song_Actors_01-24\Actor_09\03-02-02-01-02-01-09.wav,3,2,song,2,calm,1,2,1,9,male
C:\Users\Grana\Documents\GitHub\Project_CSE432_MG\Project_CSE432-532\SER_Project\data\Audio_Song_Actors_01-24\Actor_09\03-02-02-01-02-02-09.wav,3,2,song,2,calm,1,2,2,9,male
C:\Users\Grana\Documents\GitHub\Project_CSE432_MG\Project_CSE432-532\SER_Project\data\Audio_Song_Actors_01-24\Actor_09\03-02-02-02-01-01-09.wav,3,2,song,2,calm,2,1,1,9,male
C:\Users\Grana\Documents\GitHub\Project_CSE432_MG\Project_CSE432-532\SER_Project\data\Audio_Song_Actors_01-24\Actor_09\03-02-02-02-01-02-09.wav,3,2,song,2,calm,2,1,2,9,male
C:\Users\Grana\Documents\GitHub\Project_CSE432_MG\Project_CSE432-532\SER_Project\data\Audio_Song_Actors_01-24\Actor_09\03-02-02-02-02-01-09.wav,3,2,song,2,calm,2,2,1,9,male
C:\Users\Grana\Documents\GitHub\Project_CSE432_MG\Project_CSE432-532\SER_Project\data\Audio_Song_Actors_01-24\Actor_09\03-02-02-02-02-02-09.wav,3,2,song,2,calm,2,2,2,9,male
C:\Users\Grana\Documents\GitHub\Project_CSE432_MG\Project_CSE432-532\SER_Project\data\Audio_Song_Actors_01-24\Actor_09\03-02-03-01-01-01-09.wav,3,2,song,3,happy,1,1,1,9,male
C:\Users\Grana\Documents\GitHub\Project_CSE432_MG\Project_CSE432-532\SER_Project\data\Audio_Song_Actors_01-24\Actor_09\03-02-03-01-01-02-09.wav,3,2,song,3,happy,1,1,2,9,male
C:\Users\Grana\Documents\GitHub\Project_CSE432_MG\Project_CSE432-532\SER_Project\data\Audio_Song_Actors_01-24\Actor_09\03-02-03-01-02-01-09.wav,3,2,song,3,happy,1,2,1,9,male
C:\Users\Grana\Documents\GitHub\Project_CSE432_MG\Project_CSE432-532\SER_Project\data\Audio_Song_Actors_01-24\Actor_09\03-02-03-01-02-02-09.wav,3,2,song,3,happy,1,2,2,9,male
C:\Users\Grana\Documents\GitHub\Project_CSE432_MG\Project_CSE432-532\SER_Project\data\Audio_Song_Actors_01-24\Actor_09\03-02-03-02-01-01-09.wav,3,2,song,3,happy,2,1,1,9,male
C:\Users\Grana\Documents\GitHub\Project_CSE432_MG\Project_CSE432-532\SER_Project\data\Audio_Song_Actors_01-24\Actor_09\03-02-03-02-01-02-09.wav,3,2,song,3,happy,2,1,2,9,male
C:\Users\Grana\Documents\GitHub\Project_CSE432_MG\Project_CSE432-532\SER_Project\data\Audio_Song_Actors_01-24\Actor_09\03-02-03-02-02-01-09.wav,3,2,song,3,happy,2,2,1,9,male
C:\Users\Grana\Documents\GitHub\Project_CSE432_MG\Project_CSE432-532\SER_Project\data\Audio_Song_Actors_01-24\Actor_09\03-02-03-02-02-02-09.wav,3,2,song,3,happy,2,2,2,9,male
C:\Users\Grana\Documents\GitHub\Project_CSE432_MG\Project_CSE432-532\SER_Project\data\Audio_Song_Actors_01-24\Actor_09\03-02-04-01-01-01-09.wav,3,2,song,4,sad,1,1,1,9,male
C:\Users\Grana\Documents\GitHub\Project_CSE432_MG\Project_CSE432-532\SER_Project\data\Audio_Song_Actors_01-24\Actor_09\03-02-04-01-01-02-09.wav,3,2,song,4,sad,1,1,2,9,male
C:\Users\Grana\Documents\GitHub\Project_CSE432_MG\Project_CSE432-532\SER_Project\data\Audio_Song_Actors_01-24\Actor_09\03-02-04-01-02-01-09.wav,3,2,song,4,sad,1,2,1,9,male
C:\Users\Grana\Documents\GitHub\Project_CSE432_MG\Project_CSE432-532\SER_Project\data\Audio_Song_Actors_01-24\Actor_09\03-02-04-01-02-02-09.wav,3,2,song,4,sad,1,2,2,9,male
C:\Users\Grana\Documents\GitHub\Project_CSE432_MG\Project_CSE432-532\SER_Project\data\Audio_Song_Actors_01-24\Actor_09\03-02-04-02-01-01-09.wav,3,2,song,4,sad,2,1,1,9,male
C:\Users\Grana\Documents\GitHub\Project_CSE432_MG\Project_CSE432-532\SER_Project\data\Audio_Song_Actors_01-24\Actor_09\03-02-04-02-01-02-09.wav,3,2,song,4,sad,2,1,2,9,male
C:\Users\Grana\Documents\GitHub\Project_CSE432_MG\Project_CSE432-532\SER_Project\data\Audio_Song_Actors_01-24\Actor_09\03-02-04-02-02-01-09.wav,3,2,song,4,sad,2,2,1,9,male
C:\Users\Grana\Documents\GitHub\Project_CSE432_MG\Project_CSE432-532\SER_Project\data\Audio_Song_Actors_01-24\Actor_09\03-02-04-02-02-02-09.wav,3,2,song,4,sad,2,2,2,9,male
C:\Users\Grana\Documents\GitHub\Project_CSE432_MG\Project_CSE432-532\SER_Project\data\Audio_Song_Actors_01-24\Actor_09\03-02-05-01-01-01-09.wav,3,2,song,5,angry,1,1,1,9,male
C:\Users\Grana\Documents\GitHub\Project_CSE432_MG\Project_CSE432-532\SER_Project\data\Audio_Song_Actors_01-24\Actor_09\03-02-05-01-01-02-09.wav,3,2,song,5,angry,1,1,2,9,male
C:\Users\Grana\Documents\GitHub\Project_CSE432_MG\Project_CSE432-532\SER_Project\data\Audio_Song_Actors_01-24\Actor_09\03-02-05-01-02-01-09.wav,3,2,song,5,angry,1,2,1,9,male
C:\Users\Grana\Documents\GitHub\Project_CSE432_MG\Project_CSE432-532\SER_Project\data\Audio_Song_Actors_01-24\Actor_09\03-02-05-01-02-02-09.wav,3,2,song,5,angry,1,2,2,9,male
C:\Users\Grana\Documents\GitHub\Project_CSE432_MG\Project_CSE432-532\SER_Project\data\Audio_Song_Actors_01-24\Actor_09\03-02-05-02-01-01-09.wav,3,2,song,5,angry,2,1,1,9,male
C:\Users\Grana\Documents\GitHub\Project_CSE432_MG\Project_CSE432-532\SER_Project\data\Audio_Song_Actors_01-24\Actor_09\03-02-05-02-01-02-09.wav,3,2,song,5,angry,2,1,2,9,male
C:\Users\Grana\Documents\GitHub\Project_CSE432_MG\Project_CSE432-532\SER_Project\data\Audio_Song_Actors_01-24\Actor_09\03-02-05-02-02-01-09.wav,3,2,song,5,angry,2,2,1,9,male
C:\Users\Grana\Documents\GitHub\Project_CSE432_MG\Project_CSE432-532\SER_Project\data\Audio_Song_Actors_01-24\Actor_09\03-02-05-02-02-02-09.wav,3,2,song,5,angry,2,2,2,9,male
C:\Users\Grana\Documents\GitHub\Project_CSE432_MG\Project_CSE432-532\SER_Project\data\Audio_Song_Actors_01-24\Actor_09\03-02-06-01-01-01-09.wav,3,2,song,6,fearful,1,1,1,9,male
C:\Users\Grana\Documents\GitHub\Project_CSE432_MG\Project_CSE432-532\SER_Project\data\Audio_Song_Actors_01-24\Actor_09\03-02-06-01-01-02-09.wav,3,2,song,6,fearful,1,1,2,9,male
C:\Users\Grana\Documents\GitHub\Project_CSE432_MG\Project_CSE432-532\SER_Project\data\Audio_Song_Actors_01-24\Actor_09\03-02-06-01-02-01-09.wav,3,2,song,6,fearful,1,2,1,9,male
C:\Users\Grana\Documents\GitHub\Project_CSE432_MG\Project_CSE432-532\SER_Project\data\Audio_Song_Actors_01-24\Actor_09\03-02-06-01-02-02-09.wav,3,2,song,6,fearful,1,2,2,9,male
C:\Users\Grana\Documents\GitHub\Project_CSE432_MG\Project_CSE432-532\SER_Project\data\Audio_Song_Actors_01-24\Actor_09\03-02-06-02-01-01-09.wav,3,2,song,6,fearful,2,1,1,9,male
C:\Users\Grana\Documents\GitHub\Project_CSE432_MG\Project_CSE432-532\SER_Project\data\Audio_Song_Actors_01-24\Actor_09\03-02-06-02-01-02-09.wav,3,2,song,6,fearful,2,1,2,9,male
C:\Users\Grana\Documents\GitHub\Project_CSE432_MG\Project_CSE432-532\SER_Project\data\Audio_Song_Actors_01-24\Actor_09\03-02-06-02-02-01-09.wav,3,2,song,6,fearful,2,2,1,9,male
C:\Users\Grana\Documents\GitHub\Project_CSE432_MG\Project_CSE432-532\SER_Project\data\Audio_Song_Actors_01-24\Actor_09\03-02-06-02-02-02-09.wav,3,2,song,6,fearful,2,2,2,9,male
C:\Users\Grana\Documents\GitHub\Project_CSE432_MG\Project_CSE432-532\SER_Project\data\Audio_Song_Actors_01-24\Actor_10\03-02-01-01-01-01-10.wav,3,2,song,1,neutral,1,1,1,10,female
C:\Users\Grana\Documents\GitHub\Project_CSE432_MG\Project_CSE432-532\SER_Project\data\Audio_Song_Actors_01-24\Actor_10\03-02-01-01-01-02-10.wav,3,2,song,1,neutral,1,1,2,10,female
C:\Users\Grana\Documents\GitHub\Project_CSE432_MG\Project_CSE432-532\SER_Project\data\Audio_Song_Actors_01-24\Actor_10\03-02-01-01-02-01-10.wav,3,2,song,1,neutral,1,2,1,10,female
C:\Users\Grana\Documents\GitHub\Project_CSE432_MG\Project_CSE432-532\SER_Project\data\Audio_Song_Actors_01-24\Actor_10\03-02-01-01-02-02-10.wav,3,2,song,1,neutral,1,2,2,10,female
C:\Users\Grana\Documents\GitHub\Project_CSE432_MG\Project_CSE432-532\SER_Project\data\Audio_Song_Actors_01-24\Actor_10\03-02-02-01-01-01-10.wav,3,2,song,2,calm,1,1,1,10,female
C:\Users\Grana\Documents\GitHub\Project_CSE432_MG\Project_CSE432-532\SER_Project\data\Audio_Song_Actors_01-24\Actor_10\03-02-02-01-01-02-10.wav,3,2,song,2,calm,1,1,2,10,female
C:\Users\Grana\Documents\GitHub\Project_CSE432_MG\Project_CSE432-532\SER_Project\data\Audio_Song_Actors_01-24\Actor_10\03-02-02-01-02-01-10.wav,3,2,song,2,calm,1,2,1,10,female
C:\Users\Grana\Documents\GitHub\Project_CSE432_MG\Project_CSE432-532\SER_Project\data\Audio_Song_Actors_01-24\Actor_10\03-02-02-01-02-02-10.wav,3,2,song,2,calm,1,2,2,10,female
C:\Users\Grana\Documents\GitHub\Project_CSE432_MG\Project_CSE432-532\SER_Project\data\Audio_Song_Actors_01-24\Actor_10\03-02-02-02-01-01-10.wav,3,2,song,2,calm,2,1,1,10,female
C:\Users\Grana\Documents\GitHub\Project_CSE432_MG\Project_CSE432-532\SER_Project\data\Audio_Song_Actors_01-24\Actor_10\03-02-02-02-01-02-10.wav,3,2,song,2,calm,2,1,2,10,female
C:\Users\Grana\Documents\GitHub\Project_CSE432_MG\Project_CSE432-532\SER_Project\data\Audio_Song_Actors_01-24\Actor_10\03-02-02-02-02-01-10.wav,3,2,song,2,calm,2,2,1,10,female
C:\Users\Grana\Documents\GitHub\Project_CSE432_MG\Project_CSE432-532\SER_Project\data\Audio_Song_Actors_01-24\Actor_10\03-02-02-02-02-02-10.wav,3,2,song,2,calm,2,2,2,10,female
C:\Users\Grana\Documents\GitHub\Project_CSE432_MG\Project_CSE432-532\SER_Project\data\Audio_Song_Actors_01-24\Actor_10\03-02-03-01-01-01-10.wav,3,2,song,3,happy,1,1,1,10,female
C:\Users\Grana\Documents\GitHub\Project_CSE432_MG\Project_CSE432-532\SER_Project\data\Audio_Song_Actors_01-24\Actor_10\03-02-03-01-01-02-10.wav,3,2,song,3,happy,1,1,2,10,female
C:\Users\Grana\Documents\GitHub\Project_CSE432_MG\Project_CSE432-532\SER_Project\data\Audio_Song_Actors_01-24\Actor_10\03-02-03-01-02-01-10.wav,3,2,song,3,happy,1,2,1,10,female
C:\Users\Grana\Documents\GitHub\Project_CSE432_MG\Project_CSE432-532\SER_Project\data\Audio_Song_Actors_01-24\Actor_10\03-02-03-01-02-02-10.wav,3,2,song,3,happy,1,2,2,10,female
C:\Users\Grana\Documents\GitHub\Project_CSE432_MG\Project_CSE432-532\SER_Project\data\Audio_Song_Actors_01-24\Actor_10\03-02-03-02-01-01-10.wav,3,2,song,3,happy,2,1,1,10,female
C:\Users\Grana\Documents\GitHub\Project_CSE432_MG\Project_CSE432-532\SER_Project\data\Audio_Song_Actors_01-24\Actor_10\03-02-03-02-01-02-10.wav,3,2,song,3,happy,2,1,2,10,female
C:\Users\Grana\Documents\GitHub\Project_CSE432_MG\Project_CSE432-532\SER_Project\data\Audio_Song_Actors_01-24\Actor_10\03-02-03-02-02-01-10.wav,3,2,song,3,happy,2,2,1,10,female
C:\Users\Grana\Documents\GitHub\Project_CSE432_MG\Project_CSE432-532\SER_Project\data\Audio_Song_Actors_01-24\Actor_10\03-02-03-02-02-02-10.wav,3,2,song,3,happy,2,2,2,10,female
C:\Users\Grana\Documents\GitHub\Project_CSE432_MG\Project_CSE432-532\SER_Project\data\Audio_Song_Actors_01-24\Actor_10\03-02-04-01-01-01-10.wav,3,2,song,4,sad,1,1,1,10,female
C:\Users\Grana\Documents\GitHub\Project_CSE432_MG\Project_CSE432-532\SER_Project\data\Audio_Song_Actors_01-24\Actor_10\03-02-04-01-01-02-10.wav,3,2,song,4,sad,1,1,2,10,female
C:\Users\Grana\Documents\GitHub\Project_CSE432_MG\Project_CSE432-532\SER_Project\data\Audio_Song_Actors_01-24\Actor_10\03-02-04-01-02-01-10.wav,3,2,song,4,sad,1,2,1,10,female
C:\Users\Grana\Documents\GitHub\Project_CSE432_MG\Project_CSE432-532\SER_Project\data\Audio_Song_Actors_01-24\Actor_10\03-02-04-01-02-02-10.wav,3,2,song,4,sad,1,2,2,10,female
C:\Users\Grana\Documents\GitHub\Project_CSE432_MG\Project_CSE432-532\SER_Project\data\Audio_Song_Actors_01-24\Actor_10\03-02-04-02-01-01-10.wav,3,2,song,4,sad,2,1,1,10,female
C:\Users\Grana\Documents\GitHub\Project_CSE432_MG\Project_CSE432-532\SER_Project\data\Audio_Song_Actors_01-24\Actor_10\03-02-04-02-01-02-10.wav,3,2,song,4,sad,2,1,2,10,female
C:\Users\Grana\Documents\GitHub\Project_CSE432_MG\Project_CSE432-532\SER_Project\data\Audio_Song_Actors_01-24\Actor_10\03-02-04-02-02-01-10.wav,3,2,song,4,sad,2,2,1,10,female
C:\Users\Grana\Documents\GitHub\Project_CSE432_MG\Project_CSE432-532\SER_Project\data\Audio_Song_Actors_01-24\Actor_10\03-02-04-02-02-02-10.wav,3,2,song,4,sad,2,2,2,10,female
C:\Users\Grana\Documents\GitHub\Project_CSE432_MG\Project_CSE432-532\SER_Project\data\Audio_Song_Actors_01-24\Actor_10\03-02-05-01-01-01-10.wav,3,2,song,5,angry,1,1,1,10,female
C:\Users\Grana\Documents\GitHub\Project_CSE432_MG\Project_CSE432-532\SER_Project\data\Audio_Song_Actors_01-24\Actor_10\03-02-05-01-01-02-10.wav,3,2,song,5,angry,1,1,2,10,female
C:\Users\Grana\Documents\GitHub\Project_CSE432_MG\Project_CSE432-532\SER_Project\data\Audio_Song_Actors_01-24\Actor_10\03-02-05-01-02-01-10.wav,3,2,song,5,angry,1,2,1,10,female
C:\Users\Grana\Documents\GitHub\Project_CSE432_MG\Project_CSE432-532\SER_Project\data\Audio_Song_Actors_01-24\Actor_10\03-02-05-01-02-02-10.wav,3,2,song,5,angry,1,2,2,10,female
C:\Users\Grana\Documents\GitHub\Project_CSE432_MG\Project_CSE432-532\SER_Project\data\Audio_Song_Actors_01-24\Actor_10\03-02-05-02-01-01-10.wav,3,2,song,5,angry,2,1,1,10,female
C:\Users\Grana\Documents\GitHub\Project_CSE432_MG\Project_CSE432-532\SER_Project\data\Audio_Song_Actors_01-24\Actor_10\03-02-05-02-01-02-10.wav,3,2,song,5,angry,2,1,2,10,female
C:\Users\Grana\Documents\GitHub\Project_CSE432_MG\Project_CSE432-532\SER_Project\data\Audio_Song_Actors_01-24\Actor_10\03-02-05-02-02-01-10.wav,3,2,song,5,angry,2,2,1,10,female
C:\Users\Grana\Documents\GitHub\Project_CSE432_MG\Project_CSE432-532\SER_Project\data\Audio_Song_Actors_01-24\Actor_10\03-02-05-02-02-02-10.wav,3,2,song,5,angry,2,2,2,10,female
C:\Users\Grana\Documents\GitHub\Project_CSE432_MG\Project_CSE432-532\SER_Project\data\Audio_Song_Actors_01-24\Actor_10\03-02-06-01-01-01-10.wav,3,2,song,6,fearful,1,1,1,10,female
C:\Users\Grana\Documents\GitHub\Project_CSE432_MG\Project_CSE432-532\SER_Project\data\Audio_Song_Actors_01-24\Actor_10\03-02-06-01-01-02-10.wav,3,2,song,6,fearful,1,1,2,10,female
C:\Users\Grana\Documents\GitHub\Project_CSE432_MG\Project_CSE432-532\SER_Project\data\Audio_Song_Actors_01-24\Actor_10\03-02-06-01-02-01-10.wav,3,2,song,6,fearful,1,2,1,10,female
C:\Users\Grana\Documents\GitHub\Project_CSE432_MG\Project_CSE432-532\SER_Project\data\Audio_Song_Actors_01-24\Actor_10\03-02-06-01-02-02-10.wav,3,2,song,6,fearful,1,2,2,10,female
C:\Users\Grana\Documents\GitHub\Project_CSE432_MG\Project_CSE432-532\SER_Project\data\Audio_Song_Actors_01-24\Actor_10\03-02-06-02-01-01-10.wav,3,2,song,6,fearful,2,1,1,10,female
C:\Users\Grana\Documents\GitHub\Project_CSE432_MG\Project_CSE432-532\SER_Project\data\Audio_Song_Actors_01-24\Actor_10\03-02-06-02-01-02-10.wav,3,2,song,6,fearful,2,1,2,10,female
C:\Users\Grana\Documents\GitHub\Project_CSE432_MG\Project_CSE432-532\SER_Project\data\Audio_Song_Actors_01-24\Actor_10\03-02-06-02-02-01-10.wav,3,2,song,6,fearful,2,2,1,10,female
C:\Users\Grana\Documents\GitHub\Project_CSE432_MG\Project_CSE432-532\SER_Project\data\Audio_Song_Actors_01-24\Actor_10\03-02-06-02-02-02-10.wav,3,2,song,6,fearful,2,2,2,10,female
C:\Users\Grana\Documents\GitHub\Project_CSE432_MG\Project_CSE432-532\SER_Project\data\Audio_Song_Actors_01-24\Actor_11\03-02-01-01-01-01-11.wav,3,2,song,1,neutral,1,1,1,11,male
C:\Users\Grana\Documents\GitHub\Project_CSE432_MG\Project_CSE432-532\SER_Project\data\Audio_Song_Actors_01-24\Actor_11\03-02-01-01-01-02-11.wav,3,2,song,1,neutral,1,1,2,11,male
C:\Users\Grana\Documents\GitHub\Project_CSE432_MG\Project_CSE432-532\SER_Project\data\Audio_Song_Actors_01-24\Actor_11\03-02-01-01-02-01-11.wav,3,2,song,1,neutral,1,2,1,11,male
C:\Users\Grana\Documents\GitHub\Project_CSE432_MG\Project_CSE432-532\SER_Project\data\Audio_Song_Actors_01-24\Actor_11\03-02-01-01-02-02-11.wav,3,2,song,1,neutral,1,2,2,11,male
C:\Users\Grana\Documents\GitHub\Project_CSE432_MG\Project_CSE432-532\SER_Project\data\Audio_Song_Actors_01-24\Actor_11\03-02-02-01-01-01-11.wav,3,2,song,2,calm,1,1,1,11,male
C:\Users\Grana\Documents\GitHub\Project_CSE432_MG\Project_CSE432-532\SER_Project\data\Audio_Song_Actors_01-24\Actor_11\03-02-02-01-01-02-11.wav,3,2,song,2,calm,1,1,2,11,male
C:\Users\Grana\Documents\GitHub\Project_CSE432_MG\Project_CSE432-532\SER_Project\data\Audio_Song_Actors_01-24\Actor_11\03-02-02-01-02-01-11.wav,3,2,song,2,calm,1,2,1,11,male
C:\Users\Grana\Documents\GitHub\Project_CSE432_MG\Project_CSE432-532\SER_Project\data\Audio_Song_Actors_01-24\Actor_11\03-02-02-01-02-02-11.wav,3,2,song,2,calm,1,2,2,11,male
C:\Users\Grana\Documents\GitHub\Project_CSE432_MG\Project_CSE432-532\SER_Project\data\Audio_Song_Actors_01-24\Actor_11\03-02-02-02-01-01-11.wav,3,2,song,2,calm,2,1,1,11,male
C:\Users\Grana\Documents\GitHub\Project_CSE432_MG\Project_CSE432-532\SER_Project\data\Audio_Song_Actors_01-24\Actor_11\03-02-02-02-01-02-11.wav,3,2,song,2,calm,2,1,2,11,male
C:\Users\Grana\Documents\GitHub\Project_CSE432_MG\Project_CSE432-532\SER_Project\data\Audio_Song_Actors_01-24\Actor_11\03-02-02-02-02-01-11.wav,3,2,song,2,calm,2,2,1,11,male
C:\Users\Grana\Documents\GitHub\Project_CSE432_MG\Project_CSE432-532\SER_Project\data\Audio_Song_Actors_01-24\Actor_11\03-02-02-02-02-02-11.wav,3,2,song,2,calm,2,2,2,11,male
C:\Users\Grana\Documents\GitHub\Project_CSE432_MG\Project_CSE432-532\SER_Project\data\Audio_Song_Actors_01-24\Actor_11\03-02-03-01-01-01-11.wav,3,2,song,3,happy,1,1,1,11,male
C:\Users\Grana\Documents\GitHub\Project_CSE432_MG\Project_CSE432-532\SER_Project\data\Audio_Song_Actors_01-24\Actor_11\03-02-03-01-01-02-11.wav,3,2,song,3,happy,1,1,2,11,male
C:\Users\Grana\Documents\GitHub\Project_CSE432_MG\Project_CSE432-532\SER_Project\data\Audio_Song_Actors_01-24\Actor_11\03-02-03-01-02-01-11.wav,3,2,song,3,happy,1,2,1,11,male
C:\Users\Grana\Documents\GitHub\Project_CSE432_MG\Project_CSE432-532\SER_Project\data\Audio_Song_Actors_01-24\Actor_11\03-02-03-01-02-02-11.wav,3,2,song,3,happy,1,2,2,11,male
C:\Users\Grana\Documents\GitHub\Project_CSE432_MG\Project_CSE432-532\SER_Project\data\Audio_Song_Actors_01-24\Actor_11\03-02-03-02-01-01-11.wav,3,2,song,3,happy,2,1,1,11,male
C:\Users\Grana\Documents\GitHub\Project_CSE432_MG\Project_CSE432-532\SER_Project\data\Audio_Song_Actors_01-24\Actor_11\03-02-03-02-01-02-11.wav,3,2,song,3,happy,2,1,2,11,male
C:\Users\Grana\Documents\GitHub\Project_CSE432_MG\Project_CSE432-532\SER_Project\data\Audio_Song_Actors_01-24\Actor_11\03-02-03-02-02-01-11.wav,3,2,song,3,happy,2,2,1,11,male
C:\Users\Grana\Documents\GitHub\Project_CSE432_MG\Project_CSE432-532\SER_Project\data\Audio_Song_Actors_01-24\Actor_11\03-02-03-02-02-02-11.wav,3,2,song,3,happy,2,2,2,11,male
C:\Users\Grana\Documents\GitHub\Project_CSE432_MG\Project_CSE432-532\SER_Project\data\Audio_Song_Actors_01-24\Actor_11\03-02-04-01-01-01-11.wav,3,2,song,4,sad,1,1,1,11,male
C:\Users\Grana\Documents\GitHub\Project_CSE432_MG\Project_CSE432-532\SER_Project\data\Audio_Song_Actors_01-24\Actor_11\03-02-04-01-01-02-11.wav,3,2,song,4,sad,1,1,2,11,male
C:\Users\Grana\Documents\GitHub\Project_CSE432_MG\Project_CSE432-532\SER_Project\data\Audio_Song_Actors_01-24\Actor_11\03-02-04-01-02-01-11.wav,3,2,song,4,sad,1,2,1,11,male
C:\Users\Grana\Documents\GitHub\Project_CSE432_MG\Project_CSE432-532\SER_Project\data\Audio_Song_Actors_01-24\Actor_11\03-02-04-01-02-02-11.wav,3,2,song,4,sad,1,2,2,11,male
C:\Users\Grana\Documents\GitHub\Project_CSE432_MG\Project_CSE432-532\SER_Project\data\Audio_Song_Actors_01-24\Actor_11\03-02-04-02-01-01-11.wav,3,2,song,4,sad,2,1,1,11,male
C:\Users\Grana\Documents\GitHub\Project_CSE432_MG\Project_CSE432-532\SER_Project\data\Audio_Song_Actors_01-24\Actor_11\03-02-04-02-01-02-11.wav,3,2,song,4,sad,2,1,2,11,male
C:\Users\Grana\Documents\GitHub\Project_CSE432_MG\Project_CSE432-532\SER_Project\data\Audio_Song_Actors_01-24\Actor_11\03-02-04-02-02-01-11.wav,3,2,song,4,sad,2,2,1,11,male
C:\Users\Grana\Documents\GitHub\Project_CSE432_MG\Project_CSE432-532\SER_Project\data\Audio_Song_Actors_01-24\Actor_11\03-02-04-02-02-02-11.wav,3,2,song,4,sad,2,2,2,11,male
C:\Users\Grana\Documents\GitHub\Project_CSE432_MG\Project_CSE432-532\SER_Project\data\Audio_Song_Actors_01-24\Actor_11\03-02-05-01-01-01-11.wav,3,2,song,5,angry,1,1,1,11,male
C:\Users\Grana\Documents\GitHub\Project_CSE432_MG\Project_CSE432-532\SER_Project\data\Audio_Song_Actors_01-24\Actor_11\03-02-05-01-01-02-11.wav,3,2,song,5,angry,1,1,2,11,male
C:\Users\Grana\Documents\GitHub\Project_CSE432_MG\Project_CSE432-532\SER_Project\data\Audio_Song_Actors_01-24\Actor_11\03-02-05-01-02-01-11.wav,3,2,song,5,angry,1,2,1,11,male
C:\Users\Grana\Documents\GitHub\Project_CSE432_MG\Project_CSE432-532\SER_Project\data\Audio_Song_Actors_01-24\Actor_11\03-02-05-01-02-02-11.wav,3,2,song,5,angry,1,2,2,11,male
C:\Users\Grana\Documents\GitHub\Project_CSE432_MG\Project_CSE432-532\SER_Project\data\Audio_Song_Actors_01-24\Actor_11\03-02-05-02-01-01-11.wav,3,2,song,5,angry,2,1,1,11,male
C:\Users\Grana\Documents\GitHub\Project_CSE432_MG\Project_CSE432-532\SER_Project\data\Audio_Song_Actors_01-24\Actor_11\03-02-05-02-01-02-11.wav,3,2,song,5,angry,2,1,2,11,male
C:\Users\Grana\Documents\GitHub\Project_CSE432_MG\Project_CSE432-532\SER_Project\data\Audio_Song_Actors_01-24\Actor_11\03-02-05-02-02-01-11.wav,3,2,song,5,angry,2,2,1,11,male
C:\Users\Grana\Documents\GitHub\Project_CSE432_MG\Project_CSE432-532\SER_Project\data\Audio_Song_Actors_01-24\Actor_11\03-02-05-02-02-02-11.wav,3,2,song,5,angry,2,2,2,11,male
C:\Users\Grana\Documents\GitHub\Project_CSE432_MG\Project_CSE432-532\SER_Project\data\Audio_Song_Actors_01-24\Actor_11\03-02-06-01-01-01-11.wav,3,2,song,6,fearful,1,1,1,11,male
C:\Users\Grana\Documents\GitHub\Project_CSE432_MG\Project_CSE432-532\SER_Project\data\Audio_Song_Actors_01-24\Actor_11\03-02-06-01-01-02-11.wav,3,2,song,6,fearful,1,1,2,11,male
C:\Users\Grana\Documents\GitHub\Project_CSE432_MG\Project_CSE432-532\SER_Project\data\Audio_Song_Actors_01-24\Actor_11\03-02-06-01-02-01-11.wav,3,2,song,6,fearful,1,2,1,11,male
C:\Users\Grana\Documents\GitHub\Project_CSE432_MG\Project_CSE432-532\SER_Project\data\Audio_Song_Actors_01-24\Actor_11\03-02-06-01-02-02-11.wav,3,2,song,6,fearful,1,2,2,11,male
C:\Users\Grana\Documents\GitHub\Project_CSE432_MG\Project_CSE432-532\SER_Project\data\Audio_Song_Actors_01-24\Actor_11\03-02-06-02-01-01-11.wav,3,2,song,6,fearful,2,1,1,11,male
C:\Users\Grana\Documents\GitHub\Project_CSE432_MG\Project_CSE432-532\SER_Project\data\Audio_Song_Actors_01-24\Actor_11\03-02-06-02-01-02-11.wav,3,2,song,6,fearful,2,1,2,11,male
C:\Users\Grana\Documents\GitHub\Project_CSE432_MG\Project_CSE432-532\SER_Project\data\Audio_Song_Actors_01-24\Actor_11\03-02-06-02-02-01-11.wav,3,2,song,6,fearful,2,2,1,11,male
C:\Users\Grana\Documents\GitHub\Project_CSE432_MG\Project_CSE432-532\SER_Project\data\Audio_Song_Actors_01-24\Actor_11\03-02-06-02-02-02-11.wav,3,2,song,6,fearful,2,2,2,11,male
C:\Users\Grana\Documents\GitHub\Project_CSE432_MG\Project_CSE432-532\SER_Project\data\Audio_Song_Actors_01-24\Actor_12\03-02-01-01-01-01-12.wav,3,2,song,1,neutral,1,1,1,12,female
C:\Users\Grana\Documents\GitHub\Project_CSE432_MG\Project_CSE432-532\SER_Project\data\Audio_Song_Actors_01-24\Actor_12\03-02-01-01-01-02-12.wav,3,2,song,1,neutral,1,1,2,12,female
C:\Users\Grana\Documents\GitHub\Project_CSE432_MG\Project_CSE432-532\SER_Project\data\Audio_Song_Actors_01-24\Actor_12\03-02-01-01-02-01-12.wav,3,2,song,1,neutral,1,2,1,12,female
C:\Users\Grana\Documents\GitHub\Project_CSE432_MG\Project_CSE432-532\SER_Project\data\Audio_Song_Actors_01-24\Actor_12\03-02-01-01-02-02-12.wav,3,2,song,1,neutral,1,2,2,12,female
C:\Users\Grana\Documents\GitHub\Project_CSE432_MG\Project_CSE432-532\SER_Project\data\Audio_Song_Actors_01-24\Actor_12\03-02-02-01-01-01-12.wav,3,2,song,2,calm,1,1,1,12,female
C:\Users\Grana\Documents\GitHub\Project_CSE432_MG\Project_CSE432-532\SER_Project\data\Audio_Song_Actors_01-24\Actor_12\03-02-02-01-01-02-12.wav,3,2,song,2,calm,1,1,2,12,female
C:\Users\Grana\Documents\GitHub\Project_CSE432_MG\Project_CSE432-532\SER_Project\data\Audio_Song_Actors_01-24\Actor_12\03-02-02-01-02-01-12.wav,3,2,song,2,calm,1,2,1,12,female
C:\Users\Grana\Documents\GitHub\Project_CSE432_MG\Project_CSE432-532\SER_Project\data\Audio_Song_Actors_01-24\Actor_12\03-02-02-01-02-02-12.wav,3,2,song,2,calm,1,2,2,12,female
C:\Users\Grana\Documents\GitHub\Project_CSE432_MG\Project_CSE432-532\SER_Project\data\Audio_Song_Actors_01-24\Actor_12\03-02-02-02-01-01-12.wav,3,2,song,2,calm,2,1,1,12,female
C:\Users\Grana\Documents\GitHub\Project_CSE432_MG\Project_CSE432-532\SER_Project\data\Audio_Song_Actors_01-24\Actor_12\03-02-02-02-01-02-12.wav,3,2,song,2,calm,2,1,2,12,female
C:\Users\Grana\Documents\GitHub\Project_CSE432_MG\Project_CSE432-532\SER_Project\data\Audio_Song_Actors_01-24\Actor_12\03-02-02-02-02-01-12.wav,3,2,song,2,calm,2,2,1,12,female
C:\Users\Grana\Documents\GitHub\Project_CSE432_MG\Project_CSE432-532\SER_Project\data\Audio_Song_Actors_01-24\Actor_12\03-02-02-02-02-02-12.wav,3,2,song,2,calm,2,2,2,12,female
C:\Users\Grana\Documents\GitHub\Project_CSE432_MG\Project_CSE432-532\SER_Project\data\Audio_Song_Actors_01-24\Actor_12\03-02-03-01-01-01-12.wav,3,2,song,3,happy,1,1,1,12,female
C:\Users\Grana\Documents\GitHub\Project_CSE432_MG\Project_CSE432-532\SER_Project\data\Audio_Song_Actors_01-24\Actor_12\03-02-03-01-01-02-12.wav,3,2,song,3,happy,1,1,2,12,female
C:\Users\Grana\Documents\GitHub\Project_CSE432_MG\Project_CSE432-532\SER_Project\data\Audio_Song_Actors_01-24\Actor_12\03-02-03-01-02-01-12.wav,3,2,song,3,happy,1,2,1,12,female
C:\Users\Grana\Documents\GitHub\Project_CSE432_MG\Project_CSE432-532\SER_Project\data\Audio_Song_Actors_01-24\Actor_12\03-02-03-01-02-02-12.wav,3,2,song,3,happy,1,2,2,12,female
C:\Users\Grana\Documents\GitHub\Project_CSE432_MG\Project_CSE432-532\SER_Project\data\Audio_Song_Actors_01-24\Actor_12\03-02-03-02-01-01-12.wav,3,2,song,3,happy,2,1,1,12,female
C:\Users\Grana\Documents\GitHub\Project_CSE432_MG\Project_CSE432-532\SER_Project\data\Audio_Song_Actors_01-24\Actor_12\03-02-03-02-01-02-12.wav,3,2,song,3,happy,2,1,2,12,female
C:\Users\Grana\Documents\GitHub\Project_CSE432_MG\Project_CSE432-532\SER_Project\data\Audio_Song_Actors_01-24\Actor_12\03-02-03-02-02-01-12.wav,3,2,song,3,happy,2,2,1,12,female
C:\Users\Grana\Documents\GitHub\Project_CSE432_MG\Project_CSE432-532\SER_Project\data\Audio_Song_Actors_01-24\Actor_12\03-02-03-02-02-02-12.wav,3,2,song,3,happy,2,2,2,12,female
C:\Users\Grana\Documents\GitHub\Project_CSE432_MG\Project_CSE432-532\SER_Project\data\Audio_Song_Actors_01-24\Actor_12\03-02-04-01-01-01-12.wav,3,2,song,4,sad,1,1,1,12,female
C:\Users\Grana\Documents\GitHub\Project_CSE432_MG\Project_CSE432-532\SER_Project\data\Audio_Song_Actors_01-24\Actor_12\03-02-04-01-01-02-12.wav,3,2,song,4,sad,1,1,2,12,female
C:\Users\Grana\Documents\GitHub\Project_CSE432_MG\Project_CSE432-532\SER_Project\data\Audio_Song_Actors_01-24\Actor_12\03-02-04-01-02-01-12.wav,3,2,song,4,sad,1,2,1,12,female
C:\Users\Grana\Documents\GitHub\Project_CSE432_MG\Project_CSE432-532\SER_Project\data\Audio_Song_Actors_01-24\Actor_12\03-02-04-01-02-02-12.wav,3,2,song,4,sad,1,2,2,12,female
C:\Users\Grana\Documents\GitHub\Project_CSE432_MG\Project_CSE432-532\SER_Project\data\Audio_Song_Actors_01-24\Actor_12\03-02-04-02-01-01-12.wav,3,2,song,4,sad,2,1,1,12,female
C:\Users\Grana\Documents\GitHub\Project_CSE432_MG\Project_CSE432-532\SER_Project\data\Audio_Song_Actors_01-24\Actor_12\03-02-04-02-01-02-12.wav,3,2,song,4,sad,2,1,2,12,female
C:\Users\Grana\Documents\GitHub\Project_CSE432_MG\Project_CSE432-532\SER_Project\data\Audio_Song_Actors_01-24\Actor_12\03-02-04-02-02-01-12.wav,3,2,song,4,sad,2,2,1,12,female
C:\Users\Grana\Documents\GitHub\Project_CSE432_MG\Project_CSE432-532\SER_Project\data\Audio_Song_Actors_01-24\Actor_12\03-02-04-02-02-02-12.wav,3,2,song,4,sad,2,2,2,12,female
C:\Users\Grana\Documents\GitHub\Project_CSE432_MG\Project_CSE432-532\SER_Project\data\Audio_Song_Actors_01-24\Actor_12\03-02-05-01-01-01-12.wav,3,2,song,5,angry,1,1,1,12,female
C:\Users\Grana\Documents\GitHub\Project_CSE432_MG\Project_CSE432-532\SER_Project\data\Audio_Song_Actors_01-24\Actor_12\03-02-05-01-01-02-12.wav,3,2,song,5,angry,1,1,2,12,female
C:\Users\Grana\Documents\GitHub\Project_CSE432_MG\Project_CSE432-532\SER_Project\data\Audio_Song_Actors_01-24\Actor_12\03-02-05-01-02-01-12.wav,3,2,song,5,angry,1,2,1,12,female
C:\Users\Grana\Documents\GitHub\Project_CSE432_MG\Project_CSE432-532\SER_Project\data\Audio_Song_Actors_01-24\Actor_12\03-02-05-01-02-02-12.wav,3,2,song,5,angry,1,2,2,12,female
C:\Users\Grana\Documents\GitHub\Project_CSE432_MG\Project_CSE432-532\SER_Project\data\Audio_Song_Actors_01-24\Actor_12\03-02-05-02-01-01-12.wav,3,2,song,5,angry,2,1,1,12,female
C:\Users\Grana\Documents\GitHub\Project_CSE432_MG\Project_CSE432-532\SER_Project\data\Audio_Song_Actors_01-24\Actor_12\03-02-05-02-01-02-12.wav,3,2,song,5,angry,2,1,2,12,female
C:\Users\Grana\Documents\GitHub\Project_CSE432_MG\Project_CSE432-532\SER_Project\data\Audio_Song_Actors_01-24\Actor_12\03-02-05-02-02-01-12.wav,3,2,song,5,angry,2,2,1,12,female
C:\Users\Grana\Documents\GitHub\Project_CSE432_MG\Project_CSE432-532\SER_Project\data\Audio_Song_Actors_01-24\Actor_12\03-02-05-02-02-02-12.wav,3,2,song,5,angry,2,2,2,12,female
C:\Users\Grana\Documents\GitHub\Project_CSE432_MG\Project_CSE432-532\SER_Project\data\Audio_Song_Actors_01-24\Actor_12\03-02-06-01-01-01-12.wav,3,2,song,6,fearful,1,1,1,12,female
C:\Users\Grana\Documents\GitHub\Project_CSE432_MG\Project_CSE432-532\SER_Project\data\Audio_Song_Actors_01-24\Actor_12\03-02-06-01-01-02-12.wav,3,2,song,6,fearful,1,1,2,12,female
C:\Users\Grana\Documents\GitHub\Project_CSE432_MG\Project_CSE432-532\SER_Project\data\Audio_Song_Actors_01-24\Actor_12\03-02-06-01-02-01-12.wav,3,2,song,6,fearful,1,2,1,12,female
C:\Users\Grana\Documents\GitHub\Project_CSE432_MG\Project_CSE432-532\SER_Project\data\Audio_Song_Actors_01-24\Actor_12\03-02-06-01-02-02-12.wav,3,2,song,6,fearful,1,2,2,12,female
C:\Users\Grana\Documents\GitHub\Project_CSE432_MG\Project_CSE432-532\SER_Project\data\Audio_Song_Actors_01-24\Actor_12\03-02-06-02-01-01-12.wav,3,2,song,6,fearful,2,1,1,12,female
C:\Users\Grana\Documents\GitHub\Project_CSE432_MG\Project_CSE432-532\SER_Project\data\Audio_Song_Actors_01-24\Actor_12\03-02-06-02-01-02-12.wav,3,2,song,6,fearful,2,1,2,12,female
C:\Users\Grana\Documents\GitHub\Project_CSE432_MG\Project_CSE432-532\SER_Project\data\Audio_Song_Actors_01-24\Actor_12\03-02-06-02-02-01-12.wav,3,2,song,6,fearful,2,2,1,12,female
C:\Users\Grana\Documents\GitHub\Project_CSE432_MG\Project_CSE432-532\SER_Project\data\Audio_Song_Actors_01-24\Actor_12\03-02-06-02-02-02-12.wav,3,2,song,6,fearful,2,2,2,12,female
C:\Users\Grana\Documents\GitHub\Project_CSE432_MG\Project_CSE432-532\SER_Project\data\Audio_Song_Actors_01-24\Actor_13\03-02-01-01-01-01-13.wav,3,2,song,1,neutral,1,1,1,13,male
C:\Users\Grana\Documents\GitHub\Project_CSE432_MG\Project_CSE432-532\SER_Project\data\Audio_Song_Actors_01-24\Actor_13\03-02-01-01-01-02-13.wav,3,2,song,1,neutral,1,1,2,13,male
C:\Users\Grana\Documents\GitHub\Project_CSE432_MG\Project_CSE432-532\SER_Project\data\Audio_Song_Actors_01-24\Actor_13\03-02-01-01-02-01-13.wav,3,2,song,1,neutral,1,2,1,13,male
C:\Users\Grana\Documents\GitHub\Project_CSE432_MG\Project_CSE432-532\SER_Project\data\Audio_Song_Actors_01-24\Actor_13\03-02-01-01-02-02-13.wav,3,2,song,1,neutral,1,2,2,13,male
C:\Users\Grana\Documents\GitHub\Project_CSE432_MG\Project_CSE432-532\SER_Project\data\Audio_Song_Actors_01-24\Actor_13\03-02-02-01-01-01-13.wav,3,2,song,2,calm,1,1,1,13,male
C:\Users\Grana\Documents\GitHub\Project_CSE432_MG\Project_CSE432-532\SER_Project\data\Audio_Song_Actors_01-24\Actor_13\03-02-02-01-01-02-13.wav,3,2,song,2,calm,1,1,2,13,male
C:\Users\Grana\Documents\GitHub\Project_CSE432_MG\Project_CSE432-532\SER_Project\data\Audio_Song_Actors_01-24\Actor_13\03-02-02-01-02-01-13.wav,3,2,song,2,calm,1,2,1,13,male
C:\Users\Grana\Documents\GitHub\Project_CSE432_MG\Project_CSE432-532\SER_Project\data\Audio_Song_Actors_01-24\Actor_13\03-02-02-01-02-02-13.wav,3,2,song,2,calm,1,2,2,13,male
C:\Users\Grana\Documents\GitHub\Project_CSE432_MG\Project_CSE432-532\SER_Project\data\Audio_Song_Actors_01-24\Actor_13\03-02-02-02-01-01-13.wav,3,2,song,2,calm,2,1,1,13,male
C:\Users\Grana\Documents\GitHub\Project_CSE432_MG\Project_CSE432-532\SER_Project\data\Audio_Song_Actors_01-24\Actor_13\03-02-02-02-01-02-13.wav,3,2,song,2,calm,2,1,2,13,male
C:\Users\Grana\Documents\GitHub\Project_CSE432_MG\Project_CSE432-532\SER_Project\data\Audio_Song_Actors_01-24\Actor_13\03-02-02-02-02-01-13.wav,3,2,song,2,calm,2,2,1,13,male
C:\Users\Grana\Documents\GitHub\Project_CSE432_MG\Project_CSE432-532\SER_Project\data\Audio_Song_Actors_01-24\Actor_13\03-02-02-02-02-02-13.wav,3,2,song,2,calm,2,2,2,13,male
C:\Users\Grana\Documents\GitHub\Project_CSE432_MG\Project_CSE432-532\SER_Project\data\Audio_Song_Actors_01-24\Actor_13\03-02-03-01-01-01-13.wav,3,2,song,3,happy,1,1,1,13,male
C:\Users\Grana\Documents\GitHub\Project_CSE432_MG\Project_CSE432-532\SER_Project\data\Audio_Song_Actors_01-24\Actor_13\03-02-03-01-01-02-13.wav,3,2,song,3,happy,1,1,2,13,male
C:\Users\Grana\Documents\GitHub\Project_CSE432_MG\Project_CSE432-532\SER_Project\data\Audio_Song_Actors_01-24\Actor_13\03-02-03-01-02-01-13.wav,3,2,song,3,happy,1,2,1,13,male
C:\Users\Grana\Documents\GitHub\Project_CSE432_MG\Project_CSE432-532\SER_Project\data\Audio_Song_Actors_01-24\Actor_13\03-02-03-01-02-02-13.wav,3,2,song,3,happy,1,2,2,13,male
C:\Users\Grana\Documents\GitHub\Project_CSE432_MG\Project_CSE432-532\SER_Project\data\Audio_Song_Actors_01-24\Actor_13\03-02-03-02-01-01-13.wav,3,2,song,3,happy,2,1,1,13,male
C:\Users\Grana\Documents\GitHub\Project_CSE432_MG\Project_CSE432-532\SER_Project\data\Audio_Song_Actors_01-24\Actor_13\03-02-03-02-01-02-13.wav,3,2,song,3,happy,2,1,2,13,male
C:\Users\Grana\Documents\GitHub\Project_CSE432_MG\Project_CSE432-532\SER_Project\data\Audio_Song_Actors_01-24\Actor_13\03-02-03-02-02-01-13.wav,3,2,song,3,happy,2,2,1,13,male
C:\Users\Grana\Documents\GitHub\Project_CSE432_MG\Project_CSE432-532\SER_Project\data\Audio_Song_Actors_01-24\Actor_13\03-02-03-02-02-02-13.wav,3,2,song,3,happy,2,2,2,13,male
C:\Users\Grana\Documents\GitHub\Project_CSE432_MG\Project_CSE432-532\SER_Project\data\Audio_Song_Actors_01-24\Actor_13\03-02-04-01-01-01-13.wav,3,2,song,4,sad,1,1,1,13,male
C:\Users\Grana\Documents\GitHub\Project_CSE432_MG\Project_CSE432-532\SER_Project\data\Audio_Song_Actors_01-24\Actor_13\03-02-04-01-01-02-13.wav,3,2,song,4,sad,1,1,2,13,male
C:\Users\Grana\Documents\GitHub\Project_CSE432_MG\Project_CSE432-532\SER_Project\data\Audio_Song_Actors_01-24\Actor_13\03-02-04-01-02-01-13.wav,3,2,song,4,sad,1,2,1,13,male
C:\Users\Grana\Documents\GitHub\Project_CSE432_MG\Project_CSE432-532\SER_Project\data\Audio_Song_Actors_01-24\Actor_13\03-02-04-01-02-02-13.wav,3,2,song,4,sad,1,2,2,13,male
C:\Users\Grana\Documents\GitHub\Project_CSE432_MG\Project_CSE432-532\SER_Project\data\Audio_Song_Actors_01-24\Actor_13\03-02-04-02-01-01-13.wav,3,2,song,4,sad,2,1,1,13,male
C:\Users\Grana\Documents\GitHub\Project_CSE432_MG\Project_CSE432-532\SER_Project\data\Audio_Song_Actors_01-24\Actor_13\03-02-04-02-01-02-13.wav,3,2,song,4,sad,2,1,2,13,male
C:\Users\Grana\Documents\GitHub\Project_CSE432_MG\Project_CSE432-532\SER_Project\data\Audio_Song_Actors_01-24\Actor_13\03-02-04-02-02-01-13.wav,3,2,song,4,sad,2,2,1,13,male
C:\Users\Grana\Documents\GitHub\Project_CSE432_MG\Project_CSE432-532\SER_Project\data\Audio_Song_Actors_01-24\Actor_13\03-02-04-02-02-02-13.wav,3,2,song,4,sad,2,2,2,13,male
C:\Users\Grana\Documents\GitHub\Project_CSE432_MG\Project_CSE432-532\SER_Project\data\Audio_Song_Actors_01-24\Actor_13\03-02-05-01-01-01-13.wav,3,2,song,5,angry,1,1,1,13,male
C:\Users\Grana\Documents\GitHub\Project_CSE432_MG\Project_CSE432-532\SER_Project\data\Audio_Song_Actors_01-24\Actor_13\03-02-05-01-01-02-13.wav,3,2,song,5,angry,1,1,2,13,male
C:\Users\Grana\Documents\GitHub\Project_CSE432_MG\Project_CSE432-532\SER_Project\data\Audio_Song_Actors_01-24\Actor_13\03-02-05-01-02-01-13.wav,3,2,song,5,angry,1,2,1,13,male
C:\Users\Grana\Documents\GitHub\Project_CSE432_MG\Project_CSE432-532\SER_Project\data\Audio_Song_Actors_01-24\Actor_13\03-02-05-01-02-02-13.wav,3,2,song,5,angry,1,2,2,13,male
C:\Users\Grana\Documents\GitHub\Project_CSE432_MG\Project_CSE432-532\SER_Project\data\Audio_Song_Actors_01-24\Actor_13\03-02-05-02-01-01-13.wav,3,2,song,5,angry,2,1,1,13,male
C:\Users\Grana\Documents\GitHub\Project_CSE432_MG\Project_CSE432-532\SER_Project\data\Audio_Song_Actors_01-24\Actor_13\03-02-05-02-01-02-13.wav,3,2,song,5,angry,2,1,2,13,male
C:\Users\Grana\Documents\GitHub\Project_CSE432_MG\Project_CSE432-532\SER_Project\data\Audio_Song_Actors_01-24\Actor_13\03-02-05-02-02-01-13.wav,3,2,song,5,angry,2,2,1,13,male
C:\Users\Grana\Documents\GitHub\Project_CSE432_MG\Project_CSE432-532\SER_Project\data\Audio_Song_Actors_01-24\Actor_13\03-02-05-02-02-02-13.wav,3,2,song,5,angry,2,2,2,13,male
C:\Users\Grana\Documents\GitHub\Project_CSE432_MG\Project_CSE432-532\SER_Project\data\Audio_Song_Actors_01-24\Actor_13\03-02-06-01-01-01-13.wav,3,2,song,6,fearful,1,1,1,13,male
C:\Users\Grana\Documents\GitHub\Project_CSE432_MG\Project_CSE432-532\SER_Project\data\Audio_Song_Actors_01-24\Actor_13\03-02-06-01-01-02-13.wav,3,2,song,6,fearful,1,1,2,13,male
C:\Users\Grana\Documents\GitHub\Project_CSE432_MG\Project_CSE432-532\SER_Project\data\Audio_Song_Actors_01-24\Actor_13\03-02-06-01-02-01-13.wav,3,2,song,6,fearful,1,2,1,13,male
C:\Users\Grana\Documents\GitHub\Project_CSE432_MG\Project_CSE432-532\SER_Project\data\Audio_Song_Actors_01-24\Actor_13\03-02-06-01-02-02-13.wav,3,2,song,6,fearful,1,2,2,13,male
C:\Users\Grana\Documents\GitHub\Project_CSE432_MG\Project_CSE432-532\SER_Project\data\Audio_Song_Actors_01-24\Actor_13\03-02-06-02-01-01-13.wav,3,2,song,6,fearful,2,1,1,13,male
C:\Users\Grana\Documents\GitHub\Project_CSE432_MG\Project_CSE432-532\SER_Project\data\Audio_Song_Actors_01-24\Actor_13\03-02-06-02-01-02-13.wav,3,2,song,6,fearful,2,1,2,13,male
C:\Users\Grana\Documents\GitHub\Project_CSE432_MG\Project_CSE432-532\SER_Project\data\Audio_Song_Actors_01-24\Actor_13\03-02-06-02-02-01-13.wav,3,2,song,6,fearful,2,2,1,13,male
C:\Users\Grana\Documents\GitHub\Project_CSE432_MG\Project_CSE432-532\SER_Project\data\Audio_Song_Actors_01-24\Actor_13\03-02-06-02-02-02-13.wav,3,2,song,6,fearful,2,2,2,13,male
C:\Users\Grana\Documents\GitHub\Project_CSE432_MG\Project_CSE432-532\SER_Project\data\Audio_Song_Actors_01-24\Actor_14\03-02-01-01-01-01-14.wav,3,2,song,1,neutral,1,1,1,14,female
C:\Users\Grana\Documents\GitHub\Project_CSE432_MG\Project_CSE432-532\SER_Project\data\Audio_Song_Actors_01-24\Actor_14\03-02-01-01-01-02-14.wav,3,2,song,1,neutral,1,1,2,14,female
C:\Users\Grana\Documents\GitHub\Project_CSE432_MG\Project_CSE432-532\SER_Project\data\Audio_Song_Actors_01-24\Actor_14\03-02-01-01-02-01-14.wav,3,2,song,1,neutral,1,2,1,14,female
C:\Users\Grana\Documents\GitHub\Project_CSE432_MG\Project_CSE432-532\SER_Project\data\Audio_Song_Actors_01-24\Actor_14\03-02-01-01-02-02-14.wav,3,2,song,1,neutral,1,2,2,14,female
C:\Users\Grana\Documents\GitHub\Project_CSE432_MG\Project_CSE432-532\SER_Project\data\Audio_Song_Actors_01-24\Actor_14\03-02-02-01-01-01-14.wav,3,2,song,2,calm,1,1,1,14,female
C:\Users\Grana\Documents\GitHub\Project_CSE432_MG\Project_CSE432-532\SER_Project\data\Audio_Song_Actors_01-24\Actor_14\03-02-02-01-01-02-14.wav,3,2,song,2,calm,1,1,2,14,female
C:\Users\Grana\Documents\GitHub\Project_CSE432_MG\Project_CSE432-532\SER_Project\data\Audio_Song_Actors_01-24\Actor_14\03-02-02-01-02-01-14.wav,3,2,song,2,calm,1,2,1,14,female
C:\Users\Grana\Documents\GitHub\Project_CSE432_MG\Project_CSE432-532\SER_Project\data\Audio_Song_Actors_01-24\Actor_14\03-02-02-01-02-02-14.wav,3,2,song,2,calm,1,2,2,14,female
C:\Users\Grana\Documents\GitHub\Project_CSE432_MG\Project_CSE432-532\SER_Project\data\Audio_Song_Actors_01-24\Actor_14\03-02-02-02-01-01-14.wav,3,2,song,2,calm,2,1,1,14,female
C:\Users\Grana\Documents\GitHub\Project_CSE432_MG\Project_CSE432-532\SER_Project\data\Audio_Song_Actors_01-24\Actor_14\03-02-02-02-01-02-14.wav,3,2,song,2,calm,2,1,2,14,female
C:\Users\Grana\Documents\GitHub\Project_CSE432_MG\Project_CSE432-532\SER_Project\data\Audio_Song_Actors_01-24\Actor_14\03-02-02-02-02-01-14.wav,3,2,song,2,calm,2,2,1,14,female
C:\Users\Grana\Documents\GitHub\Project_CSE432_MG\Project_CSE432-532\SER_Project\data\Audio_Song_Actors_01-24\Actor_14\03-02-02-02-02-02-14.wav,3,2,song,2,calm,2,2,2,14,female
C:\Users\Grana\Documents\GitHub\Project_CSE432_MG\Project_CSE432-532\SER_Project\data\Audio_Song_Actors_01-24\Actor_14\03-02-03-01-01-01-14.wav,3,2,song,3,happy,1,1,1,14,female
C:\Users\Grana\Documents\GitHub\Project_CSE432_MG\Project_CSE432-532\SER_Project\data\Audio_Song_Actors_01-24\Actor_14\03-02-03-01-01-02-14.wav,3,2,song,3,happy,1,1,2,14,female
C:\Users\Grana\Documents\GitHub\Project_CSE432_MG\Project_CSE432-532\SER_Project\data\Audio_Song_Actors_01-24\Actor_14\03-02-03-01-02-01-14.wav,3,2,song,3,happy,1,2,1,14,female
C:\Users\Grana\Documents\GitHub\Project_CSE432_MG\Project_CSE432-532\SER_Project\data\Audio_Song_Actors_01-24\Actor_14\03-02-03-01-02-02-14.wav,3,2,song,3,happy,1,2,2,14,female
C:\Users\Grana\Documents\GitHub\Project_CSE432_MG\Project_CSE432-532\SER_Project\data\Audio_Song_Actors_01-24\Actor_14\03-02-03-02-01-01-14.wav,3,2,song,3,happy,2,1,1,14,female
C:\Users\Grana\Documents\GitHub\Project_CSE432_MG\Project_CSE432-532\SER_Project\data\Audio_Song_Actors_01-24\Actor_14\03-02-03-02-01-02-14.wav,3,2,song,3,happy,2,1,2,14,female
C:\Users\Grana\Documents\GitHub\Project_CSE432_MG\Project_CSE432-532\SER_Project\data\Audio_Song_Actors_01-24\Actor_14\03-02-03-02-02-01-14.wav,3,2,song,3,happy,2,2,1,14,female
C:\Users\Grana\Documents\GitHub\Project_CSE432_MG\Project_CSE432-532\SER_Project\data\Audio_Song_Actors_01-24\Actor_14\03-02-03-02-02-02-14.wav,3,2,song,3,happy,2,2,2,14,female
C:\Users\Grana\Documents\GitHub\Project_CSE432_MG\Project_CSE432-532\SER_Project\data\Audio_Song_Actors_01-24\Actor_14\03-02-04-01-01-01-14.wav,3,2,song,4,sad,1,1,1,14,female
C:\Users\Grana\Documents\GitHub\Project_CSE432_MG\Project_CSE432-532\SER_Project\data\Audio_Song_Actors_01-24\Actor_14\03-02-04-01-01-02-14.wav,3,2,song,4,sad,1,1,2,14,female
C:\Users\Grana\Documents\GitHub\Project_CSE432_MG\Project_CSE432-532\SER_Project\data\Audio_Song_Actors_01-24\Actor_14\03-02-04-01-02-01-14.wav,3,2,song,4,sad,1,2,1,14,female
C:\Users\Grana\Documents\GitHub\Project_CSE432_MG\Project_CSE432-532\SER_Project\data\Audio_Song_Actors_01-24\Actor_14\03-02-04-01-02-02-14.wav,3,2,song,4,sad,1,2,2,14,female
C:\Users\Grana\Documents\GitHub\Project_CSE432_MG\Project_CSE432-532\SER_Project\data\Audio_Song_Actors_01-24\Actor_14\03-02-04-02-01-01-14.wav,3,2,song,4,sad,2,1,1,14,female
C:\Users\Grana\Documents\GitHub\Project_CSE432_MG\Project_CSE432-532\SER_Project\data\Audio_Song_Actors_01-24\Actor_14\03-02-04-02-01-02-14.wav,3,2,song,4,sad,2,1,2,14,female
C:\Users\Grana\Documents\GitHub\Project_CSE432_MG\Project_CSE432-532\SER_Project\data\Audio_Song_Actors_01-24\Actor_14\03-02-04-02-02-01-14.wav,3,2,song,4,sad,2,2,1,14,female
C:\Users\Grana\Documents\GitHub\Project_CSE432_MG\Project_CSE432-532\SER_Project\data\Audio_Song_Actors_01-24\Actor_14\03-02-04-02-02-02-14.wav,3,2,song,4,sad,2,2,2,14,female
C:\Users\Grana\Documents\GitHub\Project_CSE432_MG\Project_CSE432-532\SER_Project\data\Audio_Song_Actors_01-24\Actor_14\03-02-05-01-01-01-14.wav,3,2,song,5,angry,1,1,1,14,female
C:\Users\Grana\Documents\GitHub\Project_CSE432_MG\Project_CSE432-532\SER_Project\data\Audio_Song_Actors_01-24\Actor_14\03-02-05-01-01-02-14.wav,3,2,song,5,angry,1,1,2,14,female
C:\Users\Grana\Documents\GitHub\Project_CSE432_MG\Project_CSE432-532\SER_Project\data\Audio_Song_Actors_01-24\Actor_14\03-02-05-01-02-01-14.wav,3,2,song,5,angry,1,2,1,14,female
C:\Users\Grana\Documents\GitHub\Project_CSE432_MG\Project_CSE432-532\SER_Project\data\Audio_Song_Actors_01-24\Actor_14\03-02-05-01-02-02-14.wav,3,2,song,5,angry,1,2,2,14,female
C:\Users\Grana\Documents\GitHub\Project_CSE432_MG\Project_CSE432-532\SER_Project\data\Audio_Song_Actors_01-24\Actor_14\03-02-05-02-01-01-14.wav,3,2,song,5,angry,2,1,1,14,female
C:\Users\Grana\Documents\GitHub\Project_CSE432_MG\Project_CSE432-532\SER_Project\data\Audio_Song_Actors_01-24\Actor_14\03-02-05-02-01-02-14.wav,3,2,song,5,angry,2,1,2,14,female
C:\Users\Grana\Documents\GitHub\Project_CSE432_MG\Project_CSE432-532\SER_Project\data\Audio_Song_Actors_01-24\Actor_14\03-02-05-02-02-01-14.wav,3,2,song,5,angry,2,2,1,14,female
C:\Users\Grana\Documents\GitHub\Project_CSE432_MG\Project_CSE432-532\SER_Project\data\Audio_Song_Actors_01-24\Actor_14\03-02-05-02-02-02-14.wav,3,2,song,5,angry,2,2,2,14,female
C:\Users\Grana\Documents\GitHub\Project_CSE432_MG\Project_CSE432-532\SER_Project\data\Audio_Song_Actors_01-24\Actor_14\03-02-06-01-01-01-14.wav,3,2,song,6,fearful,1,1,1,14,female
C:\Users\Grana\Documents\GitHub\Project_CSE432_MG\Project_CSE432-532\SER_Project\data\Audio_Song_Actors_01-24\Actor_14\03-02-06-01-01-02-14.wav,3,2,song,6,fearful,1,1,2,14,female
C:\Users\Grana\Documents\GitHub\Project_CSE432_MG\Project_CSE432-532\SER_Project\data\Audio_Song_Actors_01-24\Actor_14\03-02-06-01-02-01-14.wav,3,2,song,6,fearful,1,2,1,14,female
C:\Users\Grana\Documents\GitHub\Project_CSE432_MG\Project_CSE432-532\SER_Project\data\Audio_Song_Actors_01-24\Actor_14\03-02-06-01-02-02-14.wav,3,2,song,6,fearful,1,2,2,14,female
C:\Users\Grana\Documents\GitHub\Project_CSE432_MG\Project_CSE432-532\SER_Project\data\Audio_Song_Actors_01-24\Actor_14\03-02-06-02-01-01-14.wav,3,2,song,6,fearful,2,1,1,14,female
C:\Users\Grana\Documents\GitHub\Project_CSE432_MG\Project_CSE432-532\SER_Project\data\Audio_Song_Actors_01-24\Actor_14\03-02-06-02-01-02-14.wav,3,2,song,6,fearful,2,1,2,14,female
C:\Users\Grana\Documents\GitHub\Project_CSE432_MG\Project_CSE432-532\SER_Project\data\Audio_Song_Actors_01-24\Actor_14\03-02-06-02-02-01-14.wav,3,2,song,6,fearful,2,2,1,14,female
C:\Users\Grana\Documents\GitHub\Project_CSE432_MG\Project_CSE432-532\SER_Project\data\Audio_Song_Actors_01-24\Actor_14\03-02-06-02-02-02-14.wav,3,2,song,6,fearful,2,2,2,14,female
C:\Users\Grana\Documents\GitHub\Project_CSE432_MG\Project_CSE432-532\SER_Project\data\Audio_Song_Actors_01-24\Actor_15\03-02-01-01-01-01-15.wav,3,2,song,1,neutral,1,1,1,15,male
C:\Users\Grana\Documents\GitHub\Project_CSE432_MG\Project_CSE432-532\SER_Project\data\Audio_Song_Actors_01-24\Actor_15\03-02-01-01-01-02-15.wav,3,2,song,1,neutral,1,1,2,15,male
C:\Users\Grana\Documents\GitHub\Project_CSE432_MG\Project_CSE432-532\SER_Project\data\Audio_Song_Actors_01-24\Actor_15\03-02-01-01-02-01-15.wav,3,2,song,1,neutral,1,2,1,15,male
C:\Users\Grana\Documents\GitHub\Project_CSE432_MG\Project_CSE432-532\SER_Project\data\Audio_Song_Actors_01-24\Actor_15\03-02-01-01-02-02-15.wav,3,2,song,1,neutral,1,2,2,15,male
C:\Users\Grana\Documents\GitHub\Project_CSE432_MG\Project_CSE432-532\SER_Project\data\Audio_Song_Actors_01-24\Actor_15\03-02-02-01-01-01-15.wav,3,2,song,2,calm,1,1,1,15,male
C:\Users\Grana\Documents\GitHub\Project_CSE432_MG\Project_CSE432-532\SER_Project\data\Audio_Song_Actors_01-24\Actor_15\03-02-02-01-01-02-15.wav,3,2,song,2,calm,1,1,2,15,male
C:\Users\Grana\Documents\GitHub\Project_CSE432_MG\Project_CSE432-532\SER_Project\data\Audio_Song_Actors_01-24\Actor_15\03-02-02-01-02-01-15.wav,3,2,song,2,calm,1,2,1,15,male
C:\Users\Grana\Documents\GitHub\Project_CSE432_MG\Project_CSE432-532\SER_Project\data\Audio_Song_Actors_01-24\Actor_15\03-02-02-01-02-02-15.wav,3,2,song,2,calm,1,2,2,15,male
C:\Users\Grana\Documents\GitHub\Project_CSE432_MG\Project_CSE432-532\SER_Project\data\Audio_Song_Actors_01-24\Actor_15\03-02-02-02-01-01-15.wav,3,2,song,2,calm,2,1,1,15,male
C:\Users\Grana\Documents\GitHub\Project_CSE432_MG\Project_CSE432-532\SER_Project\data\Audio_Song_Actors_01-24\Actor_15\03-02-02-02-01-02-15.wav,3,2,song,2,calm,2,1,2,15,male
C:\Users\Grana\Documents\GitHub\Project_CSE432_MG\Project_CSE432-532\SER_Project\data\Audio_Song_Actors_01-24\Actor_15\03-02-02-02-02-01-15.wav,3,2,song,2,calm,2,2,1,15,male
C:\Users\Grana\Documents\GitHub\Project_CSE432_MG\Project_CSE432-532\SER_Project\data\Audio_Song_Actors_01-24\Actor_15\03-02-02-02-02-02-15.wav,3,2,song,2,calm,2,2,2,15,male
C:\Users\Grana\Documents\GitHub\Project_CSE432_MG\Project_CSE432-532\SER_Project\data\Audio_Song_Actors_01-24\Actor_15\03-02-03-01-01-01-15.wav,3,2,song,3,happy,1,1,1,15,male
C:\Users\Grana\Documents\GitHub\Project_CSE432_MG\Project_CSE432-532\SER_Project\data\Audio_Song_Actors_01-24\Actor_15\03-02-03-01-01-02-15.wav,3,2,song,3,happy,1,1,2,15,male
C:\Users\Grana\Documents\GitHub\Project_CSE432_MG\Project_CSE432-532\SER_Project\data\Audio_Song_Actors_01-24\Actor_15\03-02-03-01-02-01-15.wav,3,2,song,3,happy,1,2,1,15,male
C:\Users\Grana\Documents\GitHub\Project_CSE432_MG\Project_CSE432-532\SER_Project\data\Audio_Song_Actors_01-24\Actor_15\03-02-03-01-02-02-15.wav,3,2,song,3,happy,1,2,2,15,male
C:\Users\Grana\Documents\GitHub\Project_CSE432_MG\Project_CSE432-532\SER_Project\data\Audio_Song_Actors_01-24\Actor_15\03-02-03-02-01-01-15.wav,3,2,song,3,happy,2,1,1,15,male
C:\Users\Grana\Documents\GitHub\Project_CSE432_MG\Project_CSE432-532\SER_Project\data\Audio_Song_Actors_01-24\Actor_15\03-02-03-02-01-02-15.wav,3,2,song,3,happy,2,1,2,15,male
C:\Users\Grana\Documents\GitHub\Project_CSE432_MG\Project_CSE432-532\SER_Project\data\Audio_Song_Actors_01-24\Actor_15\03-02-03-02-02-01-15.wav,3,2,song,3,happy,2,2,1,15,male
C:\Users\Grana\Documents\GitHub\Project_CSE432_MG\Project_CSE432-532\SER_Project\data\Audio_Song_Actors_01-24\Actor_15\03-02-03-02-02-02-15.wav,3,2,song,3,happy,2,2,2,15,male
C:\Users\Grana\Documents\GitHub\Project_CSE432_MG\Project_CSE432-532\SER_Project\data\Audio_Song_Actors_01-24\Actor_15\03-02-04-01-01-01-15.wav,3,2,song,4,sad,1,1,1,15,male
C:\Users\Grana\Documents\GitHub\Project_CSE432_MG\Project_CSE432-532\SER_Project\data\Audio_Song_Actors_01-24\Actor_15\03-02-04-01-01-02-15.wav,3,2,song,4,sad,1,1,2,15,male
C:\Users\Grana\Documents\GitHub\Project_CSE432_MG\Project_CSE432-532\SER_Project\data\Audio_Song_Actors_01-24\Actor_15\03-02-04-01-02-01-15.wav,3,2,song,4,sad,1,2,1,15,male
C:\Users\Grana\Documents\GitHub\Project_CSE432_MG\Project_CSE432-532\SER_Project\data\Audio_Song_Actors_01-24\Actor_15\03-02-04-01-02-02-15.wav,3,2,song,4,sad,1,2,2,15,male
C:\Users\Grana\Documents\GitHub\Project_CSE432_MG\Project_CSE432-532\SER_Project\data\Audio_Song_Actors_01-24\Actor_15\03-02-04-02-01-01-15.wav,3,2,song,4,sad,2,1,1,15,male
C:\Users\Grana\Documents\GitHub\Project_CSE432_MG\Project_CSE432-532\SER_Project\data\Audio_Song_Actors_01-24\Actor_15\03-02-04-02-01-02-15.wav,3,2,song,4,sad,2,1,2,15,male
C:\Users\Grana\Documents\GitHub\Project_CSE432_MG\Project_CSE432-532\SER_Project\data\Audio_Song_Actors_01-24\Actor_15\03-02-04-02-02-01-15.wav,3,2,song,4,sad,2,2,1,15,male
C:\Users\Grana\Documents\GitHub\Project_CSE432_MG\Project_CSE432-532\SER_Project\data\Audio_Song_Actors_01-24\Actor_15\03-02-04-02-02-02-15.wav,3,2,song,4,sad,2,2,2,15,male
C:\Users\Grana\Documents\GitHub\Project_CSE432_MG\Project_CSE432-532\SER_Project\data\Audio_Song_Actors_01-24\Actor_15\03-02-05-01-01-01-15.wav,3,2,song,5,angry,1,1,1,15,male
C:\Users\Grana\Documents\GitHub\Project_CSE432_MG\Project_CSE432-532\SER_Project\data\Audio_Song_Actors_01-24\Actor_15\03-02-05-01-01-02-15.wav,3,2,song,5,angry,1,1,2,15,male
C:\Users\Grana\Documents\GitHub\Project_CSE432_MG\Project_CSE432-532\SER_Project\data\Audio_Song_Actors_01-24\Actor_15\03-02-05-01-02-01-15.wav,3,2,song,5,angry,1,2,1,15,male
C:\Users\Grana\Documents\GitHub\Project_CSE432_MG\Project_CSE432-532\SER_Project\data\Audio_Song_Actors_01-24\Actor_15\03-02-05-01-02-02-15.wav,3,2,song,5,angry,1,2,2,15,male
C:\Users\Grana\Documents\GitHub\Project_CSE432_MG\Project_CSE432-532\SER_Project\data\Audio_Song_Actors_01-24\Actor_15\03-02-05-02-01-01-15.wav,3,2,song,5,angry,2,1,1,15,male
C:\Users\Grana\Documents\GitHub\Project_CSE432_MG\Project_CSE432-532\SER_Project\data\Audio_Song_Actors_01-24\Actor_15\03-02-05-02-01-02-15.wav,3,2,song,5,angry,2,1,2,15,male
C:\Users\Grana\Documents\GitHub\Project_CSE432_MG\Project_CSE432-532\SER_Project\data\Audio_Song_Actors_01-24\Actor_15\03-02-05-02-02-01-15.wav,3,2,song,5,angry,2,2,1,15,male
C:\Users\Grana\Documents\GitHub\Project_CSE432_MG\Project_CSE432-532\SER_Project\data\Audio_Song_Actors_01-24\Actor_15\03-02-05-02-02-02-15.wav,3,2,song,5,angry,2,2,2,15,male
C:\Users\Grana\Documents\GitHub\Project_CSE432_MG\Project_CSE432-532\SER_Project\data\Audio_Song_Actors_01-24\Actor_15\03-02-06-01-01-01-15.wav,3,2,song,6,fearful,1,1,1,15,male
C:\Users\Grana\Documents\GitHub\Project_CSE432_MG\Project_CSE432-532\SER_Project\data\Audio_Song_Actors_01-24\Actor_15\03-02-06-01-01-02-15.wav,3,2,song,6,fearful,1,1,2,15,male
C:\Users\Grana\Documents\GitHub\Project_CSE432_MG\Project_CSE432-532\SER_Project\data\Audio_Song_Actors_01-24\Actor_15\03-02-06-01-02-01-15.wav,3,2,song,6,fearful,1,2,1,15,male
C:\Users\Grana\Documents\GitHub\Project_CSE432_MG\Project_CSE432-532\SER_Project\data\Audio_Song_Actors_01-24\Actor_15\03-02-06-01-02-02-15.wav,3,2,song,6,fearful,1,2,2,15,male
C:\Users\Grana\Documents\GitHub\Project_CSE432_MG\Project_CSE432-532\SER_Project\data\Audio_Song_Actors_01-24\Actor_15\03-02-06-02-01-01-15.wav,3,2,song,6,fearful,2,1,1,15,male
C:\Users\Grana\Documents\GitHub\Project_CSE432_MG\Project_CSE432-532\SER_Project\data\Audio_Song_Actors_01-24\Actor_15\03-02-06-02-01-02-15.wav,3,2,song,6,fearful,2,1,2,15,male
C:\Users\Grana\Documents\GitHub\Project_CSE432_MG\Project_CSE432-532\SER_Project\data\Audio_Song_Actors_01-24\Actor_15\03-02-06-02-02-01-15.wav,3,2,song,6,fearful,2,2,1,15,male
C:\Users\Grana\Documents\GitHub\Project_CSE432_MG\Project_CSE432-532\SER_Project\data\Audio_Song_Actors_01-24\Actor_15\03-02-06-02-02-02-15.wav,3,2,song,6,fearful,2,2,2,15,male
C:\Users\Grana\Documents\GitHub\Project_CSE432_MG\Project_CSE432-532\SER_Project\data\Audio_Song_Actors_01-24\Actor_16\03-02-01-01-01-01-16.wav,3,2,song,1,neutral,1,1,1,16,female
C:\Users\Grana\Documents\GitHub\Project_CSE432_MG\Project_CSE432-532\SER_Project\data\Audio_Song_Actors_01-24\Actor_16\03-02-01-01-01-02-16.wav,3,2,song,1,neutral,1,1,2,16,female
C:\Users\Grana\Documents\GitHub\Project_CSE432_MG\Project_CSE432-532\SER_Project\data\Audio_Song_Actors_01-24\Actor_16\03-02-01-01-02-01-16.wav,3,2,song,1,neutral,1,2,1,16,female
C:\Users\Grana\Documents\GitHub\Project_CSE432_MG\Project_CSE432-532\SER_Project\data\Audio_Song_Actors_01-24\Actor_16\03-02-01-01-02-02-16.wav,3,2,song,1,neutral,1,2,2,16,female
C:\Users\Grana\Documents\GitHub\Project_CSE432_MG\Project_CSE432-532\SER_Project\data\Audio_Song_Actors_01-24\Actor_16\03-02-02-01-01-01-16.wav,3,2,song,2,calm,1,1,1,16,female
C:\Users\Grana\Documents\GitHub\Project_CSE432_MG\Project_CSE432-532\SER_Project\data\Audio_Song_Actors_01-24\Actor_16\03-02-02-01-01-02-16.wav,3,2,song,2,calm,1,1,2,16,female
C:\Users\Grana\Documents\GitHub\Project_CSE432_MG\Project_CSE432-532\SER_Project\data\Audio_Song_Actors_01-24\Actor_16\03-02-02-01-02-01-16.wav,3,2,song,2,calm,1,2,1,16,female
C:\Users\Grana\Documents\GitHub\Project_CSE432_MG\Project_CSE432-532\SER_Project\data\Audio_Song_Actors_01-24\Actor_16\03-02-02-01-02-02-16.wav,3,2,song,2,calm,1,2,2,16,female
C:\Users\Grana\Documents\GitHub\Project_CSE432_MG\Project_CSE432-532\SER_Project\data\Audio_Song_Actors_01-24\Actor_16\03-02-02-02-01-01-16.wav,3,2,song,2,calm,2,1,1,16,female
C:\Users\Grana\Documents\GitHub\Project_CSE432_MG\Project_CSE432-532\SER_Project\data\Audio_Song_Actors_01-24\Actor_16\03-02-02-02-01-02-16.wav,3,2,song,2,calm,2,1,2,16,female
C:\Users\Grana\Documents\GitHub\Project_CSE432_MG\Project_CSE432-532\SER_Project\data\Audio_Song_Actors_01-24\Actor_16\03-02-02-02-02-01-16.wav,3,2,song,2,calm,2,2,1,16,female
C:\Users\Grana\Documents\GitHub\Project_CSE432_MG\Project_CSE432-532\SER_Project\data\Audio_Song_Actors_01-24\Actor_16\03-02-02-02-02-02-16.wav,3,2,song,2,calm,2,2,2,16,female
C:\Users\Grana\Documents\GitHub\Project_CSE432_MG\Project_CSE432-532\SER_Project\data\Audio_Song_Actors_01-24\Actor_16\03-02-03-01-01-01-16.wav,3,2,song,3,happy,1,1,1,16,female
C:\Users\Grana\Documents\GitHub\Project_CSE432_MG\Project_CSE432-532\SER_Project\data\Audio_Song_Actors_01-24\Actor_16\03-02-03-01-01-02-16.wav,3,2,song,3,happy,1,1,2,16,female
C:\Users\Grana\Documents\GitHub\Project_CSE432_MG\Project_CSE432-532\SER_Project\data\Audio_Song_Actors_01-24\Actor_16\03-02-03-01-02-01-16.wav,3,2,song,3,happy,1,2,1,16,female
C:\Users\Grana\Documents\GitHub\Project_CSE432_MG\Project_CSE432-532\SER_Project\data\Audio_Song_Actors_01-24\Actor_16\03-02-03-01-02-02-16.wav,3,2,song,3,happy,1,2,2,16,female
C:\Users\Grana\Documents\GitHub\Project_CSE432_MG\Project_CSE432-532\SER_Project\data\Audio_Song_Actors_01-24\Actor_16\03-02-03-02-01-01-16.wav,3,2,song,3,happy,2,1,1,16,female
C:\Users\Grana\Documents\GitHub\Project_CSE432_MG\Project_CSE432-532\SER_Project\data\Audio_Song_Actors_01-24\Actor_16\03-02-03-02-01-02-16.wav,3,2,song,3,happy,2,1,2,16,female
C:\Users\Grana\Documents\GitHub\Project_CSE432_MG\Project_CSE432-532\SER_Project\data\Audio_Song_Actors_01-24\Actor_16\03-02-03-02-02-01-16.wav,3,2,song,3,happy,2,2,1,16,female
C:\Users\Grana\Documents\GitHub\Project_CSE432_MG\Project_CSE432-532\SER_Project\data\Audio_Song_Actors_01-24\Actor_16\03-02-03-02-02-02-16.wav,3,2,song,3,happy,2,2,2,16,female
C:\Users\Grana\Documents\GitHub\Project_CSE432_MG\Project_CSE432-532\SER_Project\data\Audio_Song_Actors_01-24\Actor_16\03-02-04-01-01-01-16.wav,3,2,song,4,sad,1,1,1,16,female
C:\Users\Grana\Documents\GitHub\Project_CSE432_MG\Project_CSE432-532\SER_Project\data\Audio_Song_Actors_01-24\Actor_16\03-02-04-01-01-02-16.wav,3,2,song,4,sad,1,1,2,16,female
C:\Users\Grana\Documents\GitHub\Project_CSE432_MG\Project_CSE432-532\SER_Project\data\Audio_Song_Actors_01-24\Actor_16\03-02-04-01-02-01-16.wav,3,2,song,4,sad,1,2,1,16,female
C:\Users\Grana\Documents\GitHub\Project_CSE432_MG\Project_CSE432-532\SER_Project\data\Audio_Song_Actors_01-24\Actor_16\03-02-04-01-02-02-16.wav,3,2,song,4,sad,1,2,2,16,female
C:\Users\Grana\Documents\GitHub\Project_CSE432_MG\Project_CSE432-532\SER_Project\data\Audio_Song_Actors_01-24\Actor_16\03-02-04-02-01-01-16.wav,3,2,song,4,sad,2,1,1,16,female
C:\Users\Grana\Documents\GitHub\Project_CSE432_MG\Project_CSE432-532\SER_Project\data\Audio_Song_Actors_01-24\Actor_16\03-02-04-02-01-02-16.wav,3,2,song,4,sad,2,1,2,16,female
C:\Users\Grana\Documents\GitHub\Project_CSE432_MG\Project_CSE432-532\SER_Project\data\Audio_Song_Actors_01-24\Actor_16\03-02-04-02-02-01-16.wav,3,2,song,4,sad,2,2,1,16,female
C:\Users\Grana\Documents\GitHub\Project_CSE432_MG\Project_CSE432-532\SER_Project\data\Audio_Song_Actors_01-24\Actor_16\03-02-04-02-02-02-16.wav,3,2,song,4,sad,2,2,2,16,female
C:\Users\Grana\Documents\GitHub\Project_CSE432_MG\Project_CSE432-532\SER_Project\data\Audio_Song_Actors_01-24\Actor_16\03-02-05-01-01-01-16.wav,3,2,song,5,angry,1,1,1,16,female
C:\Users\Grana\Documents\GitHub\Project_CSE432_MG\Project_CSE432-532\SER_Project\data\Audio_Song_Actors_01-24\Actor_16\03-02-05-01-01-02-16.wav,3,2,song,5,angry,1,1,2,16,female
C:\Users\Grana\Documents\GitHub\Project_CSE432_MG\Project_CSE432-532\SER_Project\data\Audio_Song_Actors_01-24\Actor_16\03-02-05-01-02-01-16.wav,3,2,song,5,angry,1,2,1,16,female
C:\Users\Grana\Documents\GitHub\Project_CSE432_MG\Project_CSE432-532\SER_Project\data\Audio_Song_Actors_01-24\Actor_16\03-02-05-01-02-02-16.wav,3,2,song,5,angry,1,2,2,16,female
C:\Users\Grana\Documents\GitHub\Project_CSE432_MG\Project_CSE432-532\SER_Project\data\Audio_Song_Actors_01-24\Actor_16\03-02-05-02-01-01-16.wav,3,2,song,5,angry,2,1,1,16,female
C:\Users\Grana\Documents\GitHub\Project_CSE432_MG\Project_CSE432-532\SER_Project\data\Audio_Song_Actors_01-24\Actor_16\03-02-05-02-01-02-16.wav,3,2,song,5,angry,2,1,2,16,female
C:\Users\Grana\Documents\GitHub\Project_CSE432_MG\Project_CSE432-532\SER_Project\data\Audio_Song_Actors_01-24\Actor_16\03-02-05-02-02-01-16.wav,3,2,song,5,angry,2,2,1,16,female
C:\Users\Grana\Documents\GitHub\Project_CSE432_MG\Project_CSE432-532\SER_Project\data\Audio_Song_Actors_01-24\Actor_16\03-02-05-02-02-02-16.wav,3,2,song,5,angry,2,2,2,16,female
C:\Users\Grana\Documents\GitHub\Project_CSE432_MG\Project_CSE432-532\SER_Project\data\Audio_Song_Actors_01-24\Actor_16\03-02-06-01-01-01-16.wav,3,2,song,6,fearful,1,1,1,16,female
C:\Users\Grana\Documents\GitHub\Project_CSE432_MG\Project_CSE432-532\SER_Project\data\Audio_Song_Actors_01-24\Actor_16\03-02-06-01-01-02-16.wav,3,2,song,6,fearful,1,1,2,16,female
C:\Users\Grana\Documents\GitHub\Project_CSE432_MG\Project_CSE432-532\SER_Project\data\Audio_Song_Actors_01-24\Actor_16\03-02-06-01-02-01-16.wav,3,2,song,6,fearful,1,2,1,16,female
C:\Users\Grana\Documents\GitHub\Project_CSE432_MG\Project_CSE432-532\SER_Project\data\Audio_Song_Actors_01-24\Actor_16\03-02-06-01-02-02-16.wav,3,2,song,6,fearful,1,2,2,16,female
C:\Users\Grana\Documents\GitHub\Project_CSE432_MG\Project_CSE432-532\SER_Project\data\Audio_Song_Actors_01-24\Actor_16\03-02-06-02-01-01-16.wav,3,2,song,6,fearful,2,1,1,16,female
C:\Users\Grana\Documents\GitHub\Project_CSE432_MG\Project_CSE432-532\SER_Project\data\Audio_Song_Actors_01-24\Actor_16\03-02-06-02-01-02-16.wav,3,2,song,6,fearful,2,1,2,16,female
C:\Users\Grana\Documents\GitHub\Project_CSE432_MG\Project_CSE432-532\SER_Project\data\Audio_Song_Actors_01-24\Actor_16\03-02-06-02-02-01-16.wav,3,2,song,6,fearful,2,2,1,16,female
C:\Users\Grana\Documents\GitHub\Project_CSE432_MG\Project_CSE432-532\SER_Project\data\Audio_Song_Actors_01-24\Actor_16\03-02-06-02-02-02-16.wav,3,2,song,6,fearful,2,2,2,16,female
C:\Users\Grana\Documents\GitHub\Project_CSE432_MG\Project_CSE432-532\SER_Project\data\Audio_Song_Actors_01-24\Actor_17\03-02-01-01-01-01-17.wav,3,2,song,1,neutral,1,1,1,17,male
C:\Users\Grana\Documents\GitHub\Project_CSE432_MG\Project_CSE432-532\SER_Project\data\Audio_Song_Actors_01-24\Actor_17\03-02-01-01-01-02-17.wav,3,2,song,1,neutral,1,1,2,17,male
C:\Users\Grana\Documents\GitHub\Project_CSE432_MG\Project_CSE432-532\SER_Project\data\Audio_Song_Actors_01-24\Actor_17\03-02-01-01-02-01-17.wav,3,2,song,1,neutral,1,2,1,17,male
C:\Users\Grana\Documents\GitHub\Project_CSE432_MG\Project_CSE432-532\SER_Project\data\Audio_Song_Actors_01-24\Actor_17\03-02-01-01-02-02-17.wav,3,2,song,1,neutral,1,2,2,17,male
C:\Users\Grana\Documents\GitHub\Project_CSE432_MG\Project_CSE432-532\SER_Project\data\Audio_Song_Actors_01-24\Actor_17\03-02-02-01-01-01-17.wav,3,2,song,2,calm,1,1,1,17,male
C:\Users\Grana\Documents\GitHub\Project_CSE432_MG\Project_CSE432-532\SER_Project\data\Audio_Song_Actors_01-24\Actor_17\03-02-02-01-01-02-17.wav,3,2,song,2,calm,1,1,2,17,male
C:\Users\Grana\Documents\GitHub\Project_CSE432_MG\Project_CSE432-532\SER_Project\data\Audio_Song_Actors_01-24\Actor_17\03-02-02-01-02-01-17.wav,3,2,song,2,calm,1,2,1,17,male
C:\Users\Grana\Documents\GitHub\Project_CSE432_MG\Project_CSE432-532\SER_Project\data\Audio_Song_Actors_01-24\Actor_17\03-02-02-01-02-02-17.wav,3,2,song,2,calm,1,2,2,17,male
C:\Users\Grana\Documents\GitHub\Project_CSE432_MG\Project_CSE432-532\SER_Project\data\Audio_Song_Actors_01-24\Actor_17\03-02-02-02-01-01-17.wav,3,2,song,2,calm,2,1,1,17,male
C:\Users\Grana\Documents\GitHub\Project_CSE432_MG\Project_CSE432-532\SER_Project\data\Audio_Song_Actors_01-24\Actor_17\03-02-02-02-01-02-17.wav,3,2,song,2,calm,2,1,2,17,male
C:\Users\Grana\Documents\GitHub\Project_CSE432_MG\Project_CSE432-532\SER_Project\data\Audio_Song_Actors_01-24\Actor_17\03-02-02-02-02-01-17.wav,3,2,song,2,calm,2,2,1,17,male
C:\Users\Grana\Documents\GitHub\Project_CSE432_MG\Project_CSE432-532\SER_Project\data\Audio_Song_Actors_01-24\Actor_17\03-02-02-02-02-02-17.wav,3,2,song,2,calm,2,2,2,17,male
C:\Users\Grana\Documents\GitHub\Project_CSE432_MG\Project_CSE432-532\SER_Project\data\Audio_Song_Actors_01-24\Actor_17\03-02-03-01-01-01-17.wav,3,2,song,3,happy,1,1,1,17,male
C:\Users\Grana\Documents\GitHub\Project_CSE432_MG\Project_CSE432-532\SER_Project\data\Audio_Song_Actors_01-24\Actor_17\03-02-03-01-01-02-17.wav,3,2,song,3,happy,1,1,2,17,male
C:\Users\Grana\Documents\GitHub\Project_CSE432_MG\Project_CSE432-532\SER_Project\data\Audio_Song_Actors_01-24\Actor_17\03-02-03-01-02-01-17.wav,3,2,song,3,happy,1,2,1,17,male
C:\Users\Grana\Documents\GitHub\Project_CSE432_MG\Project_CSE432-532\SER_Project\data\Audio_Song_Actors_01-24\Actor_17\03-02-03-01-02-02-17.wav,3,2,song,3,happy,1,2,2,17,male
C:\Users\Grana\Documents\GitHub\Project_CSE432_MG\Project_CSE432-532\SER_Project\data\Audio_Song_Actors_01-24\Actor_17\03-02-03-02-01-01-17.wav,3,2,song,3,happy,2,1,1,17,male
C:\Users\Grana\Documents\GitHub\Project_CSE432_MG\Project_CSE432-532\SER_Project\data\Audio_Song_Actors_01-24\Actor_17\03-02-03-02-01-02-17.wav,3,2,song,3,happy,2,1,2,17,male
C:\Users\Grana\Documents\GitHub\Project_CSE432_MG\Project_CSE432-532\SER_Project\data\Audio_Song_Actors_01-24\Actor_17\03-02-03-02-02-01-17.wav,3,2,song,3,happy,2,2,1,17,male
C:\Users\Grana\Documents\GitHub\Project_CSE432_MG\Project_CSE432-532\SER_Project\data\Audio_Song_Actors_01-24\Actor_17\03-02-03-02-02-02-17.wav,3,2,song,3,happy,2,2,2,17,male
C:\Users\Grana\Documents\GitHub\Project_CSE432_MG\Project_CSE432-532\SER_Project\data\Audio_Song_Actors_01-24\Actor_17\03-02-04-01-01-01-17.wav,3,2,song,4,sad,1,1,1,17,male
C:\Users\Grana\Documents\GitHub\Project_CSE432_MG\Project_CSE432-532\SER_Project\data\Audio_Song_Actors_01-24\Actor_17\03-02-04-01-01-02-17.wav,3,2,song,4,sad,1,1,2,17,male
C:\Users\Grana\Documents\GitHub\Project_CSE432_MG\Project_CSE432-532\SER_Project\data\Audio_Song_Actors_01-24\Actor_17\03-02-04-01-02-01-17.wav,3,2,song,4,sad,1,2,1,17,male
C:\Users\Grana\Documents\GitHub\Project_CSE432_MG\Project_CSE432-532\SER_Project\data\Audio_Song_Actors_01-24\Actor_17\03-02-04-01-02-02-17.wav,3,2,song,4,sad,1,2,2,17,male
C:\Users\Grana\Documents\GitHub\Project_CSE432_MG\Project_CSE432-532\SER_Project\data\Audio_Song_Actors_01-24\Actor_17\03-02-04-02-01-01-17.wav,3,2,song,4,sad,2,1,1,17,male
C:\Users\Grana\Documents\GitHub\Project_CSE432_MG\Project_CSE432-532\SER_Project\data\Audio_Song_Actors_01-24\Actor_17\03-02-04-02-01-02-17.wav,3,2,song,4,sad,2,1,2,17,male
C:\Users\Grana\Documents\GitHub\Project_CSE432_MG\Project_CSE432-532\SER_Project\data\Audio_Song_Actors_01-24\Actor_17\03-02-04-02-02-01-17.wav,3,2,song,4,sad,2,2,1,17,male
C:\Users\Grana\Documents\GitHub\Project_CSE432_MG\Project_CSE432-532\SER_Project\data\Audio_Song_Actors_01-24\Actor_17\03-02-04-02-02-02-17.wav,3,2,song,4,sad,2,2,2,17,male
C:\Users\Grana\Documents\GitHub\Project_CSE432_MG\Project_CSE432-532\SER_Project\data\Audio_Song_Actors_01-24\Actor_17\03-02-05-01-01-01-17.wav,3,2,song,5,angry,1,1,1,17,male
C:\Users\Grana\Documents\GitHub\Project_CSE432_MG\Project_CSE432-532\SER_Project\data\Audio_Song_Actors_01-24\Actor_17\03-02-05-01-01-02-17.wav,3,2,song,5,angry,1,1,2,17,male
C:\Users\Grana\Documents\GitHub\Project_CSE432_MG\Project_CSE432-532\SER_Project\data\Audio_Song_Actors_01-24\Actor_17\03-02-05-01-02-01-17.wav,3,2,song,5,angry,1,2,1,17,male
C:\Users\Grana\Documents\GitHub\Project_CSE432_MG\Project_CSE432-532\SER_Project\data\Audio_Song_Actors_01-24\Actor_17\03-02-05-01-02-02-17.wav,3,2,song,5,angry,1,2,2,17,male
C:\Users\Grana\Documents\GitHub\Project_CSE432_MG\Project_CSE432-532\SER_Project\data\Audio_Song_Actors_01-24\Actor_17\03-02-05-02-01-01-17.wav,3,2,song,5,angry,2,1,1,17,male
C:\Users\Grana\Documents\GitHub\Project_CSE432_MG\Project_CSE432-532\SER_Project\data\Audio_Song_Actors_01-24\Actor_17\03-02-05-02-01-02-17.wav,3,2,song,5,angry,2,1,2,17,male
C:\Users\Grana\Documents\GitHub\Project_CSE432_MG\Project_CSE432-532\SER_Project\data\Audio_Song_Actors_01-24\Actor_17\03-02-05-02-02-01-17.wav,3,2,song,5,angry,2,2,1,17,male
C:\Users\Grana\Documents\GitHub\Project_CSE432_MG\Project_CSE432-532\SER_Project\data\Audio_Song_Actors_01-24\Actor_17\03-02-05-02-02-02-17.wav,3,2,song,5,angry,2,2,2,17,male
C:\Users\Grana\Documents\GitHub\Project_CSE432_MG\Project_CSE432-532\SER_Project\data\Audio_Song_Actors_01-24\Actor_17\03-02-06-01-01-01-17.wav,3,2,song,6,fearful,1,1,1,17,male
C:\Users\Grana\Documents\GitHub\Project_CSE432_MG\Project_CSE432-532\SER_Project\data\Audio_Song_Actors_01-24\Actor_17\03-02-06-01-01-02-17.wav,3,2,song,6,fearful,1,1,2,17,male
C:\Users\Grana\Documents\GitHub\Project_CSE432_MG\Project_CSE432-532\SER_Project\data\Audio_Song_Actors_01-24\Actor_17\03-02-06-01-02-01-17.wav,3,2,song,6,fearful,1,2,1,17,male
C:\Users\Grana\Documents\GitHub\Project_CSE432_MG\Project_CSE432-532\SER_Project\data\Audio_Song_Actors_01-24\Actor_17\03-02-06-01-02-02-17.wav,3,2,song,6,fearful,1,2,2,17,male
C:\Users\Grana\Documents\GitHub\Project_CSE432_MG\Project_CSE432-532\SER_Project\data\Audio_Song_Actors_01-24\Actor_17\03-02-06-02-01-01-17.wav,3,2,song,6,fearful,2,1,1,17,male
C:\Users\Grana\Documents\GitHub\Project_CSE432_MG\Project_CSE432-532\SER_Project\data\Audio_Song_Actors_01-24\Actor_17\03-02-06-02-01-02-17.wav,3,2,song,6,fearful,2,1,2,17,male
C:\Users\Grana\Documents\GitHub\Project_CSE432_MG\Project_CSE432-532\SER_Project\data\Audio_Song_Actors_01-24\Actor_17\03-02-06-02-02-01-17.wav,3,2,song,6,fearful,2,2,1,17,male
C:\Users\Grana\Documents\GitHub\Project_CSE432_MG\Project_CSE432-532\SER_Project\data\Audio_Song_Actors_01-24\Actor_17\03-02-06-02-02-02-17.wav,3,2,song,6,fearful,2,2,2,17,male
C:\Users\Grana\Documents\GitHub\Project_CSE432_MG\Project_CSE432-532\SER_Project\data\Audio_Song_Actors_01-24\Actor_19\03-02-01-01-01-01-19.wav,3,2,song,1,neutral,1,1,1,19,male
C:\Users\Grana\Documents\GitHub\Project_CSE432_MG\Project_CSE432-532\SER_Project\data\Audio_Song_Actors_01-24\Actor_19\03-02-01-01-01-02-19.wav,3,2,song,1,neutral,1,1,2,19,male
C:\Users\Grana\Documents\GitHub\Project_CSE432_MG\Project_CSE432-532\SER_Project\data\Audio_Song_Actors_01-24\Actor_19\03-02-01-01-02-01-19.wav,3,2,song,1,neutral,1,2,1,19,male
C:\Users\Grana\Documents\GitHub\Project_CSE432_MG\Project_CSE432-532\SER_Project\data\Audio_Song_Actors_01-24\Actor_19\03-02-01-01-02-02-19.wav,3,2,song,1,neutral,1,2,2,19,male
C:\Users\Grana\Documents\GitHub\Project_CSE432_MG\Project_CSE432-532\SER_Project\data\Audio_Song_Actors_01-24\Actor_19\03-02-02-01-01-01-19.wav,3,2,song,2,calm,1,1,1,19,male
C:\Users\Grana\Documents\GitHub\Project_CSE432_MG\Project_CSE432-532\SER_Project\data\Audio_Song_Actors_01-24\Actor_19\03-02-02-01-01-02-19.wav,3,2,song,2,calm,1,1,2,19,male
C:\Users\Grana\Documents\GitHub\Project_CSE432_MG\Project_CSE432-532\SER_Project\data\Audio_Song_Actors_01-24\Actor_19\03-02-02-01-02-01-19.wav,3,2,song,2,calm,1,2,1,19,male
C:\Users\Grana\Documents\GitHub\Project_CSE432_MG\Project_CSE432-532\SER_Project\data\Audio_Song_Actors_01-24\Actor_19\03-02-02-01-02-02-19.wav,3,2,song,2,calm,1,2,2,19,male
C:\Users\Grana\Documents\GitHub\Project_CSE432_MG\Project_CSE432-532\SER_Project\data\Audio_Song_Actors_01-24\Actor_19\03-02-02-02-01-01-19.wav,3,2,song,2,calm,2,1,1,19,male
C:\Users\Grana\Documents\GitHub\Project_CSE432_MG\Project_CSE432-532\SER_Project\data\Audio_Song_Actors_01-24\Actor_19\03-02-02-02-01-02-19.wav,3,2,song,2,calm,2,1,2,19,male
C:\Users\Grana\Documents\GitHub\Project_CSE432_MG\Project_CSE432-532\SER_Project\data\Audio_Song_Actors_01-24\Actor_19\03-02-02-02-02-01-19.wav,3,2,song,2,calm,2,2,1,19,male
C:\Users\Grana\Documents\GitHub\Project_CSE432_MG\Project_CSE432-532\SER_Project\data\Audio_Song_Actors_01-24\Actor_19\03-02-02-02-02-02-19.wav,3,2,song,2,calm,2,2,2,19,male
C:\Users\Grana\Documents\GitHub\Project_CSE432_MG\Project_CSE432-532\SER_Project\data\Audio_Song_Actors_01-24\Actor_19\03-02-03-01-01-01-19.wav,3,2,song,3,happy,1,1,1,19,male
C:\Users\Grana\Documents\GitHub\Project_CSE432_MG\Project_CSE432-532\SER_Project\data\Audio_Song_Actors_01-24\Actor_19\03-02-03-01-01-02-19.wav,3,2,song,3,happy,1,1,2,19,male
C:\Users\Grana\Documents\GitHub\Project_CSE432_MG\Project_CSE432-532\SER_Project\data\Audio_Song_Actors_01-24\Actor_19\03-02-03-01-02-01-19.wav,3,2,song,3,happy,1,2,1,19,male
C:\Users\Grana\Documents\GitHub\Project_CSE432_MG\Project_CSE432-532\SER_Project\data\Audio_Song_Actors_01-24\Actor_19\03-02-03-01-02-02-19.wav,3,2,song,3,happy,1,2,2,19,male
C:\Users\Grana\Documents\GitHub\Project_CSE432_MG\Project_CSE432-532\SER_Project\data\Audio_Song_Actors_01-24\Actor_19\03-02-03-02-01-01-19.wav,3,2,song,3,happy,2,1,1,19,male
C:\Users\Grana\Documents\GitHub\Project_CSE432_MG\Project_CSE432-532\SER_Project\data\Audio_Song_Actors_01-24\Actor_19\03-02-03-02-01-02-19.wav,3,2,song,3,happy,2,1,2,19,male
C:\Users\Grana\Documents\GitHub\Project_CSE432_MG\Project_CSE432-532\SER_Project\data\Audio_Song_Actors_01-24\Actor_19\03-02-03-02-02-01-19.wav,3,2,song,3,happy,2,2,1,19,male
C:\Users\Grana\Documents\GitHub\Project_CSE432_MG\Project_CSE432-532\SER_Project\data\Audio_Song_Actors_01-24\Actor_19\03-02-03-02-02-02-19.wav,3,2,song,3,happy,2,2,2,19,male
C:\Users\Grana\Documents\GitHub\Project_CSE432_MG\Project_CSE432-532\SER_Project\data\Audio_Song_Actors_01-24\Actor_19\03-02-04-01-01-01-19.wav,3,2,song,4,sad,1,1,1,19,male
C:\Users\Grana\Documents\GitHub\Project_CSE432_MG\Project_CSE432-532\SER_Project\data\Audio_Song_Actors_01-24\Actor_19\03-02-04-01-01-02-19.wav,3,2,song,4,sad,1,1,2,19,male
C:\Users\Grana\Documents\GitHub\Project_CSE432_MG\Project_CSE432-532\SER_Project\data\Audio_Song_Actors_01-24\Actor_19\03-02-04-01-02-01-19.wav,3,2,song,4,sad,1,2,1,19,male
C:\Users\Grana\Documents\GitHub\Project_CSE432_MG\Project_CSE432-532\SER_Project\data\Audio_Song_Actors_01-24\Actor_19\03-02-04-01-02-02-19.wav,3,2,song,4,sad,1,2,2,19,male
C:\Users\Grana\Documents\GitHub\Project_CSE432_MG\Project_CSE432-532\SER_Project\data\Audio_Song_Actors_01-24\Actor_19\03-02-04-02-01-01-19.wav,3,2,song,4,sad,2,1,1,19,male
C:\Users\Grana\Documents\GitHub\Project_CSE432_MG\Project_CSE432-532\SER_Project\data\Audio_Song_Actors_01-24\Actor_19\03-02-04-02-01-02-19.wav,3,2,song,4,sad,2,1,2,19,male
C:\Users\Grana\Documents\GitHub\Project_CSE432_MG\Project_CSE432-532\SER_Project\data\Audio_Song_Actors_01-24\Actor_19\03-02-04-02-02-01-19.wav,3,2,song,4,sad,2,2,1,19,male
C:\Users\Grana\Documents\GitHub\Project_CSE432_MG\Project_CSE432-532\SER_Project\data\Audio_Song_Actors_01-24\Actor_19\03-02-04-02-02-02-19.wav,3,2,song,4,sad,2,2,2,19,male
C:\Users\Grana\Documents\GitHub\Project_CSE432_MG\Project_CSE432-532\SER_Project\data\Audio_Song_Actors_01-24\Actor_19\03-02-05-01-01-01-19.wav,3,2,song,5,angry,1,1,1,19,male
C:\Users\Grana\Documents\GitHub\Project_CSE432_MG\Project_CSE432-532\SER_Project\data\Audio_Song_Actors_01-24\Actor_19\03-02-05-01-01-02-19.wav,3,2,song,5,angry,1,1,2,19,male
C:\Users\Grana\Documents\GitHub\Project_CSE432_MG\Project_CSE432-532\SER_Project\data\Audio_Song_Actors_01-24\Actor_19\03-02-05-01-02-01-19.wav,3,2,song,5,angry,1,2,1,19,male
C:\Users\Grana\Documents\GitHub\Project_CSE432_MG\Project_CSE432-532\SER_Project\data\Audio_Song_Actors_01-24\Actor_19\03-02-05-01-02-02-19.wav,3,2,song,5,angry,1,2,2,19,male
C:\Users\Grana\Documents\GitHub\Project_CSE432_MG\Project_CSE432-532\SER_Project\data\Audio_Song_Actors_01-24\Actor_19\03-02-05-02-01-01-19.wav,3,2,song,5,angry,2,1,1,19,male
C:\Users\Grana\Documents\GitHub\Project_CSE432_MG\Project_CSE432-532\SER_Project\data\Audio_Song_Actors_01-24\Actor_19\03-02-05-02-01-02-19.wav,3,2,song,5,angry,2,1,2,19,male
C:\Users\Grana\Documents\GitHub\Project_CSE432_MG\Project_CSE432-532\SER_Project\data\Audio_Song_Actors_01-24\Actor_19\03-02-05-02-02-01-19.wav,3,2,song,5,angry,2,2,1,19,male
C:\Users\Grana\Documents\GitHub\Project_CSE432_MG\Project_CSE432-532\SER_Project\data\Audio_Song_Actors_01-24\Actor_19\03-02-05-02-02-02-19.wav,3,2,song,5,angry,2,2,2,19,male
C:\Users\Grana\Documents\GitHub\Project_CSE432_MG\Project_CSE432-532\SER_Project\data\Audio_Song_Actors_01-24\Actor_19\03-02-06-01-01-01-19.wav,3,2,song,6,fearful,1,1,1,19,male
C:\Users\Grana\Documents\GitHub\Project_CSE432_MG\Project_CSE432-532\SER_Project\data\Audio_Song_Actors_01-24\Actor_19\03-02-06-01-01-02-19.wav,3,2,song,6,fearful,1,1,2,19,male
C:\Users\Grana\Documents\GitHub\Project_CSE432_MG\Project_CSE432-532\SER_Project\data\Audio_Song_Actors_01-24\Actor_19\03-02-06-01-02-01-19.wav,3,2,song,6,fearful,1,2,1,19,male
C:\Users\Grana\Documents\GitHub\Project_CSE432_MG\Project_CSE432-532\SER_Project\data\Audio_Song_Actors_01-24\Actor_19\03-02-06-01-02-02-19.wav,3,2,song,6,fearful,1,2,2,19,male
C:\Users\Grana\Documents\GitHub\Project_CSE432_MG\Project_CSE432-532\SER_Project\data\Audio_Song_Actors_01-24\Actor_19\03-02-06-02-01-01-19.wav,3,2,song,6,fearful,2,1,1,19,male
C:\Users\Grana\Documents\GitHub\Project_CSE432_MG\Project_CSE432-532\SER_Project\data\Audio_Song_Actors_01-24\Actor_19\03-02-06-02-01-02-19.wav,3,2,song,6,fearful,2,1,2,19,male
C:\Users\Grana\Documents\GitHub\Project_CSE432_MG\Project_CSE432-532\SER_Project\data\Audio_Song_Actors_01-24\Actor_19\03-02-06-02-02-01-19.wav,3,2,song,6,fearful,2,2,1,19,male
C:\Users\Grana\Documents\GitHub\Project_CSE432_MG\Project_CSE432-532\SER_Project\data\Audio_Song_Actors_01-24\Actor_19\03-02-06-02-02-02-19.wav,3,2,song,6,fearful,2,2,2,19,male
C:\Users\Grana\Documents\GitHub\Project_CSE432_MG\Project_CSE432-532\SER_Project\data\Audio_Song_Actors_01-24\Actor_20\03-02-01-01-01-01-20.wav,3,2,song,1,neutral,1,1,1,20,female
C:\Users\Grana\Documents\GitHub\Project_CSE432_MG\Project_CSE432-532\SER_Project\data\Audio_Song_Actors_01-24\Actor_20\03-02-01-01-01-02-20.wav,3,2,song,1,neutral,1,1,2,20,female
C:\Users\Grana\Documents\GitHub\Project_CSE432_MG\Project_CSE432-532\SER_Project\data\Audio_Song_Actors_01-24\Actor_20\03-02-01-01-02-01-20.wav,3,2,song,1,neutral,1,2,1,20,female
C:\Users\Grana\Documents\GitHub\Project_CSE432_MG\Project_CSE432-532\SER_Project\data\Audio_Song_Actors_01-24\Actor_20\03-02-01-01-02-02-20.wav,3,2,song,1,neutral,1,2,2,20,female
C:\Users\Grana\Documents\GitHub\Project_CSE432_MG\Project_CSE432-532\SER_Project\data\Audio_Song_Actors_01-24\Actor_20\03-02-02-01-01-01-20.wav,3,2,song,2,calm,1,1,1,20,female
C:\Users\Grana\Documents\GitHub\Project_CSE432_MG\Project_CSE432-532\SER_Project\data\Audio_Song_Actors_01-24\Actor_20\03-02-02-01-01-02-20.wav,3,2,song,2,calm,1,1,2,20,female
C:\Users\Grana\Documents\GitHub\Project_CSE432_MG\Project_CSE432-532\SER_Project\data\Audio_Song_Actors_01-24\Actor_20\03-02-02-01-02-01-20.wav,3,2,song,2,calm,1,2,1,20,female
C:\Users\Grana\Documents\GitHub\Project_CSE432_MG\Project_CSE432-532\SER_Project\data\Audio_Song_Actors_01-24\Actor_20\03-02-02-01-02-02-20.wav,3,2,song,2,calm,1,2,2,20,female
C:\Users\Grana\Documents\GitHub\Project_CSE432_MG\Project_CSE432-532\SER_Project\data\Audio_Song_Actors_01-24\Actor_20\03-02-02-02-01-01-20.wav,3,2,song,2,calm,2,1,1,20,female
C:\Users\Grana\Documents\GitHub\Project_CSE432_MG\Project_CSE432-532\SER_Project\data\Audio_Song_Actors_01-24\Actor_20\03-02-02-02-01-02-20.wav,3,2,song,2,calm,2,1,2,20,female
C:\Users\Grana\Documents\GitHub\Project_CSE432_MG\Project_CSE432-532\SER_Project\data\Audio_Song_Actors_01-24\Actor_20\03-02-02-02-02-01-20.wav,3,2,song,2,calm,2,2,1,20,female
C:\Users\Grana\Documents\GitHub\Project_CSE432_MG\Project_CSE432-532\SER_Project\data\Audio_Song_Actors_01-24\Actor_20\03-02-02-02-02-02-20.wav,3,2,song,2,calm,2,2,2,20,female
C:\Users\Grana\Documents\GitHub\Project_CSE432_MG\Project_CSE432-532\SER_Project\data\Audio_Song_Actors_01-24\Actor_20\03-02-03-01-01-01-20.wav,3,2,song,3,happy,1,1,1,20,female
C:\Users\Grana\Documents\GitHub\Project_CSE432_MG\Project_CSE432-532\SER_Project\data\Audio_Song_Actors_01-24\Actor_20\03-02-03-01-01-02-20.wav,3,2,song,3,happy,1,1,2,20,female
C:\Users\Grana\Documents\GitHub\Project_CSE432_MG\Project_CSE432-532\SER_Project\data\Audio_Song_Actors_01-24\Actor_20\03-02-03-01-02-01-20.wav,3,2,song,3,happy,1,2,1,20,female
C:\Users\Grana\Documents\GitHub\Project_CSE432_MG\Project_CSE432-532\SER_Project\data\Audio_Song_Actors_01-24\Actor_20\03-02-03-01-02-02-20.wav,3,2,song,3,happy,1,2,2,20,female
C:\Users\Grana\Documents\GitHub\Project_CSE432_MG\Project_CSE432-532\SER_Project\data\Audio_Song_Actors_01-24\Actor_20\03-02-03-02-01-01-20.wav,3,2,song,3,happy,2,1,1,20,female
C:\Users\Grana\Documents\GitHub\Project_CSE432_MG\Project_CSE432-532\SER_Project\data\Audio_Song_Actors_01-24\Actor_20\03-02-03-02-01-02-20.wav,3,2,song,3,happy,2,1,2,20,female
C:\Users\Grana\Documents\GitHub\Project_CSE432_MG\Project_CSE432-532\SER_Project\data\Audio_Song_Actors_01-24\Actor_20\03-02-03-02-02-01-20.wav,3,2,song,3,happy,2,2,1,20,female
C:\Users\Grana\Documents\GitHub\Project_CSE432_MG\Project_CSE432-532\SER_Project\data\Audio_Song_Actors_01-24\Actor_20\03-02-03-02-02-02-20.wav,3,2,song,3,happy,2,2,2,20,female
C:\Users\Grana\Documents\GitHub\Project_CSE432_MG\Project_CSE432-532\SER_Project\data\Audio_Song_Actors_01-24\Actor_20\03-02-04-01-01-01-20.wav,3,2,song,4,sad,1,1,1,20,female
C:\Users\Grana\Documents\GitHub\Project_CSE432_MG\Project_CSE432-532\SER_Project\data\Audio_Song_Actors_01-24\Actor_20\03-02-04-01-01-02-20.wav,3,2,song,4,sad,1,1,2,20,female
C:\Users\Grana\Documents\GitHub\Project_CSE432_MG\Project_CSE432-532\SER_Project\data\Audio_Song_Actors_01-24\Actor_20\03-02-04-01-02-01-20.wav,3,2,song,4,sad,1,2,1,20,female
C:\Users\Grana\Documents\GitHub\Project_CSE432_MG\Project_CSE432-532\SER_Project\data\Audio_Song_Actors_01-24\Actor_20\03-02-04-01-02-02-20.wav,3,2,song,4,sad,1,2,2,20,female
C:\Users\Grana\Documents\GitHub\Project_CSE432_MG\Project_CSE432-532\SER_Project\data\Audio_Song_Actors_01-24\Actor_20\03-02-04-02-01-01-20.wav,3,2,song,4,sad,2,1,1,20,female
C:\Users\Grana\Documents\GitHub\Project_CSE432_MG\Project_CSE432-532\SER_Project\data\Audio_Song_Actors_01-24\Actor_20\03-02-04-02-01-02-20.wav,3,2,song,4,sad,2,1,2,20,female
C:\Users\Grana\Documents\GitHub\Project_CSE432_MG\Project_CSE432-532\SER_Project\data\Audio_Song_Actors_01-24\Actor_20\03-02-04-02-02-01-20.wav,3,2,song,4,sad,2,2,1,20,female
C:\Users\Grana\Documents\GitHub\Project_CSE432_MG\Project_CSE432-532\SER_Project\data\Audio_Song_Actors_01-24\Actor_20\03-02-04-02-02-02-20.wav,3,2,song,4,sad,2,2,2,20,female
C:\Users\Grana\Documents\GitHub\Project_CSE432_MG\Project_CSE432-532\SER_Project\data\Audio_Song_Actors_01-24\Actor_20\03-02-05-01-01-01-20.wav,3,2,song,5,angry,1,1,1,20,female
C:\Users\Grana\Documents\GitHub\Project_CSE432_MG\Project_CSE432-532\SER_Project\data\Audio_Song_Actors_01-24\Actor_20\03-02-05-01-01-02-20.wav,3,2,song,5,angry,1,1,2,20,female
C:\Users\Grana\Documents\GitHub\Project_CSE432_MG\Project_CSE432-532\SER_Project\data\Audio_Song_Actors_01-24\Actor_20\03-02-05-01-02-01-20.wav,3,2,song,5,angry,1,2,1,20,female
C:\Users\Grana\Documents\GitHub\Project_CSE432_MG\Project_CSE432-532\SER_Project\data\Audio_Song_Actors_01-24\Actor_20\03-02-05-01-02-02-20.wav,3,2,song,5,angry,1,2,2,20,female
C:\Users\Grana\Documents\GitHub\Project_CSE432_MG\Project_CSE432-532\SER_Project\data\Audio_Song_Actors_01-24\Actor_20\03-02-05-02-01-01-20.wav,3,2,song,5,angry,2,1,1,20,female
C:\Users\Grana\Documents\GitHub\Project_CSE432_MG\Project_CSE432-532\SER_Project\data\Audio_Song_Actors_01-24\Actor_20\03-02-05-02-01-02-20.wav,3,2,song,5,angry,2,1,2,20,female
C:\Users\Grana\Documents\GitHub\Project_CSE432_MG\Project_CSE432-532\SER_Project\data\Audio_Song_Actors_01-24\Actor_20\03-02-05-02-02-01-20.wav,3,2,song,5,angry,2,2,1,20,female
C:\Users\Grana\Documents\GitHub\Project_CSE432_MG\Project_CSE432-532\SER_Project\data\Audio_Song_Actors_01-24\Actor_20\03-02-05-02-02-02-20.wav,3,2,song,5,angry,2,2,2,20,female
C:\Users\Grana\Documents\GitHub\Project_CSE432_MG\Project_CSE432-532\SER_Project\data\Audio_Song_Actors_01-24\Actor_20\03-02-06-01-01-01-20.wav,3,2,song,6,fearful,1,1,1,20,female
C:\Users\Grana\Documents\GitHub\Project_CSE432_MG\Project_CSE432-532\SER_Project\data\Audio_Song_Actors_01-24\Actor_20\03-02-06-01-01-02-20.wav,3,2,song,6,fearful,1,1,2,20,female
C:\Users\Grana\Documents\GitHub\Project_CSE432_MG\Project_CSE432-532\SER_Project\data\Audio_Song_Actors_01-24\Actor_20\03-02-06-01-02-01-20.wav,3,2,song,6,fearful,1,2,1,20,female
C:\Users\Grana\Documents\GitHub\Project_CSE432_MG\Project_CSE432-532\SER_Project\data\Audio_Song_Actors_01-24\Actor_20\03-02-06-01-02-02-20.wav,3,2,song,6,fearful,1,2,2,20,female
C:\Users\Grana\Documents\GitHub\Project_CSE432_MG\Project_CSE432-532\SER_Project\data\Audio_Song_Actors_01-24\Actor_20\03-02-06-02-01-01-20.wav,3,2,song,6,fearful,2,1,1,20,female
C:\Users\Grana\Documents\GitHub\Project_CSE432_MG\Project_CSE432-532\SER_Project\data\Audio_Song_Actors_01-24\Actor_20\03-02-06-02-01-02-20.wav,3,2,song,6,fearful,2,1,2,20,female
C:\Users\Grana\Documents\GitHub\Project_CSE432_MG\Project_CSE432-532\SER_Project\data\Audio_Song_Actors_01-24\Actor_20\03-02-06-02-02-01-20.wav,3,2,song,6,fearful,2,2,1,20,female
C:\Users\Grana\Documents\GitHub\Project_CSE432_MG\Project_CSE432-532\SER_Project\data\Audio_Song_Actors_01-24\Actor_20\03-02-06-02-02-02-20.wav,3,2,song,6,fearful,2,2,2,20,female
C:\Users\Grana\Documents\GitHub\Project_CSE432_MG\Project_CSE432-532\SER_Project\data\Audio_Song_Actors_01-24\Actor_21\03-02-01-01-01-01-21.wav,3,2,song,1,neutral,1,1,1,21,male
C:\Users\Grana\Documents\GitHub\Project_CSE432_MG\Project_CSE432-532\SER_Project\data\Audio_Song_Actors_01-24\Actor_21\03-02-01-01-01-02-21.wav,3,2,song,1,neutral,1,1,2,21,male
C:\Users\Grana\Documents\GitHub\Project_CSE432_MG\Project_CSE432-532\SER_Project\data\Audio_Song_Actors_01-24\Actor_21\03-02-01-01-02-01-21.wav,3,2,song,1,neutral,1,2,1,21,male
C:\Users\Grana\Documents\GitHub\Project_CSE432_MG\Project_CSE432-532\SER_Project\data\Audio_Song_Actors_01-24\Actor_21\03-02-01-01-02-02-21.wav,3,2,song,1,neutral,1,2,2,21,male
C:\Users\Grana\Documents\GitHub\Project_CSE432_MG\Project_CSE432-532\SER_Project\data\Audio_Song_Actors_01-24\Actor_21\03-02-02-01-01-01-21.wav,3,2,song,2,calm,1,1,1,21,male
C:\Users\Grana\Documents\GitHub\Project_CSE432_MG\Project_CSE432-532\SER_Project\data\Audio_Song_Actors_01-24\Actor_21\03-02-02-01-01-02-21.wav,3,2,song,2,calm,1,1,2,21,male
C:\Users\Grana\Documents\GitHub\Project_CSE432_MG\Project_CSE432-532\SER_Project\data\Audio_Song_Actors_01-24\Actor_21\03-02-02-01-02-01-21.wav,3,2,song,2,calm,1,2,1,21,male
C:\Users\Grana\Documents\GitHub\Project_CSE432_MG\Project_CSE432-532\SER_Project\data\Audio_Song_Actors_01-24\Actor_21\03-02-02-01-02-02-21.wav,3,2,song,2,calm,1,2,2,21,male
C:\Users\Grana\Documents\GitHub\Project_CSE432_MG\Project_CSE432-532\SER_Project\data\Audio_Song_Actors_01-24\Actor_21\03-02-02-02-01-01-21.wav,3,2,song,2,calm,2,1,1,21,male
C:\Users\Grana\Documents\GitHub\Project_CSE432_MG\Project_CSE432-532\SER_Project\data\Audio_Song_Actors_01-24\Actor_21\03-02-02-02-01-02-21.wav,3,2,song,2,calm,2,1,2,21,male
C:\Users\Grana\Documents\GitHub\Project_CSE432_MG\Project_CSE432-532\SER_Project\data\Audio_Song_Actors_01-24\Actor_21\03-02-02-02-02-01-21.wav,3,2,song,2,calm,2,2,1,21,male
C:\Users\Grana\Documents\GitHub\Project_CSE432_MG\Project_CSE432-532\SER_Project\data\Audio_Song_Actors_01-24\Actor_21\03-02-02-02-02-02-21.wav,3,2,song,2,calm,2,2,2,21,male
C:\Users\Grana\Documents\GitHub\Project_CSE432_MG\Project_CSE432-532\SER_Project\data\Audio_Song_Actors_01-24\Actor_21\03-02-03-01-01-01-21.wav,3,2,song,3,happy,1,1,1,21,male
C:\Users\Grana\Documents\GitHub\Project_CSE432_MG\Project_CSE432-532\SER_Project\data\Audio_Song_Actors_01-24\Actor_21\03-02-03-01-01-02-21.wav,3,2,song,3,happy,1,1,2,21,male
C:\Users\Grana\Documents\GitHub\Project_CSE432_MG\Project_CSE432-532\SER_Project\data\Audio_Song_Actors_01-24\Actor_21\03-02-03-01-02-01-21.wav,3,2,song,3,happy,1,2,1,21,male
C:\Users\Grana\Documents\GitHub\Project_CSE432_MG\Project_CSE432-532\SER_Project\data\Audio_Song_Actors_01-24\Actor_21\03-02-03-01-02-02-21.wav,3,2,song,3,happy,1,2,2,21,male
C:\Users\Grana\Documents\GitHub\Project_CSE432_MG\Project_CSE432-532\SER_Project\data\Audio_Song_Actors_01-24\Actor_21\03-02-03-02-01-01-21.wav,3,2,song,3,happy,2,1,1,21,male
C:\Users\Grana\Documents\GitHub\Project_CSE432_MG\Project_CSE432-532\SER_Project\data\Audio_Song_Actors_01-24\Actor_21\03-02-03-02-01-02-21.wav,3,2,song,3,happy,2,1,2,21,male
C:\Users\Grana\Documents\GitHub\Project_CSE432_MG\Project_CSE432-532\SER_Project\data\Audio_Song_Actors_01-24\Actor_21\03-02-03-02-02-01-21.wav,3,2,song,3,happy,2,2,1,21,male
C:\Users\Grana\Documents\GitHub\Project_CSE432_MG\Project_CSE432-532\SER_Project\data\Audio_Song_Actors_01-24\Actor_21\03-02-03-02-02-02-21.wav,3,2,song,3,happy,2,2,2,21,male
C:\Users\Grana\Documents\GitHub\Project_CSE432_MG\Project_CSE432-532\SER_Project\data\Audio_Song_Actors_01-24\Actor_21\03-02-04-01-01-01-21.wav,3,2,song,4,sad,1,1,1,21,male
C:\Users\Grana\Documents\GitHub\Project_CSE432_MG\Project_CSE432-532\SER_Project\data\Audio_Song_Actors_01-24\Actor_21\03-02-04-01-01-02-21.wav,3,2,song,4,sad,1,1,2,21,male
C:\Users\Grana\Documents\GitHub\Project_CSE432_MG\Project_CSE432-532\SER_Project\data\Audio_Song_Actors_01-24\Actor_21\03-02-04-01-02-01-21.wav,3,2,song,4,sad,1,2,1,21,male
C:\Users\Grana\Documents\GitHub\Project_CSE432_MG\Project_CSE432-532\SER_Project\data\Audio_Song_Actors_01-24\Actor_21\03-02-04-01-02-02-21.wav,3,2,song,4,sad,1,2,2,21,male
C:\Users\Grana\Documents\GitHub\Project_CSE432_MG\Project_CSE432-532\SER_Project\data\Audio_Song_Actors_01-24\Actor_21\03-02-04-02-01-01-21.wav,3,2,song,4,sad,2,1,1,21,male
C:\Users\Grana\Documents\GitHub\Project_CSE432_MG\Project_CSE432-532\SER_Project\data\Audio_Song_Actors_01-24\Actor_21\03-02-04-02-01-02-21.wav,3,2,song,4,sad,2,1,2,21,male
C:\Users\Grana\Documents\GitHub\Project_CSE432_MG\Project_CSE432-532\SER_Project\data\Audio_Song_Actors_01-24\Actor_21\03-02-04-02-02-01-21.wav,3,2,song,4,sad,2,2,1,21,male
C:\Users\Grana\Documents\GitHub\Project_CSE432_MG\Project_CSE432-532\SER_Project\data\Audio_Song_Actors_01-24\Actor_21\03-02-04-02-02-02-21.wav,3,2,song,4,sad,2,2,2,21,male
C:\Users\Grana\Documents\GitHub\Project_CSE432_MG\Project_CSE432-532\SER_Project\data\Audio_Song_Actors_01-24\Actor_21\03-02-05-01-01-01-21.wav,3,2,song,5,angry,1,1,1,21,male
C:\Users\Grana\Documents\GitHub\Project_CSE432_MG\Project_CSE432-532\SER_Project\data\Audio_Song_Actors_01-24\Actor_21\03-02-05-01-01-02-21.wav,3,2,song,5,angry,1,1,2,21,male
C:\Users\Grana\Documents\GitHub\Project_CSE432_MG\Project_CSE432-532\SER_Project\data\Audio_Song_Actors_01-24\Actor_21\03-02-05-01-02-01-21.wav,3,2,song,5,angry,1,2,1,21,male
C:\Users\Grana\Documents\GitHub\Project_CSE432_MG\Project_CSE432-532\SER_Project\data\Audio_Song_Actors_01-24\Actor_21\03-02-05-01-02-02-21.wav,3,2,song,5,angry,1,2,2,21,male
C:\Users\Grana\Documents\GitHub\Project_CSE432_MG\Project_CSE432-532\SER_Project\data\Audio_Song_Actors_01-24\Actor_21\03-02-05-02-01-01-21.wav,3,2,song,5,angry,2,1,1,21,male
C:\Users\Grana\Documents\GitHub\Project_CSE432_MG\Project_CSE432-532\SER_Project\data\Audio_Song_Actors_01-24\Actor_21\03-02-05-02-01-02-21.wav,3,2,song,5,angry,2,1,2,21,male
C:\Users\Grana\Documents\GitHub\Project_CSE432_MG\Project_CSE432-532\SER_Project\data\Audio_Song_Actors_01-24\Actor_21\03-02-05-02-02-01-21.wav,3,2,song,5,angry,2,2,1,21,male
C:\Users\Grana\Documents\GitHub\Project_CSE432_MG\Project_CSE432-532\SER_Project\data\Audio_Song_Actors_01-24\Actor_21\03-02-05-02-02-02-21.wav,3,2,song,5,angry,2,2,2,21,male
C:\Users\Grana\Documents\GitHub\Project_CSE432_MG\Project_CSE432-532\SER_Project\data\Audio_Song_Actors_01-24\Actor_21\03-02-06-01-01-01-21.wav,3,2,song,6,fearful,1,1,1,21,male
C:\Users\Grana\Documents\GitHub\Project_CSE432_MG\Project_CSE432-532\SER_Project\data\Audio_Song_Actors_01-24\Actor_21\03-02-06-01-01-02-21.wav,3,2,song,6,fearful,1,1,2,21,male
C:\Users\Grana\Documents\GitHub\Project_CSE432_MG\Project_CSE432-532\SER_Project\data\Audio_Song_Actors_01-24\Actor_21\03-02-06-01-02-01-21.wav,3,2,song,6,fearful,1,2,1,21,male
C:\Users\Grana\Documents\GitHub\Project_CSE432_MG\Project_CSE432-532\SER_Project\data\Audio_Song_Actors_01-24\Actor_21\03-02-06-01-02-02-21.wav,3,2,song,6,fearful,1,2,2,21,male
C:\Users\Grana\Documents\GitHub\Project_CSE432_MG\Project_CSE432-532\SER_Project\data\Audio_Song_Actors_01-24\Actor_21\03-02-06-02-01-01-21.wav,3,2,song,6,fearful,2,1,1,21,male
C:\Users\Grana\Documents\GitHub\Project_CSE432_MG\Project_CSE432-532\SER_Project\data\Audio_Song_Actors_01-24\Actor_21\03-02-06-02-01-02-21.wav,3,2,song,6,fearful,2,1,2,21,male
C:\Users\Grana\Documents\GitHub\Project_CSE432_MG\Project_CSE432-532\SER_Project\data\Audio_Song_Actors_01-24\Actor_21\03-02-06-02-02-01-21.wav,3,2,song,6,fearful,2,2,1,21,male
C:\Users\Grana\Documents\GitHub\Project_CSE432_MG\Project_CSE432-532\SER_Project\data\Audio_Song_Actors_01-24\Actor_21\03-02-06-02-02-02-21.wav,3,2,song,6,fearful,2,2,2,21,male
C:\Users\Grana\Documents\GitHub\Project_CSE432_MG\Project_CSE432-532\SER_Project\data\Audio_Song_Actors_01-24\Actor_22\03-02-01-01-01-01-22.wav,3,2,song,1,neutral,1,1,1,22,female
C:\Users\Grana\Documents\GitHub\Project_CSE432_MG\Project_CSE432-532\SER_Project\data\Audio_Song_Actors_01-24\Actor_22\03-02-01-01-01-02-22.wav,3,2,song,1,neutral,1,1,2,22,female
C:\Users\Grana\Documents\GitHub\Project_CSE432_MG\Project_CSE432-532\SER_Project\data\Audio_Song_Actors_01-24\Actor_22\03-02-01-01-02-01-22.wav,3,2,song,1,neutral,1,2,1,22,female
C:\Users\Grana\Documents\GitHub\Project_CSE432_MG\Project_CSE432-532\SER_Project\data\Audio_Song_Actors_01-24\Actor_22\03-02-01-01-02-02-22.wav,3,2,song,1,neutral,1,2,2,22,female
C:\Users\Grana\Documents\GitHub\Project_CSE432_MG\Project_CSE432-532\SER_Project\data\Audio_Song_Actors_01-24\Actor_22\03-02-02-01-01-01-22.wav,3,2,song,2,calm,1,1,1,22,female
C:\Users\Grana\Documents\GitHub\Project_CSE432_MG\Project_CSE432-532\SER_Project\data\Audio_Song_Actors_01-24\Actor_22\03-02-02-01-01-02-22.wav,3,2,song,2,calm,1,1,2,22,female
C:\Users\Grana\Documents\GitHub\Project_CSE432_MG\Project_CSE432-532\SER_Project\data\Audio_Song_Actors_01-24\Actor_22\03-02-02-01-02-01-22.wav,3,2,song,2,calm,1,2,1,22,female
C:\Users\Grana\Documents\GitHub\Project_CSE432_MG\Project_CSE432-532\SER_Project\data\Audio_Song_Actors_01-24\Actor_22\03-02-02-01-02-02-22.wav,3,2,song,2,calm,1,2,2,22,female
C:\Users\Grana\Documents\GitHub\Project_CSE432_MG\Project_CSE432-532\SER_Project\data\Audio_Song_Actors_01-24\Actor_22\03-02-02-02-01-01-22.wav,3,2,song,2,calm,2,1,1,22,female
C:\Users\Grana\Documents\GitHub\Project_CSE432_MG\Project_CSE432-532\SER_Project\data\Audio_Song_Actors_01-24\Actor_22\03-02-02-02-01-02-22.wav,3,2,song,2,calm,2,1,2,22,female
C:\Users\Grana\Documents\GitHub\Project_CSE432_MG\Project_CSE432-532\SER_Project\data\Audio_Song_Actors_01-24\Actor_22\03-02-02-02-02-01-22.wav,3,2,song,2,calm,2,2,1,22,female
C:\Users\Grana\Documents\GitHub\Project_CSE432_MG\Project_CSE432-532\SER_Project\data\Audio_Song_Actors_01-24\Actor_22\03-02-02-02-02-02-22.wav,3,2,song,2,calm,2,2,2,22,female
C:\Users\Grana\Documents\GitHub\Project_CSE432_MG\Project_CSE432-532\SER_Project\data\Audio_Song_Actors_01-24\Actor_22\03-02-03-01-01-01-22.wav,3,2,song,3,happy,1,1,1,22,female
C:\Users\Grana\Documents\GitHub\Project_CSE432_MG\Project_CSE432-532\SER_Project\data\Audio_Song_Actors_01-24\Actor_22\03-02-03-01-01-02-22.wav,3,2,song,3,happy,1,1,2,22,female
C:\Users\Grana\Documents\GitHub\Project_CSE432_MG\Project_CSE432-532\SER_Project\data\Audio_Song_Actors_01-24\Actor_22\03-02-03-01-02-01-22.wav,3,2,song,3,happy,1,2,1,22,female
C:\Users\Grana\Documents\GitHub\Project_CSE432_MG\Project_CSE432-532\SER_Project\data\Audio_Song_Actors_01-24\Actor_22\03-02-03-01-02-02-22.wav,3,2,song,3,happy,1,2,2,22,female
C:\Users\Grana\Documents\GitHub\Project_CSE432_MG\Project_CSE432-532\SER_Project\data\Audio_Song_Actors_01-24\Actor_22\03-02-03-02-01-01-22.wav,3,2,song,3,happy,2,1,1,22,female
C:\Users\Grana\Documents\GitHub\Project_CSE432_MG\Project_CSE432-532\SER_Project\data\Audio_Song_Actors_01-24\Actor_22\03-02-03-02-01-02-22.wav,3,2,song,3,happy,2,1,2,22,female
C:\Users\Grana\Documents\GitHub\Project_CSE432_MG\Project_CSE432-532\SER_Project\data\Audio_Song_Actors_01-24\Actor_22\03-02-03-02-02-01-22.wav,3,2,song,3,happy,2,2,1,22,female
C:\Users\Grana\Documents\GitHub\Project_CSE432_MG\Project_CSE432-532\SER_Project\data\Audio_Song_Actors_01-24\Actor_22\03-02-03-02-02-02-22.wav,3,2,song,3,happy,2,2,2,22,female
C:\Users\Grana\Documents\GitHub\Project_CSE432_MG\Project_CSE432-532\SER_Project\data\Audio_Song_Actors_01-24\Actor_22\03-02-04-01-01-01-22.wav,3,2,song,4,sad,1,1,1,22,female
C:\Users\Grana\Documents\GitHub\Project_CSE432_MG\Project_CSE432-532\SER_Project\data\Audio_Song_Actors_01-24\Actor_22\03-02-04-01-01-02-22.wav,3,2,song,4,sad,1,1,2,22,female
C:\Users\Grana\Documents\GitHub\Project_CSE432_MG\Project_CSE432-532\SER_Project\data\Audio_Song_Actors_01-24\Actor_22\03-02-04-01-02-01-22.wav,3,2,song,4,sad,1,2,1,22,female
C:\Users\Grana\Documents\GitHub\Project_CSE432_MG\Project_CSE432-532\SER_Project\data\Audio_Song_Actors_01-24\Actor_22\03-02-04-01-02-02-22.wav,3,2,song,4,sad,1,2,2,22,female
C:\Users\Grana\Documents\GitHub\Project_CSE432_MG\Project_CSE432-532\SER_Project\data\Audio_Song_Actors_01-24\Actor_22\03-02-04-02-01-01-22.wav,3,2,song,4,sad,2,1,1,22,female
C:\Users\Grana\Documents\GitHub\Project_CSE432_MG\Project_CSE432-532\SER_Project\data\Audio_Song_Actors_01-24\Actor_22\03-02-04-02-01-02-22.wav,3,2,song,4,sad,2,1,2,22,female
C:\Users\Grana\Documents\GitHub\Project_CSE432_MG\Project_CSE432-532\SER_Project\data\Audio_Song_Actors_01-24\Actor_22\03-02-04-02-02-01-22.wav,3,2,song,4,sad,2,2,1,22,female
C:\Users\Grana\Documents\GitHub\Project_CSE432_MG\Project_CSE432-532\SER_Project\data\Audio_Song_Actors_01-24\Actor_22\03-02-04-02-02-02-22.wav,3,2,song,4,sad,2,2,2,22,female
C:\Users\Grana\Documents\GitHub\Project_CSE432_MG\Project_CSE432-532\SER_Project\data\Audio_Song_Actors_01-24\Actor_22\03-02-05-01-01-01-22.wav,3,2,song,5,angry,1,1,1,22,female
C:\Users\Grana\Documents\GitHub\Project_CSE432_MG\Project_CSE432-532\SER_Project\data\Audio_Song_Actors_01-24\Actor_22\03-02-05-01-01-02-22.wav,3,2,song,5,angry,1,1,2,22,female
C:\Users\Grana\Documents\GitHub\Project_CSE432_MG\Project_CSE432-532\SER_Project\data\Audio_Song_Actors_01-24\Actor_22\03-02-05-01-02-01-22.wav,3,2,song,5,angry,1,2,1,22,female
C:\Users\Grana\Documents\GitHub\Project_CSE432_MG\Project_CSE432-532\SER_Project\data\Audio_Song_Actors_01-24\Actor_22\03-02-05-01-02-02-22.wav,3,2,song,5,angry,1,2,2,22,female
C:\Users\Grana\Documents\GitHub\Project_CSE432_MG\Project_CSE432-532\SER_Project\data\Audio_Song_Actors_01-24\Actor_22\03-02-05-02-01-01-22.wav,3,2,song,5,angry,2,1,1,22,female
C:\Users\Grana\Documents\GitHub\Project_CSE432_MG\Project_CSE432-532\SER_Project\data\Audio_Song_Actors_01-24\Actor_22\03-02-05-02-01-02-22.wav,3,2,song,5,angry,2,1,2,22,female
C:\Users\Grana\Documents\GitHub\Project_CSE432_MG\Project_CSE432-532\SER_Project\data\Audio_Song_Actors_01-24\Actor_22\03-02-05-02-02-01-22.wav,3,2,song,5,angry,2,2,1,22,female
C:\Users\Grana\Documents\GitHub\Project_CSE432_MG\Project_CSE432-532\SER_Project\data\Audio_Song_Actors_01-24\Actor_22\03-02-05-02-02-02-22.wav,3,2,song,5,angry,2,2,2,22,female
C:\Users\Grana\Documents\GitHub\Project_CSE432_MG\Project_CSE432-532\SER_Project\data\Audio_Song_Actors_01-24\Actor_22\03-02-06-01-01-01-22.wav,3,2,song,6,fearful,1,1,1,22,female
C:\Users\Grana\Documents\GitHub\Project_CSE432_MG\Project_CSE432-532\SER_Project\data\Audio_Song_Actors_01-24\Actor_22\03-02-06-01-01-02-22.wav,3,2,song,6,fearful,1,1,2,22,female
C:\Users\Grana\Documents\GitHub\Project_CSE432_MG\Project_CSE432-532\SER_Project\data\Audio_Song_Actors_01-24\Actor_22\03-02-06-01-02-01-22.wav,3,2,song,6,fearful,1,2,1,22,female
C:\Users\Grana\Documents\GitHub\Project_CSE432_MG\Project_CSE432-532\SER_Project\data\Audio_Song_Actors_01-24\Actor_22\03-02-06-01-02-02-22.wav,3,2,song,6,fearful,1,2,2,22,female
C:\Users\Grana\Documents\GitHub\Project_CSE432_MG\Project_CSE432-532\SER_Project\data\Audio_Song_Actors_01-24\Actor_22\03-02-06-02-01-01-22.wav,3,2,song,6,fearful,2,1,1,22,female
C:\Users\Grana\Documents\GitHub\Project_CSE432_MG\Project_CSE432-532\SER_Project\data\Audio_Song_Actors_01-24\Actor_22\03-02-06-02-01-02-22.wav,3,2,song,6,fearful,2,1,2,22,female
C:\Users\Grana\Documents\GitHub\Project_CSE432_MG\Project_CSE432-532\SER_Project\data\Audio_Song_Actors_01-24\Actor_22\03-02-06-02-02-01-22.wav,3,2,song,6,fearful,2,2,1,22,female
C:\Users\Grana\Documents\GitHub\Project_CSE432_MG\Project_CSE432-532\SER_Project\data\Audio_Song_Actors_01-24\Actor_22\03-02-06-02-02-02-22.wav,3,2,song,6,fearful,2,2,2,22,female
C:\Users\Grana\Documents\GitHub\Project_CSE432_MG\Project_CSE432-532\SER_Project\data\Audio_Song_Actors_01-24\Actor_23\03-02-01-01-01-01-23.wav,3,2,song,1,neutral,1,1,1,23,male
C:\Users\Grana\Documents\GitHub\Project_CSE432_MG\Project_CSE432-532\SER_Project\data\Audio_Song_Actors_01-24\Actor_23\03-02-01-01-01-02-23.wav,3,2,song,1,neutral,1,1,2,23,male
C:\Users\Grana\Documents\GitHub\Project_CSE432_MG\Project_CSE432-532\SER_Project\data\Audio_Song_Actors_01-24\Actor_23\03-02-01-01-02-01-23.wav,3,2,song,1,neutral,1,2,1,23,male
C:\Users\Grana\Documents\GitHub\Project_CSE432_MG\Project_CSE432-532\SER_Project\data\Audio_Song_Actors_01-24\Actor_23\03-02-01-01-02-02-23.wav,3,2,song,1,neutral,1,2,2,23,male
C:\Users\Grana\Documents\GitHub\Project_CSE432_MG\Project_CSE432-532\SER_Project\data\Audio_Song_Actors_01-24\Actor_23\03-02-02-01-01-01-23.wav,3,2,song,2,calm,1,1,1,23,male
C:\Users\Grana\Documents\GitHub\Project_CSE432_MG\Project_CSE432-532\SER_Project\data\Audio_Song_Actors_01-24\Actor_23\03-02-02-01-01-02-23.wav,3,2,song,2,calm,1,1,2,23,male
C:\Users\Grana\Documents\GitHub\Project_CSE432_MG\Project_CSE432-532\SER_Project\data\Audio_Song_Actors_01-24\Actor_23\03-02-02-01-02-01-23.wav,3,2,song,2,calm,1,2,1,23,male
C:\Users\Grana\Documents\GitHub\Project_CSE432_MG\Project_CSE432-532\SER_Project\data\Audio_Song_Actors_01-24\Actor_23\03-02-02-01-02-02-23.wav,3,2,song,2,calm,1,2,2,23,male
C:\Users\Grana\Documents\GitHub\Project_CSE432_MG\Project_CSE432-532\SER_Project\data\Audio_Song_Actors_01-24\Actor_23\03-02-02-02-01-01-23.wav,3,2,song,2,calm,2,1,1,23,male
C:\Users\Grana\Documents\GitHub\Project_CSE432_MG\Project_CSE432-532\SER_Project\data\Audio_Song_Actors_01-24\Actor_23\03-02-02-02-01-02-23.wav,3,2,song,2,calm,2,1,2,23,male
C:\Users\Grana\Documents\GitHub\Project_CSE432_MG\Project_CSE432-532\SER_Project\data\Audio_Song_Actors_01-24\Actor_23\03-02-02-02-02-01-23.wav,3,2,song,2,calm,2,2,1,23,male
C:\Users\Grana\Documents\GitHub\Project_CSE432_MG\Project_CSE432-532\SER_Project\data\Audio_Song_Actors_01-24\Actor_23\03-02-02-02-02-02-23.wav,3,2,song,2,calm,2,2,2,23,male
C:\Users\Grana\Documents\GitHub\Project_CSE432_MG\Project_CSE432-532\SER_Project\data\Audio_Song_Actors_01-24\Actor_23\03-02-03-01-01-01-23.wav,3,2,song,3,happy,1,1,1,23,male
C:\Users\Grana\Documents\GitHub\Project_CSE432_MG\Project_CSE432-532\SER_Project\data\Audio_Song_Actors_01-24\Actor_23\03-02-03-01-01-02-23.wav,3,2,song,3,happy,1,1,2,23,male
C:\Users\Grana\Documents\GitHub\Project_CSE432_MG\Project_CSE432-532\SER_Project\data\Audio_Song_Actors_01-24\Actor_23\03-02-03-01-02-01-23.wav,3,2,song,3,happy,1,2,1,23,male
C:\Users\Grana\Documents\GitHub\Project_CSE432_MG\Project_CSE432-532\SER_Project\data\Audio_Song_Actors_01-24\Actor_23\03-02-03-01-02-02-23.wav,3,2,song,3,happy,1,2,2,23,male
C:\Users\Grana\Documents\GitHub\Project_CSE432_MG\Project_CSE432-532\SER_Project\data\Audio_Song_Actors_01-24\Actor_23\03-02-03-02-01-01-23.wav,3,2,song,3,happy,2,1,1,23,male
C:\Users\Grana\Documents\GitHub\Project_CSE432_MG\Project_CSE432-532\SER_Project\data\Audio_Song_Actors_01-24\Actor_23\03-02-03-02-01-02-23.wav,3,2,song,3,happy,2,1,2,23,male
C:\Users\Grana\Documents\GitHub\Project_CSE432_MG\Project_CSE432-532\SER_Project\data\Audio_Song_Actors_01-24\Actor_23\03-02-03-02-02-01-23.wav,3,2,song,3,happy,2,2,1,23,male
C:\Users\Grana\Documents\GitHub\Project_CSE432_MG\Project_CSE432-532\SER_Project\data\Audio_Song_Actors_01-24\Actor_23\03-02-03-02-02-02-23.wav,3,2,song,3,happy,2,2,2,23,male
C:\Users\Grana\Documents\GitHub\Project_CSE432_MG\Project_CSE432-532\SER_Project\data\Audio_Song_Actors_01-24\Actor_23\03-02-04-01-01-01-23.wav,3,2,song,4,sad,1,1,1,23,male
C:\Users\Grana\Documents\GitHub\Project_CSE432_MG\Project_CSE432-532\SER_Project\data\Audio_Song_Actors_01-24\Actor_23\03-02-04-01-01-02-23.wav,3,2,song,4,sad,1,1,2,23,male
C:\Users\Grana\Documents\GitHub\Project_CSE432_MG\Project_CSE432-532\SER_Project\data\Audio_Song_Actors_01-24\Actor_23\03-02-04-01-02-01-23.wav,3,2,song,4,sad,1,2,1,23,male
C:\Users\Grana\Documents\GitHub\Project_CSE432_MG\Project_CSE432-532\SER_Project\data\Audio_Song_Actors_01-24\Actor_23\03-02-04-01-02-02-23.wav,3,2,song,4,sad,1,2,2,23,male
C:\Users\Grana\Documents\GitHub\Project_CSE432_MG\Project_CSE432-532\SER_Project\data\Audio_Song_Actors_01-24\Actor_23\03-02-04-02-01-01-23.wav,3,2,song,4,sad,2,1,1,23,male
C:\Users\Grana\Documents\GitHub\Project_CSE432_MG\Project_CSE432-532\SER_Project\data\Audio_Song_Actors_01-24\Actor_23\03-02-04-02-01-02-23.wav,3,2,song,4,sad,2,1,2,23,male
C:\Users\Grana\Documents\GitHub\Project_CSE432_MG\Project_CSE432-532\SER_Project\data\Audio_Song_Actors_01-24\Actor_23\03-02-04-02-02-01-23.wav,3,2,song,4,sad,2,2,1,23,male
C:\Users\Grana\Documents\GitHub\Project_CSE432_MG\Project_CSE432-532\SER_Project\data\Audio_Song_Actors_01-24\Actor_23\03-02-04-02-02-02-23.wav,3,2,song,4,sad,2,2,2,23,male
C:\Users\Grana\Documents\GitHub\Project_CSE432_MG\Project_CSE432-532\SER_Project\data\Audio_Song_Actors_01-24\Actor_23\03-02-05-01-01-01-23.wav,3,2,song,5,angry,1,1,1,23,male
C:\Users\Grana\Documents\GitHub\Project_CSE432_MG\Project_CSE432-532\SER_Project\data\Audio_Song_Actors_01-24\Actor_23\03-02-05-01-01-02-23.wav,3,2,song,5,angry,1,1,2,23,male
C:\Users\Grana\Documents\GitHub\Project_CSE432_MG\Project_CSE432-532\SER_Project\data\Audio_Song_Actors_01-24\Actor_23\03-02-05-01-02-01-23.wav,3,2,song,5,angry,1,2,1,23,male
C:\Users\Grana\Documents\GitHub\Project_CSE432_MG\Project_CSE432-532\SER_Project\data\Audio_Song_Actors_01-24\Actor_23\03-02-05-01-02-02-23.wav,3,2,song,5,angry,1,2,2,23,male
C:\Users\Grana\Documents\GitHub\Project_CSE432_MG\Project_CSE432-532\SER_Project\data\Audio_Song_Actors_01-24\Actor_23\03-02-05-02-01-01-23.wav,3,2,song,5,angry,2,1,1,23,male
C:\Users\Grana\Documents\GitHub\Project_CSE432_MG\Project_CSE432-532\SER_Project\data\Audio_Song_Actors_01-24\Actor_23\03-02-05-02-01-02-23.wav,3,2,song,5,angry,2,1,2,23,male
C:\Users\Grana\Documents\GitHub\Project_CSE432_MG\Project_CSE432-532\SER_Project\data\Audio_Song_Actors_01-24\Actor_23\03-02-05-02-02-01-23.wav,3,2,song,5,angry,2,2,1,23,male
C:\Users\Grana\Documents\GitHub\Project_CSE432_MG\Project_CSE432-532\SER_Project\data\Audio_Song_Actors_01-24\Actor_23\03-02-05-02-02-02-23.wav,3,2,song,5,angry,2,2,2,23,male
C:\Users\Grana\Documents\GitHub\Project_CSE432_MG\Project_CSE432-532\SER_Project\data\Audio_Song_Actors_01-24\Actor_23\03-02-06-01-01-01-23.wav,3,2,song,6,fearful,1,1,1,23,male
C:\Users\Grana\Documents\GitHub\Project_CSE432_MG\Project_CSE432-532\SER_Project\data\Audio_Song_Actors_01-24\Actor_23\03-02-06-01-01-02-23.wav,3,2,song,6,fearful,1,1,2,23,male
C:\Users\Grana\Documents\GitHub\Project_CSE432_MG\Project_CSE432-532\SER_Project\data\Audio_Song_Actors_01-24\Actor_23\03-02-06-01-02-01-23.wav,3,2,song,6,fearful,1,2,1,23,male
C:\Users\Grana\Documents\GitHub\Project_CSE432_MG\Project_CSE432-532\SER_Project\data\Audio_Song_Actors_01-24\Actor_23\03-02-06-01-02-02-23.wav,3,2,song,6,fearful,1,2,2,23,male
C:\Users\Grana\Documents\GitHub\Project_CSE432_MG\Project_CSE432-532\SER_Project\data\Audio_Song_Actors_01-24\Actor_23\03-02-06-02-01-01-23.wav,3,2,song,6,fearful,2,1,1,23,male
C:\Users\Grana\Documents\GitHub\Project_CSE432_MG\Project_CSE432-532\SER_Project\data\Audio_Song_Actors_01-24\Actor_23\03-02-06-02-01-02-23.wav,3,2,song,6,fearful,2,1,2,23,male
C:\Users\Grana\Documents\GitHub\Project_CSE432_MG\Project_CSE432-532\SER_Project\data\Audio_Song_Actors_01-24\Actor_23\03-02-06-02-02-01-23.wav,3,2,song,6,fearful,2,2,1,23,male
C:\Users\Grana\Documents\GitHub\Project_CSE432_MG\Project_CSE432-532\SER_Project\data\Audio_Song_Actors_01-24\Actor_23\03-02-06-02-02-02-23.wav,3,2,song,6,fearful,2,2,2,23,male
C:\Users\Grana\Documents\GitHub\Project_CSE432_MG\Project_CSE432-532\SER_Project\data\Audio_Song_Actors_01-24\Actor_24\03-02-01-01-01-01-24.wav,3,2,song,1,neutral,1,1,1,24,female
C:\Users\Grana\Documents\GitHub\Project_CSE432_MG\Project_CSE432-532\SER_Project\data\Audio_Song_Actors_01-24\Actor_24\03-02-01-01-01-02-24.wav,3,2,song,1,neutral,1,1,2,24,female
C:\Users\Grana\Documents\GitHub\Project_CSE432_MG\Project_CSE432-532\SER_Project\data\Audio_Song_Actors_01-24\Actor_24\03-02-01-01-02-01-24.wav,3,2,song,1,neutral,1,2,1,24,female
C:\Users\Grana\Documents\GitHub\Project_CSE432_MG\Project_CSE432-532\SER_Project\data\Audio_Song_Actors_01-24\Actor_24\03-02-01-01-02-02-24.wav,3,2,song,1,neutral,1,2,2,24,female
C:\Users\Grana\Documents\GitHub\Project_CSE432_MG\Project_CSE432-532\SER_Project\data\Audio_Song_Actors_01-24\Actor_24\03-02-02-01-01-01-24.wav,3,2,song,2,calm,1,1,1,24,female
C:\Users\Grana\Documents\GitHub\Project_CSE432_MG\Project_CSE432-532\SER_Project\data\Audio_Song_Actors_01-24\Actor_24\03-02-02-01-01-02-24.wav,3,2,song,2,calm,1,1,2,24,female
C:\Users\Grana\Documents\GitHub\Project_CSE432_MG\Project_CSE432-532\SER_Project\data\Audio_Song_Actors_01-24\Actor_24\03-02-02-01-02-01-24.wav,3,2,song,2,calm,1,2,1,24,female
C:\Users\Grana\Documents\GitHub\Project_CSE432_MG\Project_CSE432-532\SER_Project\data\Audio_Song_Actors_01-24\Actor_24\03-02-02-01-02-02-24.wav,3,2,song,2,calm,1,2,2,24,female
C:\Users\Grana\Documents\GitHub\Project_CSE432_MG\Project_CSE432-532\SER_Project\data\Audio_Song_Actors_01-24\Actor_24\03-02-02-02-01-01-24.wav,3,2,song,2,calm,2,1,1,24,female
C:\Users\Grana\Documents\GitHub\Project_CSE432_MG\Project_CSE432-532\SER_Project\data\Audio_Song_Actors_01-24\Actor_24\03-02-02-02-01-02-24.wav,3,2,song,2,calm,2,1,2,24,female
C:\Users\Grana\Documents\GitHub\Project_CSE432_MG\Project_CSE432-532\SER_Project\data\Audio_Song_Actors_01-24\Actor_24\03-02-02-02-02-01-24.wav,3,2,song,2,calm,2,2,1,24,female
C:\Users\Grana\Documents\GitHub\Project_CSE432_MG\Project_CSE432-532\SER_Project\data\Audio_Song_Actors_01-24\Actor_24\03-02-02-02-02-02-24.wav,3,2,song,2,calm,2,2,2,24,female
C:\Users\Grana\Documents\GitHub\Project_CSE432_MG\Project_CSE432-532\SER_Project\data\Audio_Song_Actors_01-24\Actor_24\03-02-03-01-01-01-24.wav,3,2,song,3,happy,1,1,1,24,female
C:\Users\Grana\Documents\GitHub\Project_CSE432_MG\Project_CSE432-532\SER_Project\data\Audio_Song_Actors_01-24\Actor_24\03-02-03-01-01-02-24.wav,3,2,song,3,happy,1,1,2,24,female
C:\Users\Grana\Documents\GitHub\Project_CSE432_MG\Project_CSE432-532\SER_Project\data\Audio_Song_Actors_01-24\Actor_24\03-02-03-01-02-01-24.wav,3,2,song,3,happy,1,2,1,24,female
C:\Users\Grana\Documents\GitHub\Project_CSE432_MG\Project_CSE432-532\SER_Project\data\Audio_Song_Actors_01-24\Actor_24\03-02-03-01-02-02-24.wav,3,2,song,3,happy,1,2,2,24,female
C:\Users\Grana\Documents\GitHub\Project_CSE432_MG\Project_CSE432-532\SER_Project\data\Audio_Song_Actors_01-24\Actor_24\03-02-03-02-01-01-24.wav,3,2,song,3,happy,2,1,1,24,female
C:\Users\Grana\Documents\GitHub\Project_CSE432_MG\Project_CSE432-532\SER_Project\data\Audio_Song_Actors_01-24\Actor_24\03-02-03-02-01-02-24.wav,3,2,song,3,happy,2,1,2,24,female
C:\Users\Grana\Documents\GitHub\Project_CSE432_MG\Project_CSE432-532\SER_Project\data\Audio_Song_Actors_01-24\Actor_24\03-02-03-02-02-01-24.wav,3,2,song,3,happy,2,2,1,24,female
C:\Users\Grana\Documents\GitHub\Project_CSE432_MG\Project_CSE432-532\SER_Project\data\Audio_Song_Actors_01-24\Actor_24\03-02-03-02-02-02-24.wav,3,2,song,3,happy,2,2,2,24,female
C:\Users\Grana\Documents\GitHub\Project_CSE432_MG\Project_CSE432-532\SER_Project\data\Audio_Song_Actors_01-24\Actor_24\03-02-04-01-01-01-24.wav,3,2,song,4,sad,1,1,1,24,female
C:\Users\Grana\Documents\GitHub\Project_CSE432_MG\Project_CSE432-532\SER_Project\data\Audio_Song_Actors_01-24\Actor_24\03-02-04-01-01-02-24.wav,3,2,song,4,sad,1,1,2,24,female
C:\Users\Grana\Documents\GitHub\Project_CSE432_MG\Project_CSE432-532\SER_Project\data\Audio_Song_Actors_01-24\Actor_24\03-02-04-01-02-01-24.wav,3,2,song,4,sad,1,2,1,24,female
C:\Users\Grana\Documents\GitHub\Project_CSE432_MG\Project_CSE432-532\SER_Project\data\Audio_Song_Actors_01-24\Actor_24\03-02-04-01-02-02-24.wav,3,2,song,4,sad,1,2,2,24,female
C:\Users\Grana\Documents\GitHub\Project_CSE432_MG\Project_CSE432-532\SER_Project\data\Audio_Song_Actors_01-24\Actor_24\03-02-04-02-01-01-24.wav,3,2,song,4,sad,2,1,1,24,female
C:\Users\Grana\Documents\GitHub\Project_CSE432_MG\Project_CSE432-532\SER_Project\data\Audio_Song_Actors_01-24\Actor_24\03-02-04-02-01-02-24.wav,3,2,song,4,sad,2,1,2,24,female
C:\Users\Grana\Documents\GitHub\Project_CSE432_MG\Project_CSE432-532\SER_Project\data\Audio_Song_Actors_01-24\Actor_24\03-02-04-02-02-01-24.wav,3,2,song,4,sad,2,2,1,24,female
C:\Users\Grana\Documents\GitHub\Project_CSE432_MG\Project_CSE432-532\SER_Project\data\Audio_Song_Actors_01-24\Actor_24\03-02-04-02-02-02-24.wav,3,2,song,4,sad,2,2,2,24,female
C:\Users\Grana\Documents\GitHub\Project_CSE432_MG\Project_CSE432-532\SER_Project\data\Audio_Song_Actors_01-24\Actor_24\03-02-05-01-01-01-24.wav,3,2,song,5,angry,1,1,1,24,female
C:\Users\Grana\Documents\GitHub\Project_CSE432_MG\Project_CSE432-532\SER_Project\data\Audio_Song_Actors_01-24\Actor_24\03-02-05-01-01-02-24.wav,3,2,song,5,angry,1,1,2,24,female
C:\Users\Grana\Documents\GitHub\Project_CSE432_MG\Project_CSE432-532\SER_Project\data\Audio_Song_Actors_01-24\Actor_24\03-02-05-01-02-01-24.wav,3,2,song,5,angry,1,2,1,24,female
C:\Users\Grana\Documents\GitHub\Project_CSE432_MG\Project_CSE432-532\SER_Project\data\Audio_Song_Actors_01-24\Actor_24\03-02-05-01-02-02-24.wav,3,2,song,5,angry,1,2,2,24,female
C:\Users\Grana\Documents\GitHub\Project_CSE432_MG\Project_CSE432-532\SER_Project\data\Audio_Song_Actors_01-24\Actor_24\03-02-05-02-01-01-24.wav,3,2,song,5,angry,2,1,1,24,female
C:\Users\Grana\Documents\GitHub\Project_CSE432_MG\Project_CSE432-532\SER_Project\data\Audio_Song_Actors_01-24\Actor_24\03-02-05-02-01-02-24.wav,3,2,song,5,angry,2,1,2,24,female
C:\Users\Grana\Documents\GitHub\Project_CSE432_MG\Project_CSE432-532\SER_Project\data\Audio_Song_Actors_01-24\Actor_24\03-02-05-02-02-01-24.wav,3,2,song,5,angry,2,2,1,24,female
C:\Users\Grana\Documents\GitHub\Project_CSE432_MG\Project_CSE432-532\SER_Project\data\Audio_Song_Actors_01-24\Actor_24\03-02-05-02-02-02-24.wav,3,2,song,5,angry,2,2,2,24,female
C:\Users\Grana\Documents\GitHub\Project_CSE432_MG\Project_CSE432-532\SER_Project\data\Audio_Song_Actors_01-24\Actor_24\03-02-06-01-01-01-24.wav,3,2,song,6,fearful,1,1,1,24,female
C:\Users\Grana\Documents\GitHub\Project_CSE432_MG\Project_CSE432-532\SER_Project\data\Audio_Song_Actors_01-24\Actor_24\03-02-06-01-01-02-24.wav,3,2,song,6,fearful,1,1,2,24,female
C:\Users\Grana\Documents\GitHub\Project_CSE432_MG\Project_CSE432-532\SER_Project\data\Audio_Song_Actors_01-24\Actor_24\03-02-06-01-02-01-24.wav,3,2,song,6,fearful,1,2,1,24,female
C:\Users\Grana\Documents\GitHub\Project_CSE432_MG\Project_CSE432-532\SER_Project\data\Audio_Song_Actors_01-24\Actor_24\03-02-06-01-02-02-24.wav,3,2,song,6,fearful,1,2,2,24,female
C:\Users\Grana\Documents\GitHub\Project_CSE432_MG\Project_CSE432-532\SER_Project\data\Audio_Song_Actors_01-24\Actor_24\03-02-06-02-01-01-24.wav,3,2,song,6,fearful,2,1,1,24,female
C:\Users\Grana\Documents\GitHub\Project_CSE432_MG\Project_CSE432-532\SER_Project\data\Audio_Song_Actors_01-24\Actor_24\03-02-06-02-01-02-24.wav,3,2,song,6,fearful,2,1,2,24,female
C:\Users\Grana\Documents\GitHub\Project_CSE432_MG\Project_CSE432-532\SER_Project\data\Audio_Song_Actors_01-24\Actor_24\03-02-06-02-02-01-24.wav,3,2,song,6,fearful,2,2,1,24,female
C:\Users\Grana\Documents\GitHub\Project_CSE432_MG\Project_CSE432-532\SER_Project\data\Audio_Song_Actors_01-24\Actor_24\03-02-06-02-02-02-24.wav,3,2,song,6,fearful,2,2,2,24,female
C:\Users\Grana\Documents\GitHub\Project_CSE432_MG\Project_CSE432-532\SER_Project\data\Audio_Speech_Actors_01-24\Actor_01\03-01-01-01-01-01-01.wav,3,1,speech,1,neutral,1,1,1,1,male
C:\Users\Grana\Documents\GitHub\Project_CSE432_MG\Project_CSE432-532\SER_Project\data\Audio_Speech_Actors_01-24\Actor_01\03-01-01-01-01-02-01.wav,3,1,speech,1,neutral,1,1,2,1,male
C:\Users\Grana\Documents\GitHub\Project_CSE432_MG\Project_CSE432-532\SER_Project\data\Audio_Speech_Actors_01-24\Actor_01\03-01-01-01-02-01-01.wav,3,1,speech,1,neutral,1,2,1,1,male
C:\Users\Grana\Documents\GitHub\Project_CSE432_MG\Project_CSE432-532\SER_Project\data\Audio_Speech_Actors_01-24\Actor_01\03-01-01-01-02-02-01.wav,3,1,speech,1,neutral,1,2,2,1,male
C:\Users\Grana\Documents\GitHub\Project_CSE432_MG\Project_CSE432-532\SER_Project\data\Audio_Speech_Actors_01-24\Actor_01\03-01-02-01-01-01-01.wav,3,1,speech,2,calm,1,1,1,1,male
C:\Users\Grana\Documents\GitHub\Project_CSE432_MG\Project_CSE432-532\SER_Project\data\Audio_Speech_Actors_01-24\Actor_01\03-01-02-01-01-02-01.wav,3,1,speech,2,calm,1,1,2,1,male
C:\Users\Grana\Documents\GitHub\Project_CSE432_MG\Project_CSE432-532\SER_Project\data\Audio_Speech_Actors_01-24\Actor_01\03-01-02-01-02-01-01.wav,3,1,speech,2,calm,1,2,1,1,male
C:\Users\Grana\Documents\GitHub\Project_CSE432_MG\Project_CSE432-532\SER_Project\data\Audio_Speech_Actors_01-24\Actor_01\03-01-02-01-02-02-01.wav,3,1,speech,2,calm,1,2,2,1,male
C:\Users\Grana\Documents\GitHub\Project_CSE432_MG\Project_CSE432-532\SER_Project\data\Audio_Speech_Actors_01-24\Actor_01\03-01-02-02-01-01-01.wav,3,1,speech,2,calm,2,1,1,1,male
C:\Users\Grana\Documents\GitHub\Project_CSE432_MG\Project_CSE432-532\SER_Project\data\Audio_Speech_Actors_01-24\Actor_01\03-01-02-02-01-02-01.wav,3,1,speech,2,calm,2,1,2,1,male
C:\Users\Grana\Documents\GitHub\Project_CSE432_MG\Project_CSE432-532\SER_Project\data\Audio_Speech_Actors_01-24\Actor_01\03-01-02-02-02-01-01.wav,3,1,speech,2,calm,2,2,1,1,male
C:\Users\Grana\Documents\GitHub\Project_CSE432_MG\Project_CSE432-532\SER_Project\data\Audio_Speech_Actors_01-24\Actor_01\03-01-02-02-02-02-01.wav,3,1,speech,2,calm,2,2,2,1,male
C:\Users\Grana\Documents\GitHub\Project_CSE432_MG\Project_CSE432-532\SER_Project\data\Audio_Speech_Actors_01-24\Actor_01\03-01-03-01-01-01-01.wav,3,1,speech,3,happy,1,1,1,1,male
C:\Users\Grana\Documents\GitHub\Project_CSE432_MG\Project_CSE432-532\SER_Project\data\Audio_Speech_Actors_01-24\Actor_01\03-01-03-01-01-02-01.wav,3,1,speech,3,happy,1,1,2,1,male
C:\Users\Grana\Documents\GitHub\Project_CSE432_MG\Project_CSE432-532\SER_Project\data\Audio_Speech_Actors_01-24\Actor_01\03-01-03-01-02-01-01.wav,3,1,speech,3,happy,1,2,1,1,male
C:\Users\Grana\Documents\GitHub\Project_CSE432_MG\Project_CSE432-532\SER_Project\data\Audio_Speech_Actors_01-24\Actor_01\03-01-03-01-02-02-01.wav,3,1,speech,3,happy,1,2,2,1,male
C:\Users\Grana\Documents\GitHub\Project_CSE432_MG\Project_CSE432-532\SER_Project\data\Audio_Speech_Actors_01-24\Actor_01\03-01-03-02-01-01-01.wav,3,1,speech,3,happy,2,1,1,1,male
C:\Users\Grana\Documents\GitHub\Project_CSE432_MG\Project_CSE432-532\SER_Project\data\Audio_Speech_Actors_01-24\Actor_01\03-01-03-02-01-02-01.wav,3,1,speech,3,happy,2,1,2,1,male
C:\Users\Grana\Documents\GitHub\Project_CSE432_MG\Project_CSE432-532\SER_Project\data\Audio_Speech_Actors_01-24\Actor_01\03-01-03-02-02-01-01.wav,3,1,speech,3,happy,2,2,1,1,male
C:\Users\Grana\Documents\GitHub\Project_CSE432_MG\Project_CSE432-532\SER_Project\data\Audio_Speech_Actors_01-24\Actor_01\03-01-03-02-02-02-01.wav,3,1,speech,3,happy,2,2,2,1,male
C:\Users\Grana\Documents\GitHub\Project_CSE432_MG\Project_CSE432-532\SER_Project\data\Audio_Speech_Actors_01-24\Actor_01\03-01-04-01-01-01-01.wav,3,1,speech,4,sad,1,1,1,1,male
C:\Users\Grana\Documents\GitHub\Project_CSE432_MG\Project_CSE432-532\SER_Project\data\Audio_Speech_Actors_01-24\Actor_01\03-01-04-01-01-02-01.wav,3,1,speech,4,sad,1,1,2,1,male
C:\Users\Grana\Documents\GitHub\Project_CSE432_MG\Project_CSE432-532\SER_Project\data\Audio_Speech_Actors_01-24\Actor_01\03-01-04-01-02-01-01.wav,3,1,speech,4,sad,1,2,1,1,male
C:\Users\Grana\Documents\GitHub\Project_CSE432_MG\Project_CSE432-532\SER_Project\data\Audio_Speech_Actors_01-24\Actor_01\03-01-04-01-02-02-01.wav,3,1,speech,4,sad,1,2,2,1,male
C:\Users\Grana\Documents\GitHub\Project_CSE432_MG\Project_CSE432-532\SER_Project\data\Audio_Speech_Actors_01-24\Actor_01\03-01-04-02-01-01-01.wav,3,1,speech,4,sad,2,1,1,1,male
C:\Users\Grana\Documents\GitHub\Project_CSE432_MG\Project_CSE432-532\SER_Project\data\Audio_Speech_Actors_01-24\Actor_01\03-01-04-02-01-02-01.wav,3,1,speech,4,sad,2,1,2,1,male
C:\Users\Grana\Documents\GitHub\Project_CSE432_MG\Project_CSE432-532\SER_Project\data\Audio_Speech_Actors_01-24\Actor_01\03-01-04-02-02-01-01.wav,3,1,speech,4,sad,2,2,1,1,male
C:\Users\Grana\Documents\GitHub\Project_CSE432_MG\Project_CSE432-532\SER_Project\data\Audio_Speech_Actors_01-24\Actor_01\03-01-04-02-02-02-01.wav,3,1,speech,4,sad,2,2,2,1,male
C:\Users\Grana\Documents\GitHub\Project_CSE432_MG\Project_CSE432-532\SER_Project\data\Audio_Speech_Actors_01-24\Actor_01\03-01-05-01-01-01-01.wav,3,1,speech,5,angry,1,1,1,1,male
C:\Users\Grana\Documents\GitHub\Project_CSE432_MG\Project_CSE432-532\SER_Project\data\Audio_Speech_Actors_01-24\Actor_01\03-01-05-01-01-02-01.wav,3,1,speech,5,angry,1,1,2,1,male
C:\Users\Grana\Documents\GitHub\Project_CSE432_MG\Project_CSE432-532\SER_Project\data\Audio_Speech_Actors_01-24\Actor_01\03-01-05-01-02-01-01.wav,3,1,speech,5,angry,1,2,1,1,male
C:\Users\Grana\Documents\GitHub\Project_CSE432_MG\Project_CSE432-532\SER_Project\data\Audio_Speech_Actors_01-24\Actor_01\03-01-05-01-02-02-01.wav,3,1,speech,5,angry,1,2,2,1,male
C:\Users\Grana\Documents\GitHub\Project_CSE432_MG\Project_CSE432-532\SER_Project\data\Audio_Speech_Actors_01-24\Actor_01\03-01-05-02-01-01-01.wav,3,1,speech,5,angry,2,1,1,1,male
C:\Users\Grana\Documents\GitHub\Project_CSE432_MG\Project_CSE432-532\SER_Project\data\Audio_Speech_Actors_01-24\Actor_01\03-01-05-02-01-02-01.wav,3,1,speech,5,angry,2,1,2,1,male
C:\Users\Grana\Documents\GitHub\Project_CSE432_MG\Project_CSE432-532\SER_Project\data\Audio_Speech_Actors_01-24\Actor_01\03-01-05-02-02-01-01.wav,3,1,speech,5,angry,2,2,1,1,male
C:\Users\Grana\Documents\GitHub\Project_CSE432_MG\Project_CSE432-532\SER_Project\data\Audio_Speech_Actors_01-24\Actor_01\03-01-05-02-02-02-01.wav,3,1,speech,5,angry,2,2,2,1,male
C:\Users\Grana\Documents\GitHub\Project_CSE432_MG\Project_CSE432-532\SER_Project\data\Audio_Speech_Actors_01-24\Actor_01\03-01-06-01-01-01-01.wav,3,1,speech,6,fearful,1,1,1,1,male
C:\Users\Grana\Documents\GitHub\Project_CSE432_MG\Project_CSE432-532\SER_Project\data\Audio_Speech_Actors_01-24\Actor_01\03-01-06-01-01-02-01.wav,3,1,speech,6,fearful,1,1,2,1,male
C:\Users\Grana\Documents\GitHub\Project_CSE432_MG\Project_CSE432-532\SER_Project\data\Audio_Speech_Actors_01-24\Actor_01\03-01-06-01-02-01-01.wav,3,1,speech,6,fearful,1,2,1,1,male
C:\Users\Grana\Documents\GitHub\Project_CSE432_MG\Project_CSE432-532\SER_Project\data\Audio_Speech_Actors_01-24\Actor_01\03-01-06-01-02-02-01.wav,3,1,speech,6,fearful,1,2,2,1,male
C:\Users\Grana\Documents\GitHub\Project_CSE432_MG\Project_CSE432-532\SER_Project\data\Audio_Speech_Actors_01-24\Actor_01\03-01-06-02-01-01-01.wav,3,1,speech,6,fearful,2,1,1,1,male
C:\Users\Grana\Documents\GitHub\Project_CSE432_MG\Project_CSE432-532\SER_Project\data\Audio_Speech_Actors_01-24\Actor_01\03-01-06-02-01-02-01.wav,3,1,speech,6,fearful,2,1,2,1,male
C:\Users\Grana\Documents\GitHub\Project_CSE432_MG\Project_CSE432-532\SER_Project\data\Audio_Speech_Actors_01-24\Actor_01\03-01-06-02-02-01-01.wav,3,1,speech,6,fearful,2,2,1,1,male
C:\Users\Grana\Documents\GitHub\Project_CSE432_MG\Project_CSE432-532\SER_Project\data\Audio_Speech_Actors_01-24\Actor_01\03-01-06-02-02-02-01.wav,3,1,speech,6,fearful,2,2,2,1,male
C:\Users\Grana\Documents\GitHub\Project_CSE432_MG\Project_CSE432-532\SER_Project\data\Audio_Speech_Actors_01-24\Actor_01\03-01-07-01-01-01-01.wav,3,1,speech,7,disgust,1,1,1,1,male
C:\Users\Grana\Documents\GitHub\Project_CSE432_MG\Project_CSE432-532\SER_Project\data\Audio_Speech_Actors_01-24\Actor_01\03-01-07-01-01-02-01.wav,3,1,speech,7,disgust,1,1,2,1,male
C:\Users\Grana\Documents\GitHub\Project_CSE432_MG\Project_CSE432-532\SER_Project\data\Audio_Speech_Actors_01-24\Actor_01\03-01-07-01-02-01-01.wav,3,1,speech,7,disgust,1,2,1,1,male
C:\Users\Grana\Documents\GitHub\Project_CSE432_MG\Project_CSE432-532\SER_Project\data\Audio_Speech_Actors_01-24\Actor_01\03-01-07-01-02-02-01.wav,3,1,speech,7,disgust,1,2,2,1,male
C:\Users\Grana\Documents\GitHub\Project_CSE432_MG\Project_CSE432-532\SER_Project\data\Audio_Speech_Actors_01-24\Actor_01\03-01-07-02-01-01-01.wav,3,1,speech,7,disgust,2,1,1,1,male
C:\Users\Grana\Documents\GitHub\Project_CSE432_MG\Project_CSE432-532\SER_Project\data\Audio_Speech_Actors_01-24\Actor_01\03-01-07-02-01-02-01.wav,3,1,speech,7,disgust,2,1,2,1,male
C:\Users\Grana\Documents\GitHub\Project_CSE432_MG\Project_CSE432-532\SER_Project\data\Audio_Speech_Actors_01-24\Actor_01\03-01-07-02-02-01-01.wav,3,1,speech,7,disgust,2,2,1,1,male
C:\Users\Grana\Documents\GitHub\Project_CSE432_MG\Project_CSE432-532\SER_Project\data\Audio_Speech_Actors_01-24\Actor_01\03-01-07-02-02-02-01.wav,3,1,speech,7,disgust,2,2,2,1,male
C:\Users\Grana\Documents\GitHub\Project_CSE432_MG\Project_CSE432-532\SER_Project\data\Audio_Speech_Actors_01-24\Actor_01\03-01-08-01-01-01-01.wav,3,1,speech,8,surprised,1,1,1,1,male
C:\Users\Grana\Documents\GitHub\Project_CSE432_MG\Project_CSE432-532\SER_Project\data\Audio_Speech_Actors_01-24\Actor_01\03-01-08-01-01-02-01.wav,3,1,speech,8,surprised,1,1,2,1,male
C:\Users\Grana\Documents\GitHub\Project_CSE432_MG\Project_CSE432-532\SER_Project\data\Audio_Speech_Actors_01-24\Actor_01\03-01-08-01-02-01-01.wav,3,1,speech,8,surprised,1,2,1,1,male
C:\Users\Grana\Documents\GitHub\Project_CSE432_MG\Project_CSE432-532\SER_Project\data\Audio_Speech_Actors_01-24\Actor_01\03-01-08-01-02-02-01.wav,3,1,speech,8,surprised,1,2,2,1,male
C:\Users\Grana\Documents\GitHub\Project_CSE432_MG\Project_CSE432-532\SER_Project\data\Audio_Speech_Actors_01-24\Actor_01\03-01-08-02-01-01-01.wav,3,1,speech,8,surprised,2,1,1,1,male
C:\Users\Grana\Documents\GitHub\Project_CSE432_MG\Project_CSE432-532\SER_Project\data\Audio_Speech_Actors_01-24\Actor_01\03-01-08-02-01-02-01.wav,3,1,speech,8,surprised,2,1,2,1,male
C:\Users\Grana\Documents\GitHub\Project_CSE432_MG\Project_CSE432-532\SER_Project\data\Audio_Speech_Actors_01-24\Actor_01\03-01-08-02-02-01-01.wav,3,1,speech,8,surprised,2,2,1,1,male
C:\Users\Grana\Documents\GitHub\Project_CSE432_MG\Project_CSE432-532\SER_Project\data\Audio_Speech_Actors_01-24\Actor_01\03-01-08-02-02-02-01.wav,3,1,speech,8,surprised,2,2,2,1,male
C:\Users\Grana\Documents\GitHub\Project_CSE432_MG\Project_CSE432-532\SER_Project\data\Audio_Speech_Actors_01-24\Actor_02\03-01-01-01-01-01-02.wav,3,1,speech,1,neutral,1,1,1,2,female
C:\Users\Grana\Documents\GitHub\Project_CSE432_MG\Project_CSE432-532\SER_Project\data\Audio_Speech_Actors_01-24\Actor_02\03-01-01-01-01-02-02.wav,3,1,speech,1,neutral,1,1,2,2,female
C:\Users\Grana\Documents\GitHub\Project_CSE432_MG\Project_CSE432-532\SER_Project\data\Audio_Speech_Actors_01-24\Actor_02\03-01-01-01-02-01-02.wav,3,1,speech,1,neutral,1,2,1,2,female
C:\Users\Grana\Documents\GitHub\Project_CSE432_MG\Project_CSE432-532\SER_Project\data\Audio_Speech_Actors_01-24\Actor_02\03-01-01-01-02-02-02.wav,3,1,speech,1,neutral,1,2,2,2,female
C:\Users\Grana\Documents\GitHub\Project_CSE432_MG\Project_CSE432-532\SER_Project\data\Audio_Speech_Actors_01-24\Actor_02\03-01-02-01-01-01-02.wav,3,1,speech,2,calm,1,1,1,2,female
C:\Users\Grana\Documents\GitHub\Project_CSE432_MG\Project_CSE432-532\SER_Project\data\Audio_Speech_Actors_01-24\Actor_02\03-01-02-01-01-02-02.wav,3,1,speech,2,calm,1,1,2,2,female
C:\Users\Grana\Documents\GitHub\Project_CSE432_MG\Project_CSE432-532\SER_Project\data\Audio_Speech_Actors_01-24\Actor_02\03-01-02-01-02-01-02.wav,3,1,speech,2,calm,1,2,1,2,female
C:\Users\Grana\Documents\GitHub\Project_CSE432_MG\Project_CSE432-532\SER_Project\data\Audio_Speech_Actors_01-24\Actor_02\03-01-02-01-02-02-02.wav,3,1,speech,2,calm,1,2,2,2,female
C:\Users\Grana\Documents\GitHub\Project_CSE432_MG\Project_CSE432-532\SER_Project\data\Audio_Speech_Actors_01-24\Actor_02\03-01-02-02-01-01-02.wav,3,1,speech,2,calm,2,1,1,2,female
C:\Users\Grana\Documents\GitHub\Project_CSE432_MG\Project_CSE432-532\SER_Project\data\Audio_Speech_Actors_01-24\Actor_02\03-01-02-02-01-02-02.wav,3,1,speech,2,calm,2,1,2,2,female
C:\Users\Grana\Documents\GitHub\Project_CSE432_MG\Project_CSE432-532\SER_Project\data\Audio_Speech_Actors_01-24\Actor_02\03-01-02-02-02-01-02.wav,3,1,speech,2,calm,2,2,1,2,female
C:\Users\Grana\Documents\GitHub\Project_CSE432_MG\Project_CSE432-532\SER_Project\data\Audio_Speech_Actors_01-24\Actor_02\03-01-02-02-02-02-02.wav,3,1,speech,2,calm,2,2,2,2,female
C:\Users\Grana\Documents\GitHub\Project_CSE432_MG\Project_CSE432-532\SER_Project\data\Audio_Speech_Actors_01-24\Actor_02\03-01-03-01-01-01-02.wav,3,1,speech,3,happy,1,1,1,2,female
C:\Users\Grana\Documents\GitHub\Project_CSE432_MG\Project_CSE432-532\SER_Project\data\Audio_Speech_Actors_01-24\Actor_02\03-01-03-01-01-02-02.wav,3,1,speech,3,happy,1,1,2,2,female
C:\Users\Grana\Documents\GitHub\Project_CSE432_MG\Project_CSE432-532\SER_Project\data\Audio_Speech_Actors_01-24\Actor_02\03-01-03-01-02-01-02.wav,3,1,speech,3,happy,1,2,1,2,female
C:\Users\Grana\Documents\GitHub\Project_CSE432_MG\Project_CSE432-532\SER_Project\data\Audio_Speech_Actors_01-24\Actor_02\03-01-03-01-02-02-02.wav,3,1,speech,3,happy,1,2,2,2,female
C:\Users\Grana\Documents\GitHub\Project_CSE432_MG\Project_CSE432-532\SER_Project\data\Audio_Speech_Actors_01-24\Actor_02\03-01-03-02-01-01-02.wav,3,1,speech,3,happy,2,1,1,2,female
C:\Users\Grana\Documents\GitHub\Project_CSE432_MG\Project_CSE432-532\SER_Project\data\Audio_Speech_Actors_01-24\Actor_02\03-01-03-02-01-02-02.wav,3,1,speech,3,happy,2,1,2,2,female
C:\Users\Grana\Documents\GitHub\Project_CSE432_MG\Project_CSE432-532\SER_Project\data\Audio_Speech_Actors_01-24\Actor_02\03-01-03-02-02-01-02.wav,3,1,speech,3,happy,2,2,1,2,female
C:\Users\Grana\Documents\GitHub\Project_CSE432_MG\Project_CSE432-532\SER_Project\data\Audio_Speech_Actors_01-24\Actor_02\03-01-03-02-02-02-02.wav,3,1,speech,3,happy,2,2,2,2,female
C:\Users\Grana\Documents\GitHub\Project_CSE432_MG\Project_CSE432-532\SER_Project\data\Audio_Speech_Actors_01-24\Actor_02\03-01-04-01-01-01-02.wav,3,1,speech,4,sad,1,1,1,2,female
C:\Users\Grana\Documents\GitHub\Project_CSE432_MG\Project_CSE432-532\SER_Project\data\Audio_Speech_Actors_01-24\Actor_02\03-01-04-01-01-02-02.wav,3,1,speech,4,sad,1,1,2,2,female
C:\Users\Grana\Documents\GitHub\Project_CSE432_MG\Project_CSE432-532\SER_Project\data\Audio_Speech_Actors_01-24\Actor_02\03-01-04-01-02-01-02.wav,3,1,speech,4,sad,1,2,1,2,female
C:\Users\Grana\Documents\GitHub\Project_CSE432_MG\Project_CSE432-532\SER_Project\data\Audio_Speech_Actors_01-24\Actor_02\03-01-04-01-02-02-02.wav,3,1,speech,4,sad,1,2,2,2,female
C:\Users\Grana\Documents\GitHub\Project_CSE432_MG\Project_CSE432-532\SER_Project\data\Audio_Speech_Actors_01-24\Actor_02\03-01-04-02-01-01-02.wav,3,1,speech,4,sad,2,1,1,2,female
C:\Users\Grana\Documents\GitHub\Project_CSE432_MG\Project_CSE432-532\SER_Project\data\Audio_Speech_Actors_01-24\Actor_02\03-01-04-02-01-02-02.wav,3,1,speech,4,sad,2,1,2,2,female
C:\Users\Grana\Documents\GitHub\Project_CSE432_MG\Project_CSE432-532\SER_Project\data\Audio_Speech_Actors_01-24\Actor_02\03-01-04-02-02-01-02.wav,3,1,speech,4,sad,2,2,1,2,female
C:\Users\Grana\Documents\GitHub\Project_CSE432_MG\Project_CSE432-532\SER_Project\data\Audio_Speech_Actors_01-24\Actor_02\03-01-04-02-02-02-02.wav,3,1,speech,4,sad,2,2,2,2,female
C:\Users\Grana\Documents\GitHub\Project_CSE432_MG\Project_CSE432-532\SER_Project\data\Audio_Speech_Actors_01-24\Actor_02\03-01-05-01-01-01-02.wav,3,1,speech,5,angry,1,1,1,2,female
C:\Users\Grana\Documents\GitHub\Project_CSE432_MG\Project_CSE432-532\SER_Project\data\Audio_Speech_Actors_01-24\Actor_02\03-01-05-01-01-02-02.wav,3,1,speech,5,angry,1,1,2,2,female
C:\Users\Grana\Documents\GitHub\Project_CSE432_MG\Project_CSE432-532\SER_Project\data\Audio_Speech_Actors_01-24\Actor_02\03-01-05-01-02-01-02.wav,3,1,speech,5,angry,1,2,1,2,female
C:\Users\Grana\Documents\GitHub\Project_CSE432_MG\Project_CSE432-532\SER_Project\data\Audio_Speech_Actors_01-24\Actor_02\03-01-05-01-02-02-02.wav,3,1,speech,5,angry,1,2,2,2,female
C:\Users\Grana\Documents\GitHub\Project_CSE432_MG\Project_CSE432-532\SER_Project\data\Audio_Speech_Actors_01-24\Actor_02\03-01-05-02-01-01-02.wav,3,1,speech,5,angry,2,1,1,2,female
C:\Users\Grana\Documents\GitHub\Project_CSE432_MG\Project_CSE432-532\SER_Project\data\Audio_Speech_Actors_01-24\Actor_02\03-01-05-02-01-02-02.wav,3,1,speech,5,angry,2,1,2,2,female
C:\Users\Grana\Documents\GitHub\Project_CSE432_MG\Project_CSE432-532\SER_Project\data\Audio_Speech_Actors_01-24\Actor_02\03-01-05-02-02-01-02.wav,3,1,speech,5,angry,2,2,1,2,female
C:\Users\Grana\Documents\GitHub\Project_CSE432_MG\Project_CSE432-532\SER_Project\data\Audio_Speech_Actors_01-24\Actor_02\03-01-05-02-02-02-02.wav,3,1,speech,5,angry,2,2,2,2,female
C:\Users\Grana\Documents\GitHub\Project_CSE432_MG\Project_CSE432-532\SER_Project\data\Audio_Speech_Actors_01-24\Actor_02\03-01-06-01-01-01-02.wav,3,1,speech,6,fearful,1,1,1,2,female
C:\Users\Grana\Documents\GitHub\Project_CSE432_MG\Project_CSE432-532\SER_Project\data\Audio_Speech_Actors_01-24\Actor_02\03-01-06-01-01-02-02.wav,3,1,speech,6,fearful,1,1,2,2,female
C:\Users\Grana\Documents\GitHub\Project_CSE432_MG\Project_CSE432-532\SER_Project\data\Audio_Speech_Actors_01-24\Actor_02\03-01-06-01-02-01-02.wav,3,1,speech,6,fearful,1,2,1,2,female
C:\Users\Grana\Documents\GitHub\Project_CSE432_MG\Project_CSE432-532\SER_Project\data\Audio_Speech_Actors_01-24\Actor_02\03-01-06-01-02-02-02.wav,3,1,speech,6,fearful,1,2,2,2,female
C:\Users\Grana\Documents\GitHub\Project_CSE432_MG\Project_CSE432-532\SER_Project\data\Audio_Speech_Actors_01-24\Actor_02\03-01-06-02-01-01-02.wav,3,1,speech,6,fearful,2,1,1,2,female
C:\Users\Grana\Documents\GitHub\Project_CSE432_MG\Project_CSE432-532\SER_Project\data\Audio_Speech_Actors_01-24\Actor_02\03-01-06-02-01-02-02.wav,3,1,speech,6,fearful,2,1,2,2,female
C:\Users\Grana\Documents\GitHub\Project_CSE432_MG\Project_CSE432-532\SER_Project\data\Audio_Speech_Actors_01-24\Actor_02\03-01-06-02-02-01-02.wav,3,1,speech,6,fearful,2,2,1,2,female
C:\Users\Grana\Documents\GitHub\Project_CSE432_MG\Project_CSE432-532\SER_Project\data\Audio_Speech_Actors_01-24\Actor_02\03-01-06-02-02-02-02.wav,3,1,speech,6,fearful,2,2,2,2,female
C:\Users\Grana\Documents\GitHub\Project_CSE432_MG\Project_CSE432-532\SER_Project\data\Audio_Speech_Actors_01-24\Actor_02\03-01-07-01-01-01-02.wav,3,1,speech,7,disgust,1,1,1,2,female
C:\Users\Grana\Documents\GitHub\Project_CSE432_MG\Project_CSE432-532\SER_Project\data\Audio_Speech_Actors_01-24\Actor_02\03-01-07-01-01-02-02.wav,3,1,speech,7,disgust,1,1,2,2,female
C:\Users\Grana\Documents\GitHub\Project_CSE432_MG\Project_CSE432-532\SER_Project\data\Audio_Speech_Actors_01-24\Actor_02\03-01-07-01-02-01-02.wav,3,1,speech,7,disgust,1,2,1,2,female
C:\Users\Grana\Documents\GitHub\Project_CSE432_MG\Project_CSE432-532\SER_Project\data\Audio_Speech_Actors_01-24\Actor_02\03-01-07-01-02-02-02.wav,3,1,speech,7,disgust,1,2,2,2,female
C:\Users\Grana\Documents\GitHub\Project_CSE432_MG\Project_CSE432-532\SER_Project\data\Audio_Speech_Actors_01-24\Actor_02\03-01-07-02-01-01-02.wav,3,1,speech,7,disgust,2,1,1,2,female
C:\Users\Grana\Documents\GitHub\Project_CSE432_MG\Project_CSE432-532\SER_Project\data\Audio_Speech_Actors_01-24\Actor_02\03-01-07-02-01-02-02.wav,3,1,speech,7,disgust,2,1,2,2,female
C:\Users\Grana\Documents\GitHub\Project_CSE432_MG\Project_CSE432-532\SER_Project\data\Audio_Speech_Actors_01-24\Actor_02\03-01-07-02-02-01-02.wav,3,1,speech,7,disgust,2,2,1,2,female
C:\Users\Grana\Documents\GitHub\Project_CSE432_MG\Project_CSE432-532\SER_Project\data\Audio_Speech_Actors_01-24\Actor_02\03-01-07-02-02-02-02.wav,3,1,speech,7,disgust,2,2,2,2,female
C:\Users\Grana\Documents\GitHub\Project_CSE432_MG\Project_CSE432-532\SER_Project\data\Audio_Speech_Actors_01-24\Actor_02\03-01-08-01-01-01-02.wav,3,1,speech,8,surprised,1,1,1,2,female
C:\Users\Grana\Documents\GitHub\Project_CSE432_MG\Project_CSE432-532\SER_Project\data\Audio_Speech_Actors_01-24\Actor_02\03-01-08-01-01-02-02.wav,3,1,speech,8,surprised,1,1,2,2,female
C:\Users\Grana\Documents\GitHub\Project_CSE432_MG\Project_CSE432-532\SER_Project\data\Audio_Speech_Actors_01-24\Actor_02\03-01-08-01-02-01-02.wav,3,1,speech,8,surprised,1,2,1,2,female
C:\Users\Grana\Documents\GitHub\Project_CSE432_MG\Project_CSE432-532\SER_Project\data\Audio_Speech_Actors_01-24\Actor_02\03-01-08-01-02-02-02.wav,3,1,speech,8,surprised,1,2,2,2,female
C:\Users\Grana\Documents\GitHub\Project_CSE432_MG\Project_CSE432-532\SER_Project\data\Audio_Speech_Actors_01-24\Actor_02\03-01-08-02-01-01-02.wav,3,1,speech,8,surprised,2,1,1,2,female
C:\Users\Grana\Documents\GitHub\Project_CSE432_MG\Project_CSE432-532\SER_Project\data\Audio_Speech_Actors_01-24\Actor_02\03-01-08-02-01-02-02.wav,3,1,speech,8,surprised,2,1,2,2,female
C:\Users\Grana\Documents\GitHub\Project_CSE432_MG\Project_CSE432-532\SER_Project\data\Audio_Speech_Actors_01-24\Actor_02\03-01-08-02-02-01-02.wav,3,1,speech,8,surprised,2,2,1,2,female
C:\Users\Grana\Documents\GitHub\Project_CSE432_MG\Project_CSE432-532\SER_Project\data\Audio_Speech_Actors_01-24\Actor_02\03-01-08-02-02-02-02.wav,3,1,speech,8,surprised,2,2,2,2,female
C:\Users\Grana\Documents\GitHub\Project_CSE432_MG\Project_CSE432-532\SER_Project\data\Audio_Speech_Actors_01-24\Actor_03\03-01-01-01-01-01-03.wav,3,1,speech,1,neutral,1,1,1,3,male
C:\Users\Grana\Documents\GitHub\Project_CSE432_MG\Project_CSE432-532\SER_Project\data\Audio_Speech_Actors_01-24\Actor_03\03-01-01-01-01-02-03.wav,3,1,speech,1,neutral,1,1,2,3,male
C:\Users\Grana\Documents\GitHub\Project_CSE432_MG\Project_CSE432-532\SER_Project\data\Audio_Speech_Actors_01-24\Actor_03\03-01-01-01-02-01-03.wav,3,1,speech,1,neutral,1,2,1,3,male
C:\Users\Grana\Documents\GitHub\Project_CSE432_MG\Project_CSE432-532\SER_Project\data\Audio_Speech_Actors_01-24\Actor_03\03-01-01-01-02-02-03.wav,3,1,speech,1,neutral,1,2,2,3,male
C:\Users\Grana\Documents\GitHub\Project_CSE432_MG\Project_CSE432-532\SER_Project\data\Audio_Speech_Actors_01-24\Actor_03\03-01-02-01-01-01-03.wav,3,1,speech,2,calm,1,1,1,3,male
C:\Users\Grana\Documents\GitHub\Project_CSE432_MG\Project_CSE432-532\SER_Project\data\Audio_Speech_Actors_01-24\Actor_03\03-01-02-01-01-02-03.wav,3,1,speech,2,calm,1,1,2,3,male
C:\Users\Grana\Documents\GitHub\Project_CSE432_MG\Project_CSE432-532\SER_Project\data\Audio_Speech_Actors_01-24\Actor_03\03-01-02-01-02-01-03.wav,3,1,speech,2,calm,1,2,1,3,male
C:\Users\Grana\Documents\GitHub\Project_CSE432_MG\Project_CSE432-532\SER_Project\data\Audio_Speech_Actors_01-24\Actor_03\03-01-02-01-02-02-03.wav,3,1,speech,2,calm,1,2,2,3,male
C:\Users\Grana\Documents\GitHub\Project_CSE432_MG\Project_CSE432-532\SER_Project\data\Audio_Speech_Actors_01-24\Actor_03\03-01-02-02-01-01-03.wav,3,1,speech,2,calm,2,1,1,3,male
C:\Users\Grana\Documents\GitHub\Project_CSE432_MG\Project_CSE432-532\SER_Project\data\Audio_Speech_Actors_01-24\Actor_03\03-01-02-02-01-02-03.wav,3,1,speech,2,calm,2,1,2,3,male
C:\Users\Grana\Documents\GitHub\Project_CSE432_MG\Project_CSE432-532\SER_Project\data\Audio_Speech_Actors_01-24\Actor_03\03-01-02-02-02-01-03.wav,3,1,speech,2,calm,2,2,1,3,male
C:\Users\Grana\Documents\GitHub\Project_CSE432_MG\Project_CSE432-532\SER_Project\data\Audio_Speech_Actors_01-24\Actor_03\03-01-02-02-02-02-03.wav,3,1,speech,2,calm,2,2,2,3,male
C:\Users\Grana\Documents\GitHub\Project_CSE432_MG\Project_CSE432-532\SER_Project\data\Audio_Speech_Actors_01-24\Actor_03\03-01-03-01-01-01-03.wav,3,1,speech,3,happy,1,1,1,3,male
C:\Users\Grana\Documents\GitHub\Project_CSE432_MG\Project_CSE432-532\SER_Project\data\Audio_Speech_Actors_01-24\Actor_03\03-01-03-01-01-02-03.wav,3,1,speech,3,happy,1,1,2,3,male
C:\Users\Grana\Documents\GitHub\Project_CSE432_MG\Project_CSE432-532\SER_Project\data\Audio_Speech_Actors_01-24\Actor_03\03-01-03-01-02-01-03.wav,3,1,speech,3,happy,1,2,1,3,male
C:\Users\Grana\Documents\GitHub\Project_CSE432_MG\Project_CSE432-532\SER_Project\data\Audio_Speech_Actors_01-24\Actor_03\03-01-03-01-02-02-03.wav,3,1,speech,3,happy,1,2,2,3,male
C:\Users\Grana\Documents\GitHub\Project_CSE432_MG\Project_CSE432-532\SER_Project\data\Audio_Speech_Actors_01-24\Actor_03\03-01-03-02-01-01-03.wav,3,1,speech,3,happy,2,1,1,3,male
C:\Users\Grana\Documents\GitHub\Project_CSE432_MG\Project_CSE432-532\SER_Project\data\Audio_Speech_Actors_01-24\Actor_03\03-01-03-02-01-02-03.wav,3,1,speech,3,happy,2,1,2,3,male
C:\Users\Grana\Documents\GitHub\Project_CSE432_MG\Project_CSE432-532\SER_Project\data\Audio_Speech_Actors_01-24\Actor_03\03-01-03-02-02-01-03.wav,3,1,speech,3,happy,2,2,1,3,male
C:\Users\Grana\Documents\GitHub\Project_CSE432_MG\Project_CSE432-532\SER_Project\data\Audio_Speech_Actors_01-24\Actor_03\03-01-03-02-02-02-03.wav,3,1,speech,3,happy,2,2,2,3,male
C:\Users\Grana\Documents\GitHub\Project_CSE432_MG\Project_CSE432-532\SER_Project\data\Audio_Speech_Actors_01-24\Actor_03\03-01-04-01-01-01-03.wav,3,1,speech,4,sad,1,1,1,3,male
C:\Users\Grana\Documents\GitHub\Project_CSE432_MG\Project_CSE432-532\SER_Project\data\Audio_Speech_Actors_01-24\Actor_03\03-01-04-01-01-02-03.wav,3,1,speech,4,sad,1,1,2,3,male
C:\Users\Grana\Documents\GitHub\Project_CSE432_MG\Project_CSE432-532\SER_Project\data\Audio_Speech_Actors_01-24\Actor_03\03-01-04-01-02-01-03.wav,3,1,speech,4,sad,1,2,1,3,male
C:\Users\Grana\Documents\GitHub\Project_CSE432_MG\Project_CSE432-532\SER_Project\data\Audio_Speech_Actors_01-24\Actor_03\03-01-04-01-02-02-03.wav,3,1,speech,4,sad,1,2,2,3,male
C:\Users\Grana\Documents\GitHub\Project_CSE432_MG\Project_CSE432-532\SER_Project\data\Audio_Speech_Actors_01-24\Actor_03\03-01-04-02-01-01-03.wav,3,1,speech,4,sad,2,1,1,3,male
C:\Users\Grana\Documents\GitHub\Project_CSE432_MG\Project_CSE432-532\SER_Project\data\Audio_Speech_Actors_01-24\Actor_03\03-01-04-02-01-02-03.wav,3,1,speech,4,sad,2,1,2,3,male
C:\Users\Grana\Documents\GitHub\Project_CSE432_MG\Project_CSE432-532\SER_Project\data\Audio_Speech_Actors_01-24\Actor_03\03-01-04-02-02-01-03.wav,3,1,speech,4,sad,2,2,1,3,male
C:\Users\Grana\Documents\GitHub\Project_CSE432_MG\Project_CSE432-532\SER_Project\data\Audio_Speech_Actors_01-24\Actor_03\03-01-04-02-02-02-03.wav,3,1,speech,4,sad,2,2,2,3,male
C:\Users\Grana\Documents\GitHub\Project_CSE432_MG\Project_CSE432-532\SER_Project\data\Audio_Speech_Actors_01-24\Actor_03\03-01-05-01-01-01-03.wav,3,1,speech,5,angry,1,1,1,3,male
C:\Users\Grana\Documents\GitHub\Project_CSE432_MG\Project_CSE432-532\SER_Project\data\Audio_Speech_Actors_01-24\Actor_03\03-01-05-01-01-02-03.wav,3,1,speech,5,angry,1,1,2,3,male
C:\Users\Grana\Documents\GitHub\Project_CSE432_MG\Project_CSE432-532\SER_Project\data\Audio_Speech_Actors_01-24\Actor_03\03-01-05-01-02-01-03.wav,3,1,speech,5,angry,1,2,1,3,male
C:\Users\Grana\Documents\GitHub\Project_CSE432_MG\Project_CSE432-532\SER_Project\data\Audio_Speech_Actors_01-24\Actor_03\03-01-05-01-02-02-03.wav,3,1,speech,5,angry,1,2,2,3,male
C:\Users\Grana\Documents\GitHub\Project_CSE432_MG\Project_CSE432-532\SER_Project\data\Audio_Speech_Actors_01-24\Actor_03\03-01-05-02-01-01-03.wav,3,1,speech,5,angry,2,1,1,3,male
C:\Users\Grana\Documents\GitHub\Project_CSE432_MG\Project_CSE432-532\SER_Project\data\Audio_Speech_Actors_01-24\Actor_03\03-01-05-02-01-02-03.wav,3,1,speech,5,angry,2,1,2,3,male
C:\Users\Grana\Documents\GitHub\Project_CSE432_MG\Project_CSE432-532\SER_Project\data\Audio_Speech_Actors_01-24\Actor_03\03-01-05-02-02-01-03.wav,3,1,speech,5,angry,2,2,1,3,male
C:\Users\Grana\Documents\GitHub\Project_CSE432_MG\Project_CSE432-532\SER_Project\data\Audio_Speech_Actors_01-24\Actor_03\03-01-05-02-02-02-03.wav,3,1,speech,5,angry,2,2,2,3,male
C:\Users\Grana\Documents\GitHub\Project_CSE432_MG\Project_CSE432-532\SER_Project\data\Audio_Speech_Actors_01-24\Actor_03\03-01-06-01-01-01-03.wav,3,1,speech,6,fearful,1,1,1,3,male
C:\Users\Grana\Documents\GitHub\Project_CSE432_MG\Project_CSE432-532\SER_Project\data\Audio_Speech_Actors_01-24\Actor_03\03-01-06-01-01-02-03.wav,3,1,speech,6,fearful,1,1,2,3,male
C:\Users\Grana\Documents\GitHub\Project_CSE432_MG\Project_CSE432-532\SER_Project\data\Audio_Speech_Actors_01-24\Actor_03\03-01-06-01-02-01-03.wav,3,1,speech,6,fearful,1,2,1,3,male
C:\Users\Grana\Documents\GitHub\Project_CSE432_MG\Project_CSE432-532\SER_Project\data\Audio_Speech_Actors_01-24\Actor_03\03-01-06-01-02-02-03.wav,3,1,speech,6,fearful,1,2,2,3,male
C:\Users\Grana\Documents\GitHub\Project_CSE432_MG\Project_CSE432-532\SER_Project\data\Audio_Speech_Actors_01-24\Actor_03\03-01-06-02-01-01-03.wav,3,1,speech,6,fearful,2,1,1,3,male
C:\Users\Grana\Documents\GitHub\Project_CSE432_MG\Project_CSE432-532\SER_Project\data\Audio_Speech_Actors_01-24\Actor_03\03-01-06-02-01-02-03.wav,3,1,speech,6,fearful,2,1,2,3,male
C:\Users\Grana\Documents\GitHub\Project_CSE432_MG\Project_CSE432-532\SER_Project\data\Audio_Speech_Actors_01-24\Actor_03\03-01-06-02-02-01-03.wav,3,1,speech,6,fearful,2,2,1,3,male
C:\Users\Grana\Documents\GitHub\Project_CSE432_MG\Project_CSE432-532\SER_Project\data\Audio_Speech_Actors_01-24\Actor_03\03-01-06-02-02-02-03.wav,3,1,speech,6,fearful,2,2,2,3,male
C:\Users\Grana\Documents\GitHub\Project_CSE432_MG\Project_CSE432-532\SER_Project\data\Audio_Speech_Actors_01-24\Actor_03\03-01-07-01-01-01-03.wav,3,1,speech,7,disgust,1,1,1,3,male
C:\Users\Grana\Documents\GitHub\Project_CSE432_MG\Project_CSE432-532\SER_Project\data\Audio_Speech_Actors_01-24\Actor_03\03-01-07-01-01-02-03.wav,3,1,speech,7,disgust,1,1,2,3,male
C:\Users\Grana\Documents\GitHub\Project_CSE432_MG\Project_CSE432-532\SER_Project\data\Audio_Speech_Actors_01-24\Actor_03\03-01-07-01-02-01-03.wav,3,1,speech,7,disgust,1,2,1,3,male
C:\Users\Grana\Documents\GitHub\Project_CSE432_MG\Project_CSE432-532\SER_Project\data\Audio_Speech_Actors_01-24\Actor_03\03-01-07-01-02-02-03.wav,3,1,speech,7,disgust,1,2,2,3,male
C:\Users\Grana\Documents\GitHub\Project_CSE432_MG\Project_CSE432-532\SER_Project\data\Audio_Speech_Actors_01-24\Actor_03\03-01-07-02-01-01-03.wav,3,1,speech,7,disgust,2,1,1,3,male
C:\Users\Grana\Documents\GitHub\Project_CSE432_MG\Project_CSE432-532\SER_Project\data\Audio_Speech_Actors_01-24\Actor_03\03-01-07-02-01-02-03.wav,3,1,speech,7,disgust,2,1,2,3,male
C:\Users\Grana\Documents\GitHub\Project_CSE432_MG\Project_CSE432-532\SER_Project\data\Audio_Speech_Actors_01-24\Actor_03\03-01-07-02-02-01-03.wav,3,1,speech,7,disgust,2,2,1,3,male
C:\Users\Grana\Documents\GitHub\Project_CSE432_MG\Project_CSE432-532\SER_Project\data\Audio_Speech_Actors_01-24\Actor_03\03-01-07-02-02-02-03.wav,3,1,speech,7,disgust,2,2,2,3,male
C:\Users\Grana\Documents\GitHub\Project_CSE432_MG\Project_CSE432-532\SER_Project\data\Audio_Speech_Actors_01-24\Actor_03\03-01-08-01-01-01-03.wav,3,1,speech,8,surprised,1,1,1,3,male
C:\Users\Grana\Documents\GitHub\Project_CSE432_MG\Project_CSE432-532\SER_Project\data\Audio_Speech_Actors_01-24\Actor_03\03-01-08-01-01-02-03.wav,3,1,speech,8,surprised,1,1,2,3,male
C:\Users\Grana\Documents\GitHub\Project_CSE432_MG\Project_CSE432-532\SER_Project\data\Audio_Speech_Actors_01-24\Actor_03\03-01-08-01-02-01-03.wav,3,1,speech,8,surprised,1,2,1,3,male
C:\Users\Grana\Documents\GitHub\Project_CSE432_MG\Project_CSE432-532\SER_Project\data\Audio_Speech_Actors_01-24\Actor_03\03-01-08-01-02-02-03.wav,3,1,speech,8,surprised,1,2,2,3,male
C:\Users\Grana\Documents\GitHub\Project_CSE432_MG\Project_CSE432-532\SER_Project\data\Audio_Speech_Actors_01-24\Actor_03\03-01-08-02-01-01-03.wav,3,1,speech,8,surprised,2,1,1,3,male
C:\Users\Grana\Documents\GitHub\Project_CSE432_MG\Project_CSE432-532\SER_Project\data\Audio_Speech_Actors_01-24\Actor_03\03-01-08-02-01-02-03.wav,3,1,speech,8,surprised,2,1,2,3,male
C:\Users\Grana\Documents\GitHub\Project_CSE432_MG\Project_CSE432-532\SER_Project\data\Audio_Speech_Actors_01-24\Actor_03\03-01-08-02-02-01-03.wav,3,1,speech,8,surprised,2,2,1,3,male
C:\Users\Grana\Documents\GitHub\Project_CSE432_MG\Project_CSE432-532\SER_Project\data\Audio_Speech_Actors_01-24\Actor_03\03-01-08-02-02-02-03.wav,3,1,speech,8,surprised,2,2,2,3,male
C:\Users\Grana\Documents\GitHub\Project_CSE432_MG\Project_CSE432-532\SER_Project\data\Audio_Speech_Actors_01-24\Actor_04\03-01-01-01-01-01-04.wav,3,1,speech,1,neutral,1,1,1,4,female
C:\Users\Grana\Documents\GitHub\Project_CSE432_MG\Project_CSE432-532\SER_Project\data\Audio_Speech_Actors_01-24\Actor_04\03-01-01-01-01-02-04.wav,3,1,speech,1,neutral,1,1,2,4,female
C:\Users\Grana\Documents\GitHub\Project_CSE432_MG\Project_CSE432-532\SER_Project\data\Audio_Speech_Actors_01-24\Actor_04\03-01-01-01-02-01-04.wav,3,1,speech,1,neutral,1,2,1,4,female
C:\Users\Grana\Documents\GitHub\Project_CSE432_MG\Project_CSE432-532\SER_Project\data\Audio_Speech_Actors_01-24\Actor_04\03-01-01-01-02-02-04.wav,3,1,speech,1,neutral,1,2,2,4,female
C:\Users\Grana\Documents\GitHub\Project_CSE432_MG\Project_CSE432-532\SER_Project\data\Audio_Speech_Actors_01-24\Actor_04\03-01-02-01-01-01-04.wav,3,1,speech,2,calm,1,1,1,4,female
C:\Users\Grana\Documents\GitHub\Project_CSE432_MG\Project_CSE432-532\SER_Project\data\Audio_Speech_Actors_01-24\Actor_04\03-01-02-01-01-02-04.wav,3,1,speech,2,calm,1,1,2,4,female
C:\Users\Grana\Documents\GitHub\Project_CSE432_MG\Project_CSE432-532\SER_Project\data\Audio_Speech_Actors_01-24\Actor_04\03-01-02-01-02-01-04.wav,3,1,speech,2,calm,1,2,1,4,female
C:\Users\Grana\Documents\GitHub\Project_CSE432_MG\Project_CSE432-532\SER_Project\data\Audio_Speech_Actors_01-24\Actor_04\03-01-02-01-02-02-04.wav,3,1,speech,2,calm,1,2,2,4,female
C:\Users\Grana\Documents\GitHub\Project_CSE432_MG\Project_CSE432-532\SER_Project\data\Audio_Speech_Actors_01-24\Actor_04\03-01-02-02-01-01-04.wav,3,1,speech,2,calm,2,1,1,4,female
C:\Users\Grana\Documents\GitHub\Project_CSE432_MG\Project_CSE432-532\SER_Project\data\Audio_Speech_Actors_01-24\Actor_04\03-01-02-02-01-02-04.wav,3,1,speech,2,calm,2,1,2,4,female
C:\Users\Grana\Documents\GitHub\Project_CSE432_MG\Project_CSE432-532\SER_Project\data\Audio_Speech_Actors_01-24\Actor_04\03-01-02-02-02-01-04.wav,3,1,speech,2,calm,2,2,1,4,female
C:\Users\Grana\Documents\GitHub\Project_CSE432_MG\Project_CSE432-532\SER_Project\data\Audio_Speech_Actors_01-24\Actor_04\03-01-02-02-02-02-04.wav,3,1,speech,2,calm,2,2,2,4,female
C:\Users\Grana\Documents\GitHub\Project_CSE432_MG\Project_CSE432-532\SER_Project\data\Audio_Speech_Actors_01-24\Actor_04\03-01-03-01-01-01-04.wav,3,1,speech,3,happy,1,1,1,4,female
C:\Users\Grana\Documents\GitHub\Project_CSE432_MG\Project_CSE432-532\SER_Project\data\Audio_Speech_Actors_01-24\Actor_04\03-01-03-01-01-02-04.wav,3,1,speech,3,happy,1,1,2,4,female
C:\Users\Grana\Documents\GitHub\Project_CSE432_MG\Project_CSE432-532\SER_Project\data\Audio_Speech_Actors_01-24\Actor_04\03-01-03-01-02-01-04.wav,3,1,speech,3,happy,1,2,1,4,female
C:\Users\Grana\Documents\GitHub\Project_CSE432_MG\Project_CSE432-532\SER_Project\data\Audio_Speech_Actors_01-24\Actor_04\03-01-03-01-02-02-04.wav,3,1,speech,3,happy,1,2,2,4,female
C:\Users\Grana\Documents\GitHub\Project_CSE432_MG\Project_CSE432-532\SER_Project\data\Audio_Speech_Actors_01-24\Actor_04\03-01-03-02-01-01-04.wav,3,1,speech,3,happy,2,1,1,4,female
C:\Users\Grana\Documents\GitHub\Project_CSE432_MG\Project_CSE432-532\SER_Project\data\Audio_Speech_Actors_01-24\Actor_04\03-01-03-02-01-02-04.wav,3,1,speech,3,happy,2,1,2,4,female
C:\Users\Grana\Documents\GitHub\Project_CSE432_MG\Project_CSE432-532\SER_Project\data\Audio_Speech_Actors_01-24\Actor_04\03-01-03-02-02-01-04.wav,3,1,speech,3,happy,2,2,1,4,female
C:\Users\Grana\Documents\GitHub\Project_CSE432_MG\Project_CSE432-532\SER_Project\data\Audio_Speech_Actors_01-24\Actor_04\03-01-03-02-02-02-04.wav,3,1,speech,3,happy,2,2,2,4,female
C:\Users\Grana\Documents\GitHub\Project_CSE432_MG\Project_CSE432-532\SER_Project\data\Audio_Speech_Actors_01-24\Actor_04\03-01-04-01-01-01-04.wav,3,1,speech,4,sad,1,1,1,4,female
C:\Users\Grana\Documents\GitHub\Project_CSE432_MG\Project_CSE432-532\SER_Project\data\Audio_Speech_Actors_01-24\Actor_04\03-01-04-01-01-02-04.wav,3,1,speech,4,sad,1,1,2,4,female
C:\Users\Grana\Documents\GitHub\Project_CSE432_MG\Project_CSE432-532\SER_Project\data\Audio_Speech_Actors_01-24\Actor_04\03-01-04-01-02-01-04.wav,3,1,speech,4,sad,1,2,1,4,female
C:\Users\Grana\Documents\GitHub\Project_CSE432_MG\Project_CSE432-532\SER_Project\data\Audio_Speech_Actors_01-24\Actor_04\03-01-04-01-02-02-04.wav,3,1,speech,4,sad,1,2,2,4,female
C:\Users\Grana\Documents\GitHub\Project_CSE432_MG\Project_CSE432-532\SER_Project\data\Audio_Speech_Actors_01-24\Actor_04\03-01-04-02-01-01-04.wav,3,1,speech,4,sad,2,1,1,4,female
C:\Users\Grana\Documents\GitHub\Project_CSE432_MG\Project_CSE432-532\SER_Project\data\Audio_Speech_Actors_01-24\Actor_04\03-01-04-02-01-02-04.wav,3,1,speech,4,sad,2,1,2,4,female
C:\Users\Grana\Documents\GitHub\Project_CSE432_MG\Project_CSE432-532\SER_Project\data\Audio_Speech_Actors_01-24\Actor_04\03-01-04-02-02-01-04.wav,3,1,speech,4,sad,2,2,1,4,female
C:\Users\Grana\Documents\GitHub\Project_CSE432_MG\Project_CSE432-532\SER_Project\data\Audio_Speech_Actors_01-24\Actor_04\03-01-04-02-02-02-04.wav,3,1,speech,4,sad,2,2,2,4,female
C:\Users\Grana\Documents\GitHub\Project_CSE432_MG\Project_CSE432-532\SER_Project\data\Audio_Speech_Actors_01-24\Actor_04\03-01-05-01-01-01-04.wav,3,1,speech,5,angry,1,1,1,4,female
C:\Users\Grana\Documents\GitHub\Project_CSE432_MG\Project_CSE432-532\SER_Project\data\Audio_Speech_Actors_01-24\Actor_04\03-01-05-01-01-02-04.wav,3,1,speech,5,angry,1,1,2,4,female
C:\Users\Grana\Documents\GitHub\Project_CSE432_MG\Project_CSE432-532\SER_Project\data\Audio_Speech_Actors_01-24\Actor_04\03-01-05-01-02-01-04.wav,3,1,speech,5,angry,1,2,1,4,female
C:\Users\Grana\Documents\GitHub\Project_CSE432_MG\Project_CSE432-532\SER_Project\data\Audio_Speech_Actors_01-24\Actor_04\03-01-05-01-02-02-04.wav,3,1,speech,5,angry,1,2,2,4,female
C:\Users\Grana\Documents\GitHub\Project_CSE432_MG\Project_CSE432-532\SER_Project\data\Audio_Speech_Actors_01-24\Actor_04\03-01-05-02-01-01-04.wav,3,1,speech,5,angry,2,1,1,4,female
C:\Users\Grana\Documents\GitHub\Project_CSE432_MG\Project_CSE432-532\SER_Project\data\Audio_Speech_Actors_01-24\Actor_04\03-01-05-02-01-02-04.wav,3,1,speech,5,angry,2,1,2,4,female
C:\Users\Grana\Documents\GitHub\Project_CSE432_MG\Project_CSE432-532\SER_Project\data\Audio_Speech_Actors_01-24\Actor_04\03-01-05-02-02-01-04.wav,3,1,speech,5,angry,2,2,1,4,female
C:\Users\Grana\Documents\GitHub\Project_CSE432_MG\Project_CSE432-532\SER_Project\data\Audio_Speech_Actors_01-24\Actor_04\03-01-05-02-02-02-04.wav,3,1,speech,5,angry,2,2,2,4,female
C:\Users\Grana\Documents\GitHub\Project_CSE432_MG\Project_CSE432-532\SER_Project\data\Audio_Speech_Actors_01-24\Actor_04\03-01-06-01-01-01-04.wav,3,1,speech,6,fearful,1,1,1,4,female
C:\Users\Grana\Documents\GitHub\Project_CSE432_MG\Project_CSE432-532\SER_Project\data\Audio_Speech_Actors_01-24\Actor_04\03-01-06-01-01-02-04.wav,3,1,speech,6,fearful,1,1,2,4,female
C:\Users\Grana\Documents\GitHub\Project_CSE432_MG\Project_CSE432-532\SER_Project\data\Audio_Speech_Actors_01-24\Actor_04\03-01-06-01-02-01-04.wav,3,1,speech,6,fearful,1,2,1,4,female
C:\Users\Grana\Documents\GitHub\Project_CSE432_MG\Project_CSE432-532\SER_Project\data\Audio_Speech_Actors_01-24\Actor_04\03-01-06-01-02-02-04.wav,3,1,speech,6,fearful,1,2,2,4,female
C:\Users\Grana\Documents\GitHub\Project_CSE432_MG\Project_CSE432-532\SER_Project\data\Audio_Speech_Actors_01-24\Actor_04\03-01-06-02-01-01-04.wav,3,1,speech,6,fearful,2,1,1,4,female
C:\Users\Grana\Documents\GitHub\Project_CSE432_MG\Project_CSE432-532\SER_Project\data\Audio_Speech_Actors_01-24\Actor_04\03-01-06-02-01-02-04.wav,3,1,speech,6,fearful,2,1,2,4,female
C:\Users\Grana\Documents\GitHub\Project_CSE432_MG\Project_CSE432-532\SER_Project\data\Audio_Speech_Actors_01-24\Actor_04\03-01-06-02-02-01-04.wav,3,1,speech,6,fearful,2,2,1,4,female
C:\Users\Grana\Documents\GitHub\Project_CSE432_MG\Project_CSE432-532\SER_Project\data\Audio_Speech_Actors_01-24\Actor_04\03-01-06-02-02-02-04.wav,3,1,speech,6,fearful,2,2,2,4,female
C:\Users\Grana\Documents\GitHub\Project_CSE432_MG\Project_CSE432-532\SER_Project\data\Audio_Speech_Actors_01-24\Actor_04\03-01-07-01-01-01-04.wav,3,1,speech,7,disgust,1,1,1,4,female
C:\Users\Grana\Documents\GitHub\Project_CSE432_MG\Project_CSE432-532\SER_Project\data\Audio_Speech_Actors_01-24\Actor_04\03-01-07-01-01-02-04.wav,3,1,speech,7,disgust,1,1,2,4,female
C:\Users\Grana\Documents\GitHub\Project_CSE432_MG\Project_CSE432-532\SER_Project\data\Audio_Speech_Actors_01-24\Actor_04\03-01-07-01-02-01-04.wav,3,1,speech,7,disgust,1,2,1,4,female
C:\Users\Grana\Documents\GitHub\Project_CSE432_MG\Project_CSE432-532\SER_Project\data\Audio_Speech_Actors_01-24\Actor_04\03-01-07-01-02-02-04.wav,3,1,speech,7,disgust,1,2,2,4,female
C:\Users\Grana\Documents\GitHub\Project_CSE432_MG\Project_CSE432-532\SER_Project\data\Audio_Speech_Actors_01-24\Actor_04\03-01-07-02-01-01-04.wav,3,1,speech,7,disgust,2,1,1,4,female
C:\Users\Grana\Documents\GitHub\Project_CSE432_MG\Project_CSE432-532\SER_Project\data\Audio_Speech_Actors_01-24\Actor_04\03-01-07-02-01-02-04.wav,3,1,speech,7,disgust,2,1,2,4,female
C:\Users\Grana\Documents\GitHub\Project_CSE432_MG\Project_CSE432-532\SER_Project\data\Audio_Speech_Actors_01-24\Actor_04\03-01-07-02-02-01-04.wav,3,1,speech,7,disgust,2,2,1,4,female
C:\Users\Grana\Documents\GitHub\Project_CSE432_MG\Project_CSE432-532\SER_Project\data\Audio_Speech_Actors_01-24\Actor_04\03-01-07-02-02-02-04.wav,3,1,speech,7,disgust,2,2,2,4,female
C:\Users\Grana\Documents\GitHub\Project_CSE432_MG\Project_CSE432-532\SER_Project\data\Audio_Speech_Actors_01-24\Actor_04\03-01-08-01-01-01-04.wav,3,1,speech,8,surprised,1,1,1,4,female
C:\Users\Grana\Documents\GitHub\Project_CSE432_MG\Project_CSE432-532\SER_Project\data\Audio_Speech_Actors_01-24\Actor_04\03-01-08-01-01-02-04.wav,3,1,speech,8,surprised,1,1,2,4,female
C:\Users\Grana\Documents\GitHub\Project_CSE432_MG\Project_CSE432-532\SER_Project\data\Audio_Speech_Actors_01-24\Actor_04\03-01-08-01-02-01-04.wav,3,1,speech,8,surprised,1,2,1,4,female
C:\Users\Grana\Documents\GitHub\Project_CSE432_MG\Project_CSE432-532\SER_Project\data\Audio_Speech_Actors_01-24\Actor_04\03-01-08-01-02-02-04.wav,3,1,speech,8,surprised,1,2,2,4,female
C:\Users\Grana\Documents\GitHub\Project_CSE432_MG\Project_CSE432-532\SER_Project\data\Audio_Speech_Actors_01-24\Actor_04\03-01-08-02-01-01-04.wav,3,1,speech,8,surprised,2,1,1,4,female
C:\Users\Grana\Documents\GitHub\Project_CSE432_MG\Project_CSE432-532\SER_Project\data\Audio_Speech_Actors_01-24\Actor_04\03-01-08-02-01-02-04.wav,3,1,speech,8,surprised,2,1,2,4,female
C:\Users\Grana\Documents\GitHub\Project_CSE432_MG\Project_CSE432-532\SER_Project\data\Audio_Speech_Actors_01-24\Actor_04\03-01-08-02-02-01-04.wav,3,1,speech,8,surprised,2,2,1,4,female
C:\Users\Grana\Documents\GitHub\Project_CSE432_MG\Project_CSE432-532\SER_Project\data\Audio_Speech_Actors_01-24\Actor_04\03-01-08-02-02-02-04.wav,3,1,speech,8,surprised,2,2,2,4,female
C:\Users\Grana\Documents\GitHub\Project_CSE432_MG\Project_CSE432-532\SER_Project\data\Audio_Speech_Actors_01-24\Actor_05\03-01-01-01-01-01-05.wav,3,1,speech,1,neutral,1,1,1,5,male
C:\Users\Grana\Documents\GitHub\Project_CSE432_MG\Project_CSE432-532\SER_Project\data\Audio_Speech_Actors_01-24\Actor_05\03-01-01-01-01-02-05.wav,3,1,speech,1,neutral,1,1,2,5,male
C:\Users\Grana\Documents\GitHub\Project_CSE432_MG\Project_CSE432-532\SER_Project\data\Audio_Speech_Actors_01-24\Actor_05\03-01-01-01-02-01-05.wav,3,1,speech,1,neutral,1,2,1,5,male
C:\Users\Grana\Documents\GitHub\Project_CSE432_MG\Project_CSE432-532\SER_Project\data\Audio_Speech_Actors_01-24\Actor_05\03-01-01-01-02-02-05.wav,3,1,speech,1,neutral,1,2,2,5,male
C:\Users\Grana\Documents\GitHub\Project_CSE432_MG\Project_CSE432-532\SER_Project\data\Audio_Speech_Actors_01-24\Actor_05\03-01-02-01-01-01-05.wav,3,1,speech,2,calm,1,1,1,5,male
C:\Users\Grana\Documents\GitHub\Project_CSE432_MG\Project_CSE432-532\SER_Project\data\Audio_Speech_Actors_01-24\Actor_05\03-01-02-01-01-02-05.wav,3,1,speech,2,calm,1,1,2,5,male
C:\Users\Grana\Documents\GitHub\Project_CSE432_MG\Project_CSE432-532\SER_Project\data\Audio_Speech_Actors_01-24\Actor_05\03-01-02-01-02-01-05.wav,3,1,speech,2,calm,1,2,1,5,male
C:\Users\Grana\Documents\GitHub\Project_CSE432_MG\Project_CSE432-532\SER_Project\data\Audio_Speech_Actors_01-24\Actor_05\03-01-02-01-02-02-05.wav,3,1,speech,2,calm,1,2,2,5,male
C:\Users\Grana\Documents\GitHub\Project_CSE432_MG\Project_CSE432-532\SER_Project\data\Audio_Speech_Actors_01-24\Actor_05\03-01-02-02-01-01-05.wav,3,1,speech,2,calm,2,1,1,5,male
C:\Users\Grana\Documents\GitHub\Project_CSE432_MG\Project_CSE432-532\SER_Project\data\Audio_Speech_Actors_01-24\Actor_05\03-01-02-02-01-02-05.wav,3,1,speech,2,calm,2,1,2,5,male
C:\Users\Grana\Documents\GitHub\Project_CSE432_MG\Project_CSE432-532\SER_Project\data\Audio_Speech_Actors_01-24\Actor_05\03-01-02-02-02-01-05.wav,3,1,speech,2,calm,2,2,1,5,male
C:\Users\Grana\Documents\GitHub\Project_CSE432_MG\Project_CSE432-532\SER_Project\data\Audio_Speech_Actors_01-24\Actor_05\03-01-02-02-02-02-05.wav,3,1,speech,2,calm,2,2,2,5,male
C:\Users\Grana\Documents\GitHub\Project_CSE432_MG\Project_CSE432-532\SER_Project\data\Audio_Speech_Actors_01-24\Actor_05\03-01-03-01-01-01-05.wav,3,1,speech,3,happy,1,1,1,5,male
C:\Users\Grana\Documents\GitHub\Project_CSE432_MG\Project_CSE432-532\SER_Project\data\Audio_Speech_Actors_01-24\Actor_05\03-01-03-01-01-02-05.wav,3,1,speech,3,happy,1,1,2,5,male
C:\Users\Grana\Documents\GitHub\Project_CSE432_MG\Project_CSE432-532\SER_Project\data\Audio_Speech_Actors_01-24\Actor_05\03-01-03-01-02-01-05.wav,3,1,speech,3,happy,1,2,1,5,male
C:\Users\Grana\Documents\GitHub\Project_CSE432_MG\Project_CSE432-532\SER_Project\data\Audio_Speech_Actors_01-24\Actor_05\03-01-03-01-02-02-05.wav,3,1,speech,3,happy,1,2,2,5,male
C:\Users\Grana\Documents\GitHub\Project_CSE432_MG\Project_CSE432-532\SER_Project\data\Audio_Speech_Actors_01-24\Actor_05\03-01-03-02-01-01-05.wav,3,1,speech,3,happy,2,1,1,5,male
C:\Users\Grana\Documents\GitHub\Project_CSE432_MG\Project_CSE432-532\SER_Project\data\Audio_Speech_Actors_01-24\Actor_05\03-01-03-02-01-02-05.wav,3,1,speech,3,happy,2,1,2,5,male
C:\Users\Grana\Documents\GitHub\Project_CSE432_MG\Project_CSE432-532\SER_Project\data\Audio_Speech_Actors_01-24\Actor_05\03-01-03-02-02-01-05.wav,3,1,speech,3,happy,2,2,1,5,male
C:\Users\Grana\Documents\GitHub\Project_CSE432_MG\Project_CSE432-532\SER_Project\data\Audio_Speech_Actors_01-24\Actor_05\03-01-03-02-02-02-05.wav,3,1,speech,3,happy,2,2,2,5,male
C:\Users\Grana\Documents\GitHub\Project_CSE432_MG\Project_CSE432-532\SER_Project\data\Audio_Speech_Actors_01-24\Actor_05\03-01-04-01-01-01-05.wav,3,1,speech,4,sad,1,1,1,5,male
C:\Users\Grana\Documents\GitHub\Project_CSE432_MG\Project_CSE432-532\SER_Project\data\Audio_Speech_Actors_01-24\Actor_05\03-01-04-01-01-02-05.wav,3,1,speech,4,sad,1,1,2,5,male
C:\Users\Grana\Documents\GitHub\Project_CSE432_MG\Project_CSE432-532\SER_Project\data\Audio_Speech_Actors_01-24\Actor_05\03-01-04-01-02-01-05.wav,3,1,speech,4,sad,1,2,1,5,male
C:\Users\Grana\Documents\GitHub\Project_CSE432_MG\Project_CSE432-532\SER_Project\data\Audio_Speech_Actors_01-24\Actor_05\03-01-04-01-02-02-05.wav,3,1,speech,4,sad,1,2,2,5,male
C:\Users\Grana\Documents\GitHub\Project_CSE432_MG\Project_CSE432-532\SER_Project\data\Audio_Speech_Actors_01-24\Actor_05\03-01-04-02-01-01-05.wav,3,1,speech,4,sad,2,1,1,5,male
C:\Users\Grana\Documents\GitHub\Project_CSE432_MG\Project_CSE432-532\SER_Project\data\Audio_Speech_Actors_01-24\Actor_05\03-01-04-02-01-02-05.wav,3,1,speech,4,sad,2,1,2,5,male
C:\Users\Grana\Documents\GitHub\Project_CSE432_MG\Project_CSE432-532\SER_Project\data\Audio_Speech_Actors_01-24\Actor_05\03-01-04-02-02-01-05.wav,3,1,speech,4,sad,2,2,1,5,male
C:\Users\Grana\Documents\GitHub\Project_CSE432_MG\Project_CSE432-532\SER_Project\data\Audio_Speech_Actors_01-24\Actor_05\03-01-04-02-02-02-05.wav,3,1,speech,4,sad,2,2,2,5,male
C:\Users\Grana\Documents\GitHub\Project_CSE432_MG\Project_CSE432-532\SER_Project\data\Audio_Speech_Actors_01-24\Actor_05\03-01-05-01-01-01-05.wav,3,1,speech,5,angry,1,1,1,5,male
C:\Users\Grana\Documents\GitHub\Project_CSE432_MG\Project_CSE432-532\SER_Project\data\Audio_Speech_Actors_01-24\Actor_05\03-01-05-01-01-02-05.wav,3,1,speech,5,angry,1,1,2,5,male
C:\Users\Grana\Documents\GitHub\Project_CSE432_MG\Project_CSE432-532\SER_Project\data\Audio_Speech_Actors_01-24\Actor_05\03-01-05-01-02-01-05.wav,3,1,speech,5,angry,1,2,1,5,male
C:\Users\Grana\Documents\GitHub\Project_CSE432_MG\Project_CSE432-532\SER_Project\data\Audio_Speech_Actors_01-24\Actor_05\03-01-05-01-02-02-05.wav,3,1,speech,5,angry,1,2,2,5,male
C:\Users\Grana\Documents\GitHub\Project_CSE432_MG\Project_CSE432-532\SER_Project\data\Audio_Speech_Actors_01-24\Actor_05\03-01-05-02-01-01-05.wav,3,1,speech,5,angry,2,1,1,5,male
C:\Users\Grana\Documents\GitHub\Project_CSE432_MG\Project_CSE432-532\SER_Project\data\Audio_Speech_Actors_01-24\Actor_05\03-01-05-02-01-02-05.wav,3,1,speech,5,angry,2,1,2,5,male
C:\Users\Grana\Documents\GitHub\Project_CSE432_MG\Project_CSE432-532\SER_Project\data\Audio_Speech_Actors_01-24\Actor_05\03-01-05-02-02-01-05.wav,3,1,speech,5,angry,2,2,1,5,male
C:\Users\Grana\Documents\GitHub\Project_CSE432_MG\Project_CSE432-532\SER_Project\data\Audio_Speech_Actors_01-24\Actor_05\03-01-05-02-02-02-05.wav,3,1,speech,5,angry,2,2,2,5,male
C:\Users\Grana\Documents\GitHub\Project_CSE432_MG\Project_CSE432-532\SER_Project\data\Audio_Speech_Actors_01-24\Actor_05\03-01-06-01-01-01-05.wav,3,1,speech,6,fearful,1,1,1,5,male
C:\Users\Grana\Documents\GitHub\Project_CSE432_MG\Project_CSE432-532\SER_Project\data\Audio_Speech_Actors_01-24\Actor_05\03-01-06-01-01-02-05.wav,3,1,speech,6,fearful,1,1,2,5,male
C:\Users\Grana\Documents\GitHub\Project_CSE432_MG\Project_CSE432-532\SER_Project\data\Audio_Speech_Actors_01-24\Actor_05\03-01-06-01-02-01-05.wav,3,1,speech,6,fearful,1,2,1,5,male
C:\Users\Grana\Documents\GitHub\Project_CSE432_MG\Project_CSE432-532\SER_Project\data\Audio_Speech_Actors_01-24\Actor_05\03-01-06-01-02-02-05.wav,3,1,speech,6,fearful,1,2,2,5,male
C:\Users\Grana\Documents\GitHub\Project_CSE432_MG\Project_CSE432-532\SER_Project\data\Audio_Speech_Actors_01-24\Actor_05\03-01-06-02-01-01-05.wav,3,1,speech,6,fearful,2,1,1,5,male
C:\Users\Grana\Documents\GitHub\Project_CSE432_MG\Project_CSE432-532\SER_Project\data\Audio_Speech_Actors_01-24\Actor_05\03-01-06-02-01-02-05.wav,3,1,speech,6,fearful,2,1,2,5,male
C:\Users\Grana\Documents\GitHub\Project_CSE432_MG\Project_CSE432-532\SER_Project\data\Audio_Speech_Actors_01-24\Actor_05\03-01-06-02-02-01-05.wav,3,1,speech,6,fearful,2,2,1,5,male
C:\Users\Grana\Documents\GitHub\Project_CSE432_MG\Project_CSE432-532\SER_Project\data\Audio_Speech_Actors_01-24\Actor_05\03-01-06-02-02-02-05.wav,3,1,speech,6,fearful,2,2,2,5,male
C:\Users\Grana\Documents\GitHub\Project_CSE432_MG\Project_CSE432-532\SER_Project\data\Audio_Speech_Actors_01-24\Actor_05\03-01-07-01-01-01-05.wav,3,1,speech,7,disgust,1,1,1,5,male
C:\Users\Grana\Documents\GitHub\Project_CSE432_MG\Project_CSE432-532\SER_Project\data\Audio_Speech_Actors_01-24\Actor_05\03-01-07-01-01-02-05.wav,3,1,speech,7,disgust,1,1,2,5,male
C:\Users\Grana\Documents\GitHub\Project_CSE432_MG\Project_CSE432-532\SER_Project\data\Audio_Speech_Actors_01-24\Actor_05\03-01-07-01-02-01-05.wav,3,1,speech,7,disgust,1,2,1,5,male
C:\Users\Grana\Documents\GitHub\Project_CSE432_MG\Project_CSE432-532\SER_Project\data\Audio_Speech_Actors_01-24\Actor_05\03-01-07-01-02-02-05.wav,3,1,speech,7,disgust,1,2,2,5,male
C:\Users\Grana\Documents\GitHub\Project_CSE432_MG\Project_CSE432-532\SER_Project\data\Audio_Speech_Actors_01-24\Actor_05\03-01-07-02-01-01-05.wav,3,1,speech,7,disgust,2,1,1,5,male
C:\Users\Grana\Documents\GitHub\Project_CSE432_MG\Project_CSE432-532\SER_Project\data\Audio_Speech_Actors_01-24\Actor_05\03-01-07-02-01-02-05.wav,3,1,speech,7,disgust,2,1,2,5,male
C:\Users\Grana\Documents\GitHub\Project_CSE432_MG\Project_CSE432-532\SER_Project\data\Audio_Speech_Actors_01-24\Actor_05\03-01-07-02-02-01-05.wav,3,1,speech,7,disgust,2,2,1,5,male
C:\Users\Grana\Documents\GitHub\Project_CSE432_MG\Project_CSE432-532\SER_Project\data\Audio_Speech_Actors_01-24\Actor_05\03-01-07-02-02-02-05.wav,3,1,speech,7,disgust,2,2,2,5,male
C:\Users\Grana\Documents\GitHub\Project_CSE432_MG\Project_CSE432-532\SER_Project\data\Audio_Speech_Actors_01-24\Actor_05\03-01-08-01-01-01-05.wav,3,1,speech,8,surprised,1,1,1,5,male
C:\Users\Grana\Documents\GitHub\Project_CSE432_MG\Project_CSE432-532\SER_Project\data\Audio_Speech_Actors_01-24\Actor_05\03-01-08-01-01-02-05.wav,3,1,speech,8,surprised,1,1,2,5,male
C:\Users\Grana\Documents\GitHub\Project_CSE432_MG\Project_CSE432-532\SER_Project\data\Audio_Speech_Actors_01-24\Actor_05\03-01-08-01-02-01-05.wav,3,1,speech,8,surprised,1,2,1,5,male
C:\Users\Grana\Documents\GitHub\Project_CSE432_MG\Project_CSE432-532\SER_Project\data\Audio_Speech_Actors_01-24\Actor_05\03-01-08-01-02-02-05.wav,3,1,speech,8,surprised,1,2,2,5,male
C:\Users\Grana\Documents\GitHub\Project_CSE432_MG\Project_CSE432-532\SER_Project\data\Audio_Speech_Actors_01-24\Actor_05\03-01-08-02-01-01-05.wav,3,1,speech,8,surprised,2,1,1,5,male
C:\Users\Grana\Documents\GitHub\Project_CSE432_MG\Project_CSE432-532\SER_Project\data\Audio_Speech_Actors_01-24\Actor_05\03-01-08-02-01-02-05.wav,3,1,speech,8,surprised,2,1,2,5,male
C:\Users\Grana\Documents\GitHub\Project_CSE432_MG\Project_CSE432-532\SER_Project\data\Audio_Speech_Actors_01-24\Actor_05\03-01-08-02-02-01-05.wav,3,1,speech,8,surprised,2,2,1,5,male
C:\Users\Grana\Documents\GitHub\Project_CSE432_MG\Project_CSE432-532\SER_Project\data\Audio_Speech_Actors_01-24\Actor_05\03-01-08-02-02-02-05.wav,3,1,speech,8,surprised,2,2,2,5,male
C:\Users\Grana\Documents\GitHub\Project_CSE432_MG\Project_CSE432-532\SER_Project\data\Audio_Speech_Actors_01-24\Actor_06\03-01-01-01-01-01-06.wav,3,1,speech,1,neutral,1,1,1,6,female
C:\Users\Grana\Documents\GitHub\Project_CSE432_MG\Project_CSE432-532\SER_Project\data\Audio_Speech_Actors_01-24\Actor_06\03-01-01-01-01-02-06.wav,3,1,speech,1,neutral,1,1,2,6,female
C:\Users\Grana\Documents\GitHub\Project_CSE432_MG\Project_CSE432-532\SER_Project\data\Audio_Speech_Actors_01-24\Actor_06\03-01-01-01-02-01-06.wav,3,1,speech,1,neutral,1,2,1,6,female
C:\Users\Grana\Documents\GitHub\Project_CSE432_MG\Project_CSE432-532\SER_Project\data\Audio_Speech_Actors_01-24\Actor_06\03-01-01-01-02-02-06.wav,3,1,speech,1,neutral,1,2,2,6,female
C:\Users\Grana\Documents\GitHub\Project_CSE432_MG\Project_CSE432-532\SER_Project\data\Audio_Speech_Actors_01-24\Actor_06\03-01-02-01-01-01-06.wav,3,1,speech,2,calm,1,1,1,6,female
C:\Users\Grana\Documents\GitHub\Project_CSE432_MG\Project_CSE432-532\SER_Project\data\Audio_Speech_Actors_01-24\Actor_06\03-01-02-01-01-02-06.wav,3,1,speech,2,calm,1,1,2,6,female
C:\Users\Grana\Documents\GitHub\Project_CSE432_MG\Project_CSE432-532\SER_Project\data\Audio_Speech_Actors_01-24\Actor_06\03-01-02-01-02-01-06.wav,3,1,speech,2,calm,1,2,1,6,female
C:\Users\Grana\Documents\GitHub\Project_CSE432_MG\Project_CSE432-532\SER_Project\data\Audio_Speech_Actors_01-24\Actor_06\03-01-02-01-02-02-06.wav,3,1,speech,2,calm,1,2,2,6,female
C:\Users\Grana\Documents\GitHub\Project_CSE432_MG\Project_CSE432-532\SER_Project\data\Audio_Speech_Actors_01-24\Actor_06\03-01-02-02-01-01-06.wav,3,1,speech,2,calm,2,1,1,6,female
C:\Users\Grana\Documents\GitHub\Project_CSE432_MG\Project_CSE432-532\SER_Project\data\Audio_Speech_Actors_01-24\Actor_06\03-01-02-02-01-02-06.wav,3,1,speech,2,calm,2,1,2,6,female
C:\Users\Grana\Documents\GitHub\Project_CSE432_MG\Project_CSE432-532\SER_Project\data\Audio_Speech_Actors_01-24\Actor_06\03-01-02-02-02-01-06.wav,3,1,speech,2,calm,2,2,1,6,female
C:\Users\Grana\Documents\GitHub\Project_CSE432_MG\Project_CSE432-532\SER_Project\data\Audio_Speech_Actors_01-24\Actor_06\03-01-02-02-02-02-06.wav,3,1,speech,2,calm,2,2,2,6,female
C:\Users\Grana\Documents\GitHub\Project_CSE432_MG\Project_CSE432-532\SER_Project\data\Audio_Speech_Actors_01-24\Actor_06\03-01-03-01-01-01-06.wav,3,1,speech,3,happy,1,1,1,6,female
C:\Users\Grana\Documents\GitHub\Project_CSE432_MG\Project_CSE432-532\SER_Project\data\Audio_Speech_Actors_01-24\Actor_06\03-01-03-01-01-02-06.wav,3,1,speech,3,happy,1,1,2,6,female
C:\Users\Grana\Documents\GitHub\Project_CSE432_MG\Project_CSE432-532\SER_Project\data\Audio_Speech_Actors_01-24\Actor_06\03-01-03-01-02-01-06.wav,3,1,speech,3,happy,1,2,1,6,female
C:\Users\Grana\Documents\GitHub\Project_CSE432_MG\Project_CSE432-532\SER_Project\data\Audio_Speech_Actors_01-24\Actor_06\03-01-03-01-02-02-06.wav,3,1,speech,3,happy,1,2,2,6,female
C:\Users\Grana\Documents\GitHub\Project_CSE432_MG\Project_CSE432-532\SER_Project\data\Audio_Speech_Actors_01-24\Actor_06\03-01-03-02-01-01-06.wav,3,1,speech,3,happy,2,1,1,6,female
C:\Users\Grana\Documents\GitHub\Project_CSE432_MG\Project_CSE432-532\SER_Project\data\Audio_Speech_Actors_01-24\Actor_06\03-01-03-02-01-02-06.wav,3,1,speech,3,happy,2,1,2,6,female
C:\Users\Grana\Documents\GitHub\Project_CSE432_MG\Project_CSE432-532\SER_Project\data\Audio_Speech_Actors_01-24\Actor_06\03-01-03-02-02-01-06.wav,3,1,speech,3,happy,2,2,1,6,female
C:\Users\Grana\Documents\GitHub\Project_CSE432_MG\Project_CSE432-532\SER_Project\data\Audio_Speech_Actors_01-24\Actor_06\03-01-03-02-02-02-06.wav,3,1,speech,3,happy,2,2,2,6,female
C:\Users\Grana\Documents\GitHub\Project_CSE432_MG\Project_CSE432-532\SER_Project\data\Audio_Speech_Actors_01-24\Actor_06\03-01-04-01-01-01-06.wav,3,1,speech,4,sad,1,1,1,6,female
C:\Users\Grana\Documents\GitHub\Project_CSE432_MG\Project_CSE432-532\SER_Project\data\Audio_Speech_Actors_01-24\Actor_06\03-01-04-01-01-02-06.wav,3,1,speech,4,sad,1,1,2,6,female
C:\Users\Grana\Documents\GitHub\Project_CSE432_MG\Project_CSE432-532\SER_Project\data\Audio_Speech_Actors_01-24\Actor_06\03-01-04-01-02-01-06.wav,3,1,speech,4,sad,1,2,1,6,female
C:\Users\Grana\Documents\GitHub\Project_CSE432_MG\Project_CSE432-532\SER_Project\data\Audio_Speech_Actors_01-24\Actor_06\03-01-04-01-02-02-06.wav,3,1,speech,4,sad,1,2,2,6,female
C:\Users\Grana\Documents\GitHub\Project_CSE432_MG\Project_CSE432-532\SER_Project\data\Audio_Speech_Actors_01-24\Actor_06\03-01-04-02-01-01-06.wav,3,1,speech,4,sad,2,1,1,6,female
C:\Users\Grana\Documents\GitHub\Project_CSE432_MG\Project_CSE432-532\SER_Project\data\Audio_Speech_Actors_01-24\Actor_06\03-01-04-02-01-02-06.wav,3,1,speech,4,sad,2,1,2,6,female
C:\Users\Grana\Documents\GitHub\Project_CSE432_MG\Project_CSE432-532\SER_Project\data\Audio_Speech_Actors_01-24\Actor_06\03-01-04-02-02-01-06.wav,3,1,speech,4,sad,2,2,1,6,female
C:\Users\Grana\Documents\GitHub\Project_CSE432_MG\Project_CSE432-532\SER_Project\data\Audio_Speech_Actors_01-24\Actor_06\03-01-04-02-02-02-06.wav,3,1,speech,4,sad,2,2,2,6,female
C:\Users\Grana\Documents\GitHub\Project_CSE432_MG\Project_CSE432-532\SER_Project\data\Audio_Speech_Actors_01-24\Actor_06\03-01-05-01-01-01-06.wav,3,1,speech,5,angry,1,1,1,6,female
C:\Users\Grana\Documents\GitHub\Project_CSE432_MG\Project_CSE432-532\SER_Project\data\Audio_Speech_Actors_01-24\Actor_06\03-01-05-01-01-02-06.wav,3,1,speech,5,angry,1,1,2,6,female
C:\Users\Grana\Documents\GitHub\Project_CSE432_MG\Project_CSE432-532\SER_Project\data\Audio_Speech_Actors_01-24\Actor_06\03-01-05-01-02-01-06.wav,3,1,speech,5,angry,1,2,1,6,female
C:\Users\Grana\Documents\GitHub\Project_CSE432_MG\Project_CSE432-532\SER_Project\data\Audio_Speech_Actors_01-24\Actor_06\03-01-05-01-02-02-06.wav,3,1,speech,5,angry,1,2,2,6,female
C:\Users\Grana\Documents\GitHub\Project_CSE432_MG\Project_CSE432-532\SER_Project\data\Audio_Speech_Actors_01-24\Actor_06\03-01-05-02-01-01-06.wav,3,1,speech,5,angry,2,1,1,6,female
C:\Users\Grana\Documents\GitHub\Project_CSE432_MG\Project_CSE432-532\SER_Project\data\Audio_Speech_Actors_01-24\Actor_06\03-01-05-02-01-02-06.wav,3,1,speech,5,angry,2,1,2,6,female
C:\Users\Grana\Documents\GitHub\Project_CSE432_MG\Project_CSE432-532\SER_Project\data\Audio_Speech_Actors_01-24\Actor_06\03-01-05-02-02-01-06.wav,3,1,speech,5,angry,2,2,1,6,female
C:\Users\Grana\Documents\GitHub\Project_CSE432_MG\Project_CSE432-532\SER_Project\data\Audio_Speech_Actors_01-24\Actor_06\03-01-05-02-02-02-06.wav,3,1,speech,5,angry,2,2,2,6,female
C:\Users\Grana\Documents\GitHub\Project_CSE432_MG\Project_CSE432-532\SER_Project\data\Audio_Speech_Actors_01-24\Actor_06\03-01-06-01-01-01-06.wav,3,1,speech,6,fearful,1,1,1,6,female
C:\Users\Grana\Documents\GitHub\Project_CSE432_MG\Project_CSE432-532\SER_Project\data\Audio_Speech_Actors_01-24\Actor_06\03-01-06-01-01-02-06.wav,3,1,speech,6,fearful,1,1,2,6,female
C:\Users\Grana\Documents\GitHub\Project_CSE432_MG\Project_CSE432-532\SER_Project\data\Audio_Speech_Actors_01-24\Actor_06\03-01-06-01-02-01-06.wav,3,1,speech,6,fearful,1,2,1,6,female
C:\Users\Grana\Documents\GitHub\Project_CSE432_MG\Project_CSE432-532\SER_Project\data\Audio_Speech_Actors_01-24\Actor_06\03-01-06-01-02-02-06.wav,3,1,speech,6,fearful,1,2,2,6,female
C:\Users\Grana\Documents\GitHub\Project_CSE432_MG\Project_CSE432-532\SER_Project\data\Audio_Speech_Actors_01-24\Actor_06\03-01-06-02-01-01-06.wav,3,1,speech,6,fearful,2,1,1,6,female
C:\Users\Grana\Documents\GitHub\Project_CSE432_MG\Project_CSE432-532\SER_Project\data\Audio_Speech_Actors_01-24\Actor_06\03-01-06-02-01-02-06.wav,3,1,speech,6,fearful,2,1,2,6,female
C:\Users\Grana\Documents\GitHub\Project_CSE432_MG\Project_CSE432-532\SER_Project\data\Audio_Speech_Actors_01-24\Actor_06\03-01-06-02-02-01-06.wav,3,1,speech,6,fearful,2,2,1,6,female
C:\Users\Grana\Documents\GitHub\Project_CSE432_MG\Project_CSE432-532\SER_Project\data\Audio_Speech_Actors_01-24\Actor_06\03-01-06-02-02-02-06.wav,3,1,speech,6,fearful,2,2,2,6,female
C:\Users\Grana\Documents\GitHub\Project_CSE432_MG\Project_CSE432-532\SER_Project\data\Audio_Speech_Actors_01-24\Actor_06\03-01-07-01-01-01-06.wav,3,1,speech,7,disgust,1,1,1,6,female
C:\Users\Grana\Documents\GitHub\Project_CSE432_MG\Project_CSE432-532\SER_Project\data\Audio_Speech_Actors_01-24\Actor_06\03-01-07-01-01-02-06.wav,3,1,speech,7,disgust,1,1,2,6,female
C:\Users\Grana\Documents\GitHub\Project_CSE432_MG\Project_CSE432-532\SER_Project\data\Audio_Speech_Actors_01-24\Actor_06\03-01-07-01-02-01-06.wav,3,1,speech,7,disgust,1,2,1,6,female
C:\Users\Grana\Documents\GitHub\Project_CSE432_MG\Project_CSE432-532\SER_Project\data\Audio_Speech_Actors_01-24\Actor_06\03-01-07-01-02-02-06.wav,3,1,speech,7,disgust,1,2,2,6,female
C:\Users\Grana\Documents\GitHub\Project_CSE432_MG\Project_CSE432-532\SER_Project\data\Audio_Speech_Actors_01-24\Actor_06\03-01-07-02-01-01-06.wav,3,1,speech,7,disgust,2,1,1,6,female
C:\Users\Grana\Documents\GitHub\Project_CSE432_MG\Project_CSE432-532\SER_Project\data\Audio_Speech_Actors_01-24\Actor_06\03-01-07-02-01-02-06.wav,3,1,speech,7,disgust,2,1,2,6,female
C:\Users\Grana\Documents\GitHub\Project_CSE432_MG\Project_CSE432-532\SER_Project\data\Audio_Speech_Actors_01-24\Actor_06\03-01-07-02-02-01-06.wav,3,1,speech,7,disgust,2,2,1,6,female
C:\Users\Grana\Documents\GitHub\Project_CSE432_MG\Project_CSE432-532\SER_Project\data\Audio_Speech_Actors_01-24\Actor_06\03-01-07-02-02-02-06.wav,3,1,speech,7,disgust,2,2,2,6,female
C:\Users\Grana\Documents\GitHub\Project_CSE432_MG\Project_CSE432-532\SER_Project\data\Audio_Speech_Actors_01-24\Actor_06\03-01-08-01-01-01-06.wav,3,1,speech,8,surprised,1,1,1,6,female
C:\Users\Grana\Documents\GitHub\Project_CSE432_MG\Project_CSE432-532\SER_Project\data\Audio_Speech_Actors_01-24\Actor_06\03-01-08-01-01-02-06.wav,3,1,speech,8,surprised,1,1,2,6,female
C:\Users\Grana\Documents\GitHub\Project_CSE432_MG\Project_CSE432-532\SER_Project\data\Audio_Speech_Actors_01-24\Actor_06\03-01-08-01-02-01-06.wav,3,1,speech,8,surprised,1,2,1,6,female
C:\Users\Grana\Documents\GitHub\Project_CSE432_MG\Project_CSE432-532\SER_Project\data\Audio_Speech_Actors_01-24\Actor_06\03-01-08-01-02-02-06.wav,3,1,speech,8,surprised,1,2,2,6,female
C:\Users\Grana\Documents\GitHub\Project_CSE432_MG\Project_CSE432-532\SER_Project\data\Audio_Speech_Actors_01-24\Actor_06\03-01-08-02-01-01-06.wav,3,1,speech,8,surprised,2,1,1,6,female
C:\Users\Grana\Documents\GitHub\Project_CSE432_MG\Project_CSE432-532\SER_Project\data\Audio_Speech_Actors_01-24\Actor_06\03-01-08-02-01-02-06.wav,3,1,speech,8,surprised,2,1,2,6,female
C:\Users\Grana\Documents\GitHub\Project_CSE432_MG\Project_CSE432-532\SER_Project\data\Audio_Speech_Actors_01-24\Actor_06\03-01-08-02-02-01-06.wav,3,1,speech,8,surprised,2,2,1,6,female
C:\Users\Grana\Documents\GitHub\Project_CSE432_MG\Project_CSE432-532\SER_Project\data\Audio_Speech_Actors_01-24\Actor_06\03-01-08-02-02-02-06.wav,3,1,speech,8,surprised,2,2,2,6,female
C:\Users\Grana\Documents\GitHub\Project_CSE432_MG\Project_CSE432-532\SER_Project\data\Audio_Speech_Actors_01-24\Actor_07\03-01-01-01-01-01-07.wav,3,1,speech,1,neutral,1,1,1,7,male
C:\Users\Grana\Documents\GitHub\Project_CSE432_MG\Project_CSE432-532\SER_Project\data\Audio_Speech_Actors_01-24\Actor_07\03-01-01-01-01-02-07.wav,3,1,speech,1,neutral,1,1,2,7,male
C:\Users\Grana\Documents\GitHub\Project_CSE432_MG\Project_CSE432-532\SER_Project\data\Audio_Speech_Actors_01-24\Actor_07\03-01-01-01-02-01-07.wav,3,1,speech,1,neutral,1,2,1,7,male
C:\Users\Grana\Documents\GitHub\Project_CSE432_MG\Project_CSE432-532\SER_Project\data\Audio_Speech_Actors_01-24\Actor_07\03-01-01-01-02-02-07.wav,3,1,speech,1,neutral,1,2,2,7,male
C:\Users\Grana\Documents\GitHub\Project_CSE432_MG\Project_CSE432-532\SER_Project\data\Audio_Speech_Actors_01-24\Actor_07\03-01-02-01-01-01-07.wav,3,1,speech,2,calm,1,1,1,7,male
C:\Users\Grana\Documents\GitHub\Project_CSE432_MG\Project_CSE432-532\SER_Project\data\Audio_Speech_Actors_01-24\Actor_07\03-01-02-01-01-02-07.wav,3,1,speech,2,calm,1,1,2,7,male
C:\Users\Grana\Documents\GitHub\Project_CSE432_MG\Project_CSE432-532\SER_Project\data\Audio_Speech_Actors_01-24\Actor_07\03-01-02-01-02-01-07.wav,3,1,speech,2,calm,1,2,1,7,male
C:\Users\Grana\Documents\GitHub\Project_CSE432_MG\Project_CSE432-532\SER_Project\data\Audio_Speech_Actors_01-24\Actor_07\03-01-02-01-02-02-07.wav,3,1,speech,2,calm,1,2,2,7,male
C:\Users\Grana\Documents\GitHub\Project_CSE432_MG\Project_CSE432-532\SER_Project\data\Audio_Speech_Actors_01-24\Actor_07\03-01-02-02-01-01-07.wav,3,1,speech,2,calm,2,1,1,7,male
C:\Users\Grana\Documents\GitHub\Project_CSE432_MG\Project_CSE432-532\SER_Project\data\Audio_Speech_Actors_01-24\Actor_07\03-01-02-02-01-02-07.wav,3,1,speech,2,calm,2,1,2,7,male
C:\Users\Grana\Documents\GitHub\Project_CSE432_MG\Project_CSE432-532\SER_Project\data\Audio_Speech_Actors_01-24\Actor_07\03-01-02-02-02-01-07.wav,3,1,speech,2,calm,2,2,1,7,male
C:\Users\Grana\Documents\GitHub\Project_CSE432_MG\Project_CSE432-532\SER_Project\data\Audio_Speech_Actors_01-24\Actor_07\03-01-02-02-02-02-07.wav,3,1,speech,2,calm,2,2,2,7,male
C:\Users\Grana\Documents\GitHub\Project_CSE432_MG\Project_CSE432-532\SER_Project\data\Audio_Speech_Actors_01-24\Actor_07\03-01-03-01-01-01-07.wav,3,1,speech,3,happy,1,1,1,7,male
C:\Users\Grana\Documents\GitHub\Project_CSE432_MG\Project_CSE432-532\SER_Project\data\Audio_Speech_Actors_01-24\Actor_07\03-01-03-01-01-02-07.wav,3,1,speech,3,happy,1,1,2,7,male
C:\Users\Grana\Documents\GitHub\Project_CSE432_MG\Project_CSE432-532\SER_Project\data\Audio_Speech_Actors_01-24\Actor_07\03-01-03-01-02-01-07.wav,3,1,speech,3,happy,1,2,1,7,male
C:\Users\Grana\Documents\GitHub\Project_CSE432_MG\Project_CSE432-532\SER_Project\data\Audio_Speech_Actors_01-24\Actor_07\03-01-03-01-02-02-07.wav,3,1,speech,3,happy,1,2,2,7,male
C:\Users\Grana\Documents\GitHub\Project_CSE432_MG\Project_CSE432-532\SER_Project\data\Audio_Speech_Actors_01-24\Actor_07\03-01-03-02-01-01-07.wav,3,1,speech,3,happy,2,1,1,7,male
C:\Users\Grana\Documents\GitHub\Project_CSE432_MG\Project_CSE432-532\SER_Project\data\Audio_Speech_Actors_01-24\Actor_07\03-01-03-02-01-02-07.wav,3,1,speech,3,happy,2,1,2,7,male
C:\Users\Grana\Documents\GitHub\Project_CSE432_MG\Project_CSE432-532\SER_Project\data\Audio_Speech_Actors_01-24\Actor_07\03-01-03-02-02-01-07.wav,3,1,speech,3,happy,2,2,1,7,male
C:\Users\Grana\Documents\GitHub\Project_CSE432_MG\Project_CSE432-532\SER_Project\data\Audio_Speech_Actors_01-24\Actor_07\03-01-03-02-02-02-07.wav,3,1,speech,3,happy,2,2,2,7,male
C:\Users\Grana\Documents\GitHub\Project_CSE432_MG\Project_CSE432-532\SER_Project\data\Audio_Speech_Actors_01-24\Actor_07\03-01-04-01-01-01-07.wav,3,1,speech,4,sad,1,1,1,7,male
C:\Users\Grana\Documents\GitHub\Project_CSE432_MG\Project_CSE432-532\SER_Project\data\Audio_Speech_Actors_01-24\Actor_07\03-01-04-01-01-02-07.wav,3,1,speech,4,sad,1,1,2,7,male
C:\Users\Grana\Documents\GitHub\Project_CSE432_MG\Project_CSE432-532\SER_Project\data\Audio_Speech_Actors_01-24\Actor_07\03-01-04-01-02-01-07.wav,3,1,speech,4,sad,1,2,1,7,male
C:\Users\Grana\Documents\GitHub\Project_CSE432_MG\Project_CSE432-532\SER_Project\data\Audio_Speech_Actors_01-24\Actor_07\03-01-04-01-02-02-07.wav,3,1,speech,4,sad,1,2,2,7,male
C:\Users\Grana\Documents\GitHub\Project_CSE432_MG\Project_CSE432-532\SER_Project\data\Audio_Speech_Actors_01-24\Actor_07\03-01-04-02-01-01-07.wav,3,1,speech,4,sad,2,1,1,7,male
C:\Users\Grana\Documents\GitHub\Project_CSE432_MG\Project_CSE432-532\SER_Project\data\Audio_Speech_Actors_01-24\Actor_07\03-01-04-02-01-02-07.wav,3,1,speech,4,sad,2,1,2,7,male
C:\Users\Grana\Documents\GitHub\Project_CSE432_MG\Project_CSE432-532\SER_Project\data\Audio_Speech_Actors_01-24\Actor_07\03-01-04-02-02-01-07.wav,3,1,speech,4,sad,2,2,1,7,male
C:\Users\Grana\Documents\GitHub\Project_CSE432_MG\Project_CSE432-532\SER_Project\data\Audio_Speech_Actors_01-24\Actor_07\03-01-04-02-02-02-07.wav,3,1,speech,4,sad,2,2,2,7,male
C:\Users\Grana\Documents\GitHub\Project_CSE432_MG\Project_CSE432-532\SER_Project\data\Audio_Speech_Actors_01-24\Actor_07\03-01-05-01-01-01-07.wav,3,1,speech,5,angry,1,1,1,7,male
C:\Users\Grana\Documents\GitHub\Project_CSE432_MG\Project_CSE432-532\SER_Project\data\Audio_Speech_Actors_01-24\Actor_07\03-01-05-01-01-02-07.wav,3,1,speech,5,angry,1,1,2,7,male
C:\Users\Grana\Documents\GitHub\Project_CSE432_MG\Project_CSE432-532\SER_Project\data\Audio_Speech_Actors_01-24\Actor_07\03-01-05-01-02-01-07.wav,3,1,speech,5,angry,1,2,1,7,male
C:\Users\Grana\Documents\GitHub\Project_CSE432_MG\Project_CSE432-532\SER_Project\data\Audio_Speech_Actors_01-24\Actor_07\03-01-05-01-02-02-07.wav,3,1,speech,5,angry,1,2,2,7,male
C:\Users\Grana\Documents\GitHub\Project_CSE432_MG\Project_CSE432-532\SER_Project\data\Audio_Speech_Actors_01-24\Actor_07\03-01-05-02-01-01-07.wav,3,1,speech,5,angry,2,1,1,7,male
C:\Users\Grana\Documents\GitHub\Project_CSE432_MG\Project_CSE432-532\SER_Project\data\Audio_Speech_Actors_01-24\Actor_07\03-01-05-02-01-02-07.wav,3,1,speech,5,angry,2,1,2,7,male
C:\Users\Grana\Documents\GitHub\Project_CSE432_MG\Project_CSE432-532\SER_Project\data\Audio_Speech_Actors_01-24\Actor_07\03-01-05-02-02-01-07.wav,3,1,speech,5,angry,2,2,1,7,male
C:\Users\Grana\Documents\GitHub\Project_CSE432_MG\Project_CSE432-532\SER_Project\data\Audio_Speech_Actors_01-24\Actor_07\03-01-05-02-02-02-07.wav,3,1,speech,5,angry,2,2,2,7,male
C:\Users\Grana\Documents\GitHub\Project_CSE432_MG\Project_CSE432-532\SER_Project\data\Audio_Speech_Actors_01-24\Actor_07\03-01-06-01-01-01-07.wav,3,1,speech,6,fearful,1,1,1,7,male
C:\Users\Grana\Documents\GitHub\Project_CSE432_MG\Project_CSE432-532\SER_Project\data\Audio_Speech_Actors_01-24\Actor_07\03-01-06-01-01-02-07.wav,3,1,speech,6,fearful,1,1,2,7,male
C:\Users\Grana\Documents\GitHub\Project_CSE432_MG\Project_CSE432-532\SER_Project\data\Audio_Speech_Actors_01-24\Actor_07\03-01-06-01-02-01-07.wav,3,1,speech,6,fearful,1,2,1,7,male
C:\Users\Grana\Documents\GitHub\Project_CSE432_MG\Project_CSE432-532\SER_Project\data\Audio_Speech_Actors_01-24\Actor_07\03-01-06-01-02-02-07.wav,3,1,speech,6,fearful,1,2,2,7,male
C:\Users\Grana\Documents\GitHub\Project_CSE432_MG\Project_CSE432-532\SER_Project\data\Audio_Speech_Actors_01-24\Actor_07\03-01-06-02-01-01-07.wav,3,1,speech,6,fearful,2,1,1,7,male
C:\Users\Grana\Documents\GitHub\Project_CSE432_MG\Project_CSE432-532\SER_Project\data\Audio_Speech_Actors_01-24\Actor_07\03-01-06-02-01-02-07.wav,3,1,speech,6,fearful,2,1,2,7,male
C:\Users\Grana\Documents\GitHub\Project_CSE432_MG\Project_CSE432-532\SER_Project\data\Audio_Speech_Actors_01-24\Actor_07\03-01-06-02-02-01-07.wav,3,1,speech,6,fearful,2,2,1,7,male
C:\Users\Grana\Documents\GitHub\Project_CSE432_MG\Project_CSE432-532\SER_Project\data\Audio_Speech_Actors_01-24\Actor_07\03-01-06-02-02-02-07.wav,3,1,speech,6,fearful,2,2,2,7,male
C:\Users\Grana\Documents\GitHub\Project_CSE432_MG\Project_CSE432-532\SER_Project\data\Audio_Speech_Actors_01-24\Actor_07\03-01-07-01-01-01-07.wav,3,1,speech,7,disgust,1,1,1,7,male
C:\Users\Grana\Documents\GitHub\Project_CSE432_MG\Project_CSE432-532\SER_Project\data\Audio_Speech_Actors_01-24\Actor_07\03-01-07-01-01-02-07.wav,3,1,speech,7,disgust,1,1,2,7,male
C:\Users\Grana\Documents\GitHub\Project_CSE432_MG\Project_CSE432-532\SER_Project\data\Audio_Speech_Actors_01-24\Actor_07\03-01-07-01-02-01-07.wav,3,1,speech,7,disgust,1,2,1,7,male
C:\Users\Grana\Documents\GitHub\Project_CSE432_MG\Project_CSE432-532\SER_Project\data\Audio_Speech_Actors_01-24\Actor_07\03-01-07-01-02-02-07.wav,3,1,speech,7,disgust,1,2,2,7,male
C:\Users\Grana\Documents\GitHub\Project_CSE432_MG\Project_CSE432-532\SER_Project\data\Audio_Speech_Actors_01-24\Actor_07\03-01-07-02-01-01-07.wav,3,1,speech,7,disgust,2,1,1,7,male
C:\Users\Grana\Documents\GitHub\Project_CSE432_MG\Project_CSE432-532\SER_Project\data\Audio_Speech_Actors_01-24\Actor_07\03-01-07-02-01-02-07.wav,3,1,speech,7,disgust,2,1,2,7,male
C:\Users\Grana\Documents\GitHub\Project_CSE432_MG\Project_CSE432-532\SER_Project\data\Audio_Speech_Actors_01-24\Actor_07\03-01-07-02-02-01-07.wav,3,1,speech,7,disgust,2,2,1,7,male
C:\Users\Grana\Documents\GitHub\Project_CSE432_MG\Project_CSE432-532\SER_Project\data\Audio_Speech_Actors_01-24\Actor_07\03-01-07-02-02-02-07.wav,3,1,speech,7,disgust,2,2,2,7,male
C:\Users\Grana\Documents\GitHub\Project_CSE432_MG\Project_CSE432-532\SER_Project\data\Audio_Speech_Actors_01-24\Actor_07\03-01-08-01-01-01-07.wav,3,1,speech,8,surprised,1,1,1,7,male
C:\Users\Grana\Documents\GitHub\Project_CSE432_MG\Project_CSE432-532\SER_Project\data\Audio_Speech_Actors_01-24\Actor_07\03-01-08-01-01-02-07.wav,3,1,speech,8,surprised,1,1,2,7,male
C:\Users\Grana\Documents\GitHub\Project_CSE432_MG\Project_CSE432-532\SER_Project\data\Audio_Speech_Actors_01-24\Actor_07\03-01-08-01-02-01-07.wav,3,1,speech,8,surprised,1,2,1,7,male
C:\Users\Grana\Documents\GitHub\Project_CSE432_MG\Project_CSE432-532\SER_Project\data\Audio_Speech_Actors_01-24\Actor_07\03-01-08-01-02-02-07.wav,3,1,speech,8,surprised,1,2,2,7,male
C:\Users\Grana\Documents\GitHub\Project_CSE432_MG\Project_CSE432-532\SER_Project\data\Audio_Speech_Actors_01-24\Actor_07\03-01-08-02-01-01-07.wav,3,1,speech,8,surprised,2,1,1,7,male
C:\Users\Grana\Documents\GitHub\Project_CSE432_MG\Project_CSE432-532\SER_Project\data\Audio_Speech_Actors_01-24\Actor_07\03-01-08-02-01-02-07.wav,3,1,speech,8,surprised,2,1,2,7,male
C:\Users\Grana\Documents\GitHub\Project_CSE432_MG\Project_CSE432-532\SER_Project\data\Audio_Speech_Actors_01-24\Actor_07\03-01-08-02-02-01-07.wav,3,1,speech,8,surprised,2,2,1,7,male
C:\Users\Grana\Documents\GitHub\Project_CSE432_MG\Project_CSE432-532\SER_Project\data\Audio_Speech_Actors_01-24\Actor_07\03-01-08-02-02-02-07.wav,3,1,speech,8,surprised,2,2,2,7,male
C:\Users\Grana\Documents\GitHub\Project_CSE432_MG\Project_CSE432-532\SER_Project\data\Audio_Speech_Actors_01-24\Actor_08\03-01-01-01-01-01-08.wav,3,1,speech,1,neutral,1,1,1,8,female
C:\Users\Grana\Documents\GitHub\Project_CSE432_MG\Project_CSE432-532\SER_Project\data\Audio_Speech_Actors_01-24\Actor_08\03-01-01-01-01-02-08.wav,3,1,speech,1,neutral,1,1,2,8,female
C:\Users\Grana\Documents\GitHub\Project_CSE432_MG\Project_CSE432-532\SER_Project\data\Audio_Speech_Actors_01-24\Actor_08\03-01-01-01-02-01-08.wav,3,1,speech,1,neutral,1,2,1,8,female
C:\Users\Grana\Documents\GitHub\Project_CSE432_MG\Project_CSE432-532\SER_Project\data\Audio_Speech_Actors_01-24\Actor_08\03-01-01-01-02-02-08.wav,3,1,speech,1,neutral,1,2,2,8,female
C:\Users\Grana\Documents\GitHub\Project_CSE432_MG\Project_CSE432-532\SER_Project\data\Audio_Speech_Actors_01-24\Actor_08\03-01-02-01-01-01-08.wav,3,1,speech,2,calm,1,1,1,8,female
C:\Users\Grana\Documents\GitHub\Project_CSE432_MG\Project_CSE432-532\SER_Project\data\Audio_Speech_Actors_01-24\Actor_08\03-01-02-01-01-02-08.wav,3,1,speech,2,calm,1,1,2,8,female
C:\Users\Grana\Documents\GitHub\Project_CSE432_MG\Project_CSE432-532\SER_Project\data\Audio_Speech_Actors_01-24\Actor_08\03-01-02-01-02-01-08.wav,3,1,speech,2,calm,1,2,1,8,female
C:\Users\Grana\Documents\GitHub\Project_CSE432_MG\Project_CSE432-532\SER_Project\data\Audio_Speech_Actors_01-24\Actor_08\03-01-02-01-02-02-08.wav,3,1,speech,2,calm,1,2,2,8,female
C:\Users\Grana\Documents\GitHub\Project_CSE432_MG\Project_CSE432-532\SER_Project\data\Audio_Speech_Actors_01-24\Actor_08\03-01-02-02-01-01-08.wav,3,1,speech,2,calm,2,1,1,8,female
C:\Users\Grana\Documents\GitHub\Project_CSE432_MG\Project_CSE432-532\SER_Project\data\Audio_Speech_Actors_01-24\Actor_08\03-01-02-02-01-02-08.wav,3,1,speech,2,calm,2,1,2,8,female
C:\Users\Grana\Documents\GitHub\Project_CSE432_MG\Project_CSE432-532\SER_Project\data\Audio_Speech_Actors_01-24\Actor_08\03-01-02-02-02-01-08.wav,3,1,speech,2,calm,2,2,1,8,female
C:\Users\Grana\Documents\GitHub\Project_CSE432_MG\Project_CSE432-532\SER_Project\data\Audio_Speech_Actors_01-24\Actor_08\03-01-02-02-02-02-08.wav,3,1,speech,2,calm,2,2,2,8,female
C:\Users\Grana\Documents\GitHub\Project_CSE432_MG\Project_CSE432-532\SER_Project\data\Audio_Speech_Actors_01-24\Actor_08\03-01-03-01-01-01-08.wav,3,1,speech,3,happy,1,1,1,8,female
C:\Users\Grana\Documents\GitHub\Project_CSE432_MG\Project_CSE432-532\SER_Project\data\Audio_Speech_Actors_01-24\Actor_08\03-01-03-01-01-02-08.wav,3,1,speech,3,happy,1,1,2,8,female
C:\Users\Grana\Documents\GitHub\Project_CSE432_MG\Project_CSE432-532\SER_Project\data\Audio_Speech_Actors_01-24\Actor_08\03-01-03-01-02-01-08.wav,3,1,speech,3,happy,1,2,1,8,female
C:\Users\Grana\Documents\GitHub\Project_CSE432_MG\Project_CSE432-532\SER_Project\data\Audio_Speech_Actors_01-24\Actor_08\03-01-03-01-02-02-08.wav,3,1,speech,3,happy,1,2,2,8,female
C:\Users\Grana\Documents\GitHub\Project_CSE432_MG\Project_CSE432-532\SER_Project\data\Audio_Speech_Actors_01-24\Actor_08\03-01-03-02-01-01-08.wav,3,1,speech,3,happy,2,1,1,8,female
C:\Users\Grana\Documents\GitHub\Project_CSE432_MG\Project_CSE432-532\SER_Project\data\Audio_Speech_Actors_01-24\Actor_08\03-01-03-02-01-02-08.wav,3,1,speech,3,happy,2,1,2,8,female
C:\Users\Grana\Documents\GitHub\Project_CSE432_MG\Project_CSE432-532\SER_Project\data\Audio_Speech_Actors_01-24\Actor_08\03-01-03-02-02-01-08.wav,3,1,speech,3,happy,2,2,1,8,female
C:\Users\Grana\Documents\GitHub\Project_CSE432_MG\Project_CSE432-532\SER_Project\data\Audio_Speech_Actors_01-24\Actor_08\03-01-03-02-02-02-08.wav,3,1,speech,3,happy,2,2,2,8,female
C:\Users\Grana\Documents\GitHub\Project_CSE432_MG\Project_CSE432-532\SER_Project\data\Audio_Speech_Actors_01-24\Actor_08\03-01-04-01-01-01-08.wav,3,1,speech,4,sad,1,1,1,8,female
C:\Users\Grana\Documents\GitHub\Project_CSE432_MG\Project_CSE432-532\SER_Project\data\Audio_Speech_Actors_01-24\Actor_08\03-01-04-01-01-02-08.wav,3,1,speech,4,sad,1,1,2,8,female
C:\Users\Grana\Documents\GitHub\Project_CSE432_MG\Project_CSE432-532\SER_Project\data\Audio_Speech_Actors_01-24\Actor_08\03-01-04-01-02-01-08.wav,3,1,speech,4,sad,1,2,1,8,female
C:\Users\Grana\Documents\GitHub\Project_CSE432_MG\Project_CSE432-532\SER_Project\data\Audio_Speech_Actors_01-24\Actor_08\03-01-04-01-02-02-08.wav,3,1,speech,4,sad,1,2,2,8,female
C:\Users\Grana\Documents\GitHub\Project_CSE432_MG\Project_CSE432-532\SER_Project\data\Audio_Speech_Actors_01-24\Actor_08\03-01-04-02-01-01-08.wav,3,1,speech,4,sad,2,1,1,8,female
C:\Users\Grana\Documents\GitHub\Project_CSE432_MG\Project_CSE432-532\SER_Project\data\Audio_Speech_Actors_01-24\Actor_08\03-01-04-02-01-02-08.wav,3,1,speech,4,sad,2,1,2,8,female
C:\Users\Grana\Documents\GitHub\Project_CSE432_MG\Project_CSE432-532\SER_Project\data\Audio_Speech_Actors_01-24\Actor_08\03-01-04-02-02-01-08.wav,3,1,speech,4,sad,2,2,1,8,female
C:\Users\Grana\Documents\GitHub\Project_CSE432_MG\Project_CSE432-532\SER_Project\data\Audio_Speech_Actors_01-24\Actor_08\03-01-04-02-02-02-08.wav,3,1,speech,4,sad,2,2,2,8,female
C:\Users\Grana\Documents\GitHub\Project_CSE432_MG\Project_CSE432-532\SER_Project\data\Audio_Speech_Actors_01-24\Actor_08\03-01-05-01-01-01-08.wav,3,1,speech,5,angry,1,1,1,8,female
C:\Users\Grana\Documents\GitHub\Project_CSE432_MG\Project_CSE432-532\SER_Project\data\Audio_Speech_Actors_01-24\Actor_08\03-01-05-01-01-02-08.wav,3,1,speech,5,angry,1,1,2,8,female
C:\Users\Grana\Documents\GitHub\Project_CSE432_MG\Project_CSE432-532\SER_Project\data\Audio_Speech_Actors_01-24\Actor_08\03-01-05-01-02-01-08.wav,3,1,speech,5,angry,1,2,1,8,female
C:\Users\Grana\Documents\GitHub\Project_CSE432_MG\Project_CSE432-532\SER_Project\data\Audio_Speech_Actors_01-24\Actor_08\03-01-05-01-02-02-08.wav,3,1,speech,5,angry,1,2,2,8,female
C:\Users\Grana\Documents\GitHub\Project_CSE432_MG\Project_CSE432-532\SER_Project\data\Audio_Speech_Actors_01-24\Actor_08\03-01-05-02-01-01-08.wav,3,1,speech,5,angry,2,1,1,8,female
C:\Users\Grana\Documents\GitHub\Project_CSE432_MG\Project_CSE432-532\SER_Project\data\Audio_Speech_Actors_01-24\Actor_08\03-01-05-02-01-02-08.wav,3,1,speech,5,angry,2,1,2,8,female
C:\Users\Grana\Documents\GitHub\Project_CSE432_MG\Project_CSE432-532\SER_Project\data\Audio_Speech_Actors_01-24\Actor_08\03-01-05-02-02-01-08.wav,3,1,speech,5,angry,2,2,1,8,female
C:\Users\Grana\Documents\GitHub\Project_CSE432_MG\Project_CSE432-532\SER_Project\data\Audio_Speech_Actors_01-24\Actor_08\03-01-05-02-02-02-08.wav,3,1,speech,5,angry,2,2,2,8,female
C:\Users\Grana\Documents\GitHub\Project_CSE432_MG\Project_CSE432-532\SER_Project\data\Audio_Speech_Actors_01-24\Actor_08\03-01-06-01-01-01-08.wav,3,1,speech,6,fearful,1,1,1,8,female
C:\Users\Grana\Documents\GitHub\Project_CSE432_MG\Project_CSE432-532\SER_Project\data\Audio_Speech_Actors_01-24\Actor_08\03-01-06-01-01-02-08.wav,3,1,speech,6,fearful,1,1,2,8,female
C:\Users\Grana\Documents\GitHub\Project_CSE432_MG\Project_CSE432-532\SER_Project\data\Audio_Speech_Actors_01-24\Actor_08\03-01-06-01-02-01-08.wav,3,1,speech,6,fearful,1,2,1,8,female
C:\Users\Grana\Documents\GitHub\Project_CSE432_MG\Project_CSE432-532\SER_Project\data\Audio_Speech_Actors_01-24\Actor_08\03-01-06-01-02-02-08.wav,3,1,speech,6,fearful,1,2,2,8,female
C:\Users\Grana\Documents\GitHub\Project_CSE432_MG\Project_CSE432-532\SER_Project\data\Audio_Speech_Actors_01-24\Actor_08\03-01-06-02-01-01-08.wav,3,1,speech,6,fearful,2,1,1,8,female
C:\Users\Grana\Documents\GitHub\Project_CSE432_MG\Project_CSE432-532\SER_Project\data\Audio_Speech_Actors_01-24\Actor_08\03-01-06-02-01-02-08.wav,3,1,speech,6,fearful,2,1,2,8,female
C:\Users\Grana\Documents\GitHub\Project_CSE432_MG\Project_CSE432-532\SER_Project\data\Audio_Speech_Actors_01-24\Actor_08\03-01-06-02-02-01-08.wav,3,1,speech,6,fearful,2,2,1,8,female
C:\Users\Grana\Documents\GitHub\Project_CSE432_MG\Project_CSE432-532\SER_Project\data\Audio_Speech_Actors_01-24\Actor_08\03-01-06-02-02-02-08.wav,3,1,speech,6,fearful,2,2,2,8,female
C:\Users\Grana\Documents\GitHub\Project_CSE432_MG\Project_CSE432-532\SER_Project\data\Audio_Speech_Actors_01-24\Actor_08\03-01-07-01-01-01-08.wav,3,1,speech,7,disgust,1,1,1,8,female
C:\Users\Grana\Documents\GitHub\Project_CSE432_MG\Project_CSE432-532\SER_Project\data\Audio_Speech_Actors_01-24\Actor_08\03-01-07-01-01-02-08.wav,3,1,speech,7,disgust,1,1,2,8,female
C:\Users\Grana\Documents\GitHub\Project_CSE432_MG\Project_CSE432-532\SER_Project\data\Audio_Speech_Actors_01-24\Actor_08\03-01-07-01-02-01-08.wav,3,1,speech,7,disgust,1,2,1,8,female
C:\Users\Grana\Documents\GitHub\Project_CSE432_MG\Project_CSE432-532\SER_Project\data\Audio_Speech_Actors_01-24\Actor_08\03-01-07-01-02-02-08.wav,3,1,speech,7,disgust,1,2,2,8,female
C:\Users\Grana\Documents\GitHub\Project_CSE432_MG\Project_CSE432-532\SER_Project\data\Audio_Speech_Actors_01-24\Actor_08\03-01-07-02-01-01-08.wav,3,1,speech,7,disgust,2,1,1,8,female
C:\Users\Grana\Documents\GitHub\Project_CSE432_MG\Project_CSE432-532\SER_Project\data\Audio_Speech_Actors_01-24\Actor_08\03-01-07-02-01-02-08.wav,3,1,speech,7,disgust,2,1,2,8,female
C:\Users\Grana\Documents\GitHub\Project_CSE432_MG\Project_CSE432-532\SER_Project\data\Audio_Speech_Actors_01-24\Actor_08\03-01-07-02-02-01-08.wav,3,1,speech,7,disgust,2,2,1,8,female
C:\Users\Grana\Documents\GitHub\Project_CSE432_MG\Project_CSE432-532\SER_Project\data\Audio_Speech_Actors_01-24\Actor_08\03-01-07-02-02-02-08.wav,3,1,speech,7,disgust,2,2,2,8,female
C:\Users\Grana\Documents\GitHub\Project_CSE432_MG\Project_CSE432-532\SER_Project\data\Audio_Speech_Actors_01-24\Actor_08\03-01-08-01-01-01-08.wav,3,1,speech,8,surprised,1,1,1,8,female
C:\Users\Grana\Documents\GitHub\Project_CSE432_MG\Project_CSE432-532\SER_Project\data\Audio_Speech_Actors_01-24\Actor_08\03-01-08-01-01-02-08.wav,3,1,speech,8,surprised,1,1,2,8,female
C:\Users\Grana\Documents\GitHub\Project_CSE432_MG\Project_CSE432-532\SER_Project\data\Audio_Speech_Actors_01-24\Actor_08\03-01-08-01-02-01-08.wav,3,1,speech,8,surprised,1,2,1,8,female
C:\Users\Grana\Documents\GitHub\Project_CSE432_MG\Project_CSE432-532\SER_Project\data\Audio_Speech_Actors_01-24\Actor_08\03-01-08-01-02-02-08.wav,3,1,speech,8,surprised,1,2,2,8,female
C:\Users\Grana\Documents\GitHub\Project_CSE432_MG\Project_CSE432-532\SER_Project\data\Audio_Speech_Actors_01-24\Actor_08\03-01-08-02-01-01-08.wav,3,1,speech,8,surprised,2,1,1,8,female
C:\Users\Grana\Documents\GitHub\Project_CSE432_MG\Project_CSE432-532\SER_Project\data\Audio_Speech_Actors_01-24\Actor_08\03-01-08-02-01-02-08.wav,3,1,speech,8,surprised,2,1,2,8,female
C:\Users\Grana\Documents\GitHub\Project_CSE432_MG\Project_CSE432-532\SER_Project\data\Audio_Speech_Actors_01-24\Actor_08\03-01-08-02-02-01-08.wav,3,1,speech,8,surprised,2,2,1,8,female
C:\Users\Grana\Documents\GitHub\Project_CSE432_MG\Project_CSE432-532\SER_Project\data\Audio_Speech_Actors_01-24\Actor_08\03-01-08-02-02-02-08.wav,3,1,speech,8,surprised,2,2,2,8,female
C:\Users\Grana\Documents\GitHub\Project_CSE432_MG\Project_CSE432-532\SER_Project\data\Audio_Speech_Actors_01-24\Actor_09\03-01-01-01-01-01-09.wav,3,1,speech,1,neutral,1,1,1,9,male
C:\Users\Grana\Documents\GitHub\Project_CSE432_MG\Project_CSE432-532\SER_Project\data\Audio_Speech_Actors_01-24\Actor_09\03-01-01-01-01-02-09.wav,3,1,speech,1,neutral,1,1,2,9,male
C:\Users\Grana\Documents\GitHub\Project_CSE432_MG\Project_CSE432-532\SER_Project\data\Audio_Speech_Actors_01-24\Actor_09\03-01-01-01-02-01-09.wav,3,1,speech,1,neutral,1,2,1,9,male
C:\Users\Grana\Documents\GitHub\Project_CSE432_MG\Project_CSE432-532\SER_Project\data\Audio_Speech_Actors_01-24\Actor_09\03-01-01-01-02-02-09.wav,3,1,speech,1,neutral,1,2,2,9,male
C:\Users\Grana\Documents\GitHub\Project_CSE432_MG\Project_CSE432-532\SER_Project\data\Audio_Speech_Actors_01-24\Actor_09\03-01-02-01-01-01-09.wav,3,1,speech,2,calm,1,1,1,9,male
C:\Users\Grana\Documents\GitHub\Project_CSE432_MG\Project_CSE432-532\SER_Project\data\Audio_Speech_Actors_01-24\Actor_09\03-01-02-01-01-02-09.wav,3,1,speech,2,calm,1,1,2,9,male
C:\Users\Grana\Documents\GitHub\Project_CSE432_MG\Project_CSE432-532\SER_Project\data\Audio_Speech_Actors_01-24\Actor_09\03-01-02-01-02-01-09.wav,3,1,speech,2,calm,1,2,1,9,male
C:\Users\Grana\Documents\GitHub\Project_CSE432_MG\Project_CSE432-532\SER_Project\data\Audio_Speech_Actors_01-24\Actor_09\03-01-02-01-02-02-09.wav,3,1,speech,2,calm,1,2,2,9,male
C:\Users\Grana\Documents\GitHub\Project_CSE432_MG\Project_CSE432-532\SER_Project\data\Audio_Speech_Actors_01-24\Actor_09\03-01-02-02-01-01-09.wav,3,1,speech,2,calm,2,1,1,9,male
C:\Users\Grana\Documents\GitHub\Project_CSE432_MG\Project_CSE432-532\SER_Project\data\Audio_Speech_Actors_01-24\Actor_09\03-01-02-02-01-02-09.wav,3,1,speech,2,calm,2,1,2,9,male
C:\Users\Grana\Documents\GitHub\Project_CSE432_MG\Project_CSE432-532\SER_Project\data\Audio_Speech_Actors_01-24\Actor_09\03-01-02-02-02-01-09.wav,3,1,speech,2,calm,2,2,1,9,male
C:\Users\Grana\Documents\GitHub\Project_CSE432_MG\Project_CSE432-532\SER_Project\data\Audio_Speech_Actors_01-24\Actor_09\03-01-02-02-02-02-09.wav,3,1,speech,2,calm,2,2,2,9,male
C:\Users\Grana\Documents\GitHub\Project_CSE432_MG\Project_CSE432-532\SER_Project\data\Audio_Speech_Actors_01-24\Actor_09\03-01-03-01-01-01-09.wav,3,1,speech,3,happy,1,1,1,9,male
C:\Users\Grana\Documents\GitHub\Project_CSE432_MG\Project_CSE432-532\SER_Project\data\Audio_Speech_Actors_01-24\Actor_09\03-01-03-01-01-02-09.wav,3,1,speech,3,happy,1,1,2,9,male
C:\Users\Grana\Documents\GitHub\Project_CSE432_MG\Project_CSE432-532\SER_Project\data\Audio_Speech_Actors_01-24\Actor_09\03-01-03-01-02-01-09.wav,3,1,speech,3,happy,1,2,1,9,male
C:\Users\Grana\Documents\GitHub\Project_CSE432_MG\Project_CSE432-532\SER_Project\data\Audio_Speech_Actors_01-24\Actor_09\03-01-03-01-02-02-09.wav,3,1,speech,3,happy,1,2,2,9,male
C:\Users\Grana\Documents\GitHub\Project_CSE432_MG\Project_CSE432-532\SER_Project\data\Audio_Speech_Actors_01-24\Actor_09\03-01-03-02-01-01-09.wav,3,1,speech,3,happy,2,1,1,9,male
C:\Users\Grana\Documents\GitHub\Project_CSE432_MG\Project_CSE432-532\SER_Project\data\Audio_Speech_Actors_01-24\Actor_09\03-01-03-02-01-02-09.wav,3,1,speech,3,happy,2,1,2,9,male
C:\Users\Grana\Documents\GitHub\Project_CSE432_MG\Project_CSE432-532\SER_Project\data\Audio_Speech_Actors_01-24\Actor_09\03-01-03-02-02-01-09.wav,3,1,speech,3,happy,2,2,1,9,male
C:\Users\Grana\Documents\GitHub\Project_CSE432_MG\Project_CSE432-532\SER_Project\data\Audio_Speech_Actors_01-24\Actor_09\03-01-03-02-02-02-09.wav,3,1,speech,3,happy,2,2,2,9,male
C:\Users\Grana\Documents\GitHub\Project_CSE432_MG\Project_CSE432-532\SER_Project\data\Audio_Speech_Actors_01-24\Actor_09\03-01-04-01-01-01-09.wav,3,1,speech,4,sad,1,1,1,9,male
C:\Users\Grana\Documents\GitHub\Project_CSE432_MG\Project_CSE432-532\SER_Project\data\Audio_Speech_Actors_01-24\Actor_09\03-01-04-01-01-02-09.wav,3,1,speech,4,sad,1,1,2,9,male
C:\Users\Grana\Documents\GitHub\Project_CSE432_MG\Project_CSE432-532\SER_Project\data\Audio_Speech_Actors_01-24\Actor_09\03-01-04-01-02-01-09.wav,3,1,speech,4,sad,1,2,1,9,male
C:\Users\Grana\Documents\GitHub\Project_CSE432_MG\Project_CSE432-532\SER_Project\data\Audio_Speech_Actors_01-24\Actor_09\03-01-04-01-02-02-09.wav,3,1,speech,4,sad,1,2,2,9,male
C:\Users\Grana\Documents\GitHub\Project_CSE432_MG\Project_CSE432-532\SER_Project\data\Audio_Speech_Actors_01-24\Actor_09\03-01-04-02-01-01-09.wav,3,1,speech,4,sad,2,1,1,9,male
C:\Users\Grana\Documents\GitHub\Project_CSE432_MG\Project_CSE432-532\SER_Project\data\Audio_Speech_Actors_01-24\Actor_09\03-01-04-02-01-02-09.wav,3,1,speech,4,sad,2,1,2,9,male
C:\Users\Grana\Documents\GitHub\Project_CSE432_MG\Project_CSE432-532\SER_Project\data\Audio_Speech_Actors_01-24\Actor_09\03-01-04-02-02-01-09.wav,3,1,speech,4,sad,2,2,1,9,male
C:\Users\Grana\Documents\GitHub\Project_CSE432_MG\Project_CSE432-532\SER_Project\data\Audio_Speech_Actors_01-24\Actor_09\03-01-04-02-02-02-09.wav,3,1,speech,4,sad,2,2,2,9,male
C:\Users\Grana\Documents\GitHub\Project_CSE432_MG\Project_CSE432-532\SER_Project\data\Audio_Speech_Actors_01-24\Actor_09\03-01-05-01-01-01-09.wav,3,1,speech,5,angry,1,1,1,9,male
C:\Users\Grana\Documents\GitHub\Project_CSE432_MG\Project_CSE432-532\SER_Project\data\Audio_Speech_Actors_01-24\Actor_09\03-01-05-01-01-02-09.wav,3,1,speech,5,angry,1,1,2,9,male
C:\Users\Grana\Documents\GitHub\Project_CSE432_MG\Project_CSE432-532\SER_Project\data\Audio_Speech_Actors_01-24\Actor_09\03-01-05-01-02-01-09.wav,3,1,speech,5,angry,1,2,1,9,male
C:\Users\Grana\Documents\GitHub\Project_CSE432_MG\Project_CSE432-532\SER_Project\data\Audio_Speech_Actors_01-24\Actor_09\03-01-05-01-02-02-09.wav,3,1,speech,5,angry,1,2,2,9,male
C:\Users\Grana\Documents\GitHub\Project_CSE432_MG\Project_CSE432-532\SER_Project\data\Audio_Speech_Actors_01-24\Actor_09\03-01-05-02-01-01-09.wav,3,1,speech,5,angry,2,1,1,9,male
C:\Users\Grana\Documents\GitHub\Project_CSE432_MG\Project_CSE432-532\SER_Project\data\Audio_Speech_Actors_01-24\Actor_09\03-01-05-02-01-02-09.wav,3,1,speech,5,angry,2,1,2,9,male
C:\Users\Grana\Documents\GitHub\Project_CSE432_MG\Project_CSE432-532\SER_Project\data\Audio_Speech_Actors_01-24\Actor_09\03-01-05-02-02-01-09.wav,3,1,speech,5,angry,2,2,1,9,male
C:\Users\Grana\Documents\GitHub\Project_CSE432_MG\Project_CSE432-532\SER_Project\data\Audio_Speech_Actors_01-24\Actor_09\03-01-05-02-02-02-09.wav,3,1,speech,5,angry,2,2,2,9,male
C:\Users\Grana\Documents\GitHub\Project_CSE432_MG\Project_CSE432-532\SER_Project\data\Audio_Speech_Actors_01-24\Actor_09\03-01-06-01-01-01-09.wav,3,1,speech,6,fearful,1,1,1,9,male
C:\Users\Grana\Documents\GitHub\Project_CSE432_MG\Project_CSE432-532\SER_Project\data\Audio_Speech_Actors_01-24\Actor_09\03-01-06-01-01-02-09.wav,3,1,speech,6,fearful,1,1,2,9,male
C:\Users\Grana\Documents\GitHub\Project_CSE432_MG\Project_CSE432-532\SER_Project\data\Audio_Speech_Actors_01-24\Actor_09\03-01-06-01-02-01-09.wav,3,1,speech,6,fearful,1,2,1,9,male
C:\Users\Grana\Documents\GitHub\Project_CSE432_MG\Project_CSE432-532\SER_Project\data\Audio_Speech_Actors_01-24\Actor_09\03-01-06-01-02-02-09.wav,3,1,speech,6,fearful,1,2,2,9,male
C:\Users\Grana\Documents\GitHub\Project_CSE432_MG\Project_CSE432-532\SER_Project\data\Audio_Speech_Actors_01-24\Actor_09\03-01-06-02-01-01-09.wav,3,1,speech,6,fearful,2,1,1,9,male
C:\Users\Grana\Documents\GitHub\Project_CSE432_MG\Project_CSE432-532\SER_Project\data\Audio_Speech_Actors_01-24\Actor_09\03-01-06-02-01-02-09.wav,3,1,speech,6,fearful,2,1,2,9,male
C:\Users\Grana\Documents\GitHub\Project_CSE432_MG\Project_CSE432-532\SER_Project\data\Audio_Speech_Actors_01-24\Actor_09\03-01-06-02-02-01-09.wav,3,1,speech,6,fearful,2,2,1,9,male
C:\Users\Grana\Documents\GitHub\Project_CSE432_MG\Project_CSE432-532\SER_Project\data\Audio_Speech_Actors_01-24\Actor_09\03-01-06-02-02-02-09.wav,3,1,speech,6,fearful,2,2,2,9,male
C:\Users\Grana\Documents\GitHub\Project_CSE432_MG\Project_CSE432-532\SER_Project\data\Audio_Speech_Actors_01-24\Actor_09\03-01-07-01-01-01-09.wav,3,1,speech,7,disgust,1,1,1,9,male
C:\Users\Grana\Documents\GitHub\Project_CSE432_MG\Project_CSE432-532\SER_Project\data\Audio_Speech_Actors_01-24\Actor_09\03-01-07-01-01-02-09.wav,3,1,speech,7,disgust,1,1,2,9,male
C:\Users\Grana\Documents\GitHub\Project_CSE432_MG\Project_CSE432-532\SER_Project\data\Audio_Speech_Actors_01-24\Actor_09\03-01-07-01-02-01-09.wav,3,1,speech,7,disgust,1,2,1,9,male
C:\Users\Grana\Documents\GitHub\Project_CSE432_MG\Project_CSE432-532\SER_Project\data\Audio_Speech_Actors_01-24\Actor_09\03-01-07-01-02-02-09.wav,3,1,speech,7,disgust,1,2,2,9,male
C:\Users\Grana\Documents\GitHub\Project_CSE432_MG\Project_CSE432-532\SER_Project\data\Audio_Speech_Actors_01-24\Actor_09\03-01-07-02-01-01-09.wav,3,1,speech,7,disgust,2,1,1,9,male
C:\Users\Grana\Documents\GitHub\Project_CSE432_MG\Project_CSE432-532\SER_Project\data\Audio_Speech_Actors_01-24\Actor_09\03-01-07-02-01-02-09.wav,3,1,speech,7,disgust,2,1,2,9,male
C:\Users\Grana\Documents\GitHub\Project_CSE432_MG\Project_CSE432-532\SER_Project\data\Audio_Speech_Actors_01-24\Actor_09\03-01-07-02-02-01-09.wav,3,1,speech,7,disgust,2,2,1,9,male
C:\Users\Grana\Documents\GitHub\Project_CSE432_MG\Project_CSE432-532\SER_Project\data\Audio_Speech_Actors_01-24\Actor_09\03-01-07-02-02-02-09.wav,3,1,speech,7,disgust,2,2,2,9,male
C:\Users\Grana\Documents\GitHub\Project_CSE432_MG\Project_CSE432-532\SER_Project\data\Audio_Speech_Actors_01-24\Actor_09\03-01-08-01-01-01-09.wav,3,1,speech,8,surprised,1,1,1,9,male
C:\Users\Grana\Documents\GitHub\Project_CSE432_MG\Project_CSE432-532\SER_Project\data\Audio_Speech_Actors_01-24\Actor_09\03-01-08-01-01-02-09.wav,3,1,speech,8,surprised,1,1,2,9,male
C:\Users\Grana\Documents\GitHub\Project_CSE432_MG\Project_CSE432-532\SER_Project\data\Audio_Speech_Actors_01-24\Actor_09\03-01-08-01-02-01-09.wav,3,1,speech,8,surprised,1,2,1,9,male
C:\Users\Grana\Documents\GitHub\Project_CSE432_MG\Project_CSE432-532\SER_Project\data\Audio_Speech_Actors_01-24\Actor_09\03-01-08-01-02-02-09.wav,3,1,speech,8,surprised,1,2,2,9,male
C:\Users\Grana\Documents\GitHub\Project_CSE432_MG\Project_CSE432-532\SER_Project\data\Audio_Speech_Actors_01-24\Actor_09\03-01-08-02-01-01-09.wav,3,1,speech,8,surprised,2,1,1,9,male
C:\Users\Grana\Documents\GitHub\Project_CSE432_MG\Project_CSE432-532\SER_Project\data\Audio_Speech_Actors_01-24\Actor_09\03-01-08-02-01-02-09.wav,3,1,speech,8,surprised,2,1,2,9,male
C:\Users\Grana\Documents\GitHub\Project_CSE432_MG\Project_CSE432-532\SER_Project\data\Audio_Speech_Actors_01-24\Actor_09\03-01-08-02-02-01-09.wav,3,1,speech,8,surprised,2,2,1,9,male
C:\Users\Grana\Documents\GitHub\Project_CSE432_MG\Project_CSE432-532\SER_Project\data\Audio_Speech_Actors_01-24\Actor_09\03-01-08-02-02-02-09.wav,3,1,speech,8,surprised,2,2,2,9,male
C:\Users\Grana\Documents\GitHub\Project_CSE432_MG\Project_CSE432-532\SER_Project\data\Audio_Speech_Actors_01-24\Actor_10\03-01-01-01-01-01-10.wav,3,1,speech,1,neutral,1,1,1,10,female
C:\Users\Grana\Documents\GitHub\Project_CSE432_MG\Project_CSE432-532\SER_Project\data\Audio_Speech_Actors_01-24\Actor_10\03-01-01-01-01-02-10.wav,3,1,speech,1,neutral,1,1,2,10,female
C:\Users\Grana\Documents\GitHub\Project_CSE432_MG\Project_CSE432-532\SER_Project\data\Audio_Speech_Actors_01-24\Actor_10\03-01-01-01-02-01-10.wav,3,1,speech,1,neutral,1,2,1,10,female
C:\Users\Grana\Documents\GitHub\Project_CSE432_MG\Project_CSE432-532\SER_Project\data\Audio_Speech_Actors_01-24\Actor_10\03-01-01-01-02-02-10.wav,3,1,speech,1,neutral,1,2,2,10,female
C:\Users\Grana\Documents\GitHub\Project_CSE432_MG\Project_CSE432-532\SER_Project\data\Audio_Speech_Actors_01-24\Actor_10\03-01-02-01-01-01-10.wav,3,1,speech,2,calm,1,1,1,10,female
C:\Users\Grana\Documents\GitHub\Project_CSE432_MG\Project_CSE432-532\SER_Project\data\Audio_Speech_Actors_01-24\Actor_10\03-01-02-01-01-02-10.wav,3,1,speech,2,calm,1,1,2,10,female
C:\Users\Grana\Documents\GitHub\Project_CSE432_MG\Project_CSE432-532\SER_Project\data\Audio_Speech_Actors_01-24\Actor_10\03-01-02-01-02-01-10.wav,3,1,speech,2,calm,1,2,1,10,female
C:\Users\Grana\Documents\GitHub\Project_CSE432_MG\Project_CSE432-532\SER_Project\data\Audio_Speech_Actors_01-24\Actor_10\03-01-02-01-02-02-10.wav,3,1,speech,2,calm,1,2,2,10,female
C:\Users\Grana\Documents\GitHub\Project_CSE432_MG\Project_CSE432-532\SER_Project\data\Audio_Speech_Actors_01-24\Actor_10\03-01-02-02-01-01-10.wav,3,1,speech,2,calm,2,1,1,10,female
C:\Users\Grana\Documents\GitHub\Project_CSE432_MG\Project_CSE432-532\SER_Project\data\Audio_Speech_Actors_01-24\Actor_10\03-01-02-02-01-02-10.wav,3,1,speech,2,calm,2,1,2,10,female
C:\Users\Grana\Documents\GitHub\Project_CSE432_MG\Project_CSE432-532\SER_Project\data\Audio_Speech_Actors_01-24\Actor_10\03-01-02-02-02-01-10.wav,3,1,speech,2,calm,2,2,1,10,female
C:\Users\Grana\Documents\GitHub\Project_CSE432_MG\Project_CSE432-532\SER_Project\data\Audio_Speech_Actors_01-24\Actor_10\03-01-02-02-02-02-10.wav,3,1,speech,2,calm,2,2,2,10,female
C:\Users\Grana\Documents\GitHub\Project_CSE432_MG\Project_CSE432-532\SER_Project\data\Audio_Speech_Actors_01-24\Actor_10\03-01-03-01-01-01-10.wav,3,1,speech,3,happy,1,1,1,10,female
C:\Users\Grana\Documents\GitHub\Project_CSE432_MG\Project_CSE432-532\SER_Project\data\Audio_Speech_Actors_01-24\Actor_10\03-01-03-01-01-02-10.wav,3,1,speech,3,happy,1,1,2,10,female
C:\Users\Grana\Documents\GitHub\Project_CSE432_MG\Project_CSE432-532\SER_Project\data\Audio_Speech_Actors_01-24\Actor_10\03-01-03-01-02-01-10.wav,3,1,speech,3,happy,1,2,1,10,female
C:\Users\Grana\Documents\GitHub\Project_CSE432_MG\Project_CSE432-532\SER_Project\data\Audio_Speech_Actors_01-24\Actor_10\03-01-03-01-02-02-10.wav,3,1,speech,3,happy,1,2,2,10,female
C:\Users\Grana\Documents\GitHub\Project_CSE432_MG\Project_CSE432-532\SER_Project\data\Audio_Speech_Actors_01-24\Actor_10\03-01-03-02-01-01-10.wav,3,1,speech,3,happy,2,1,1,10,female
C:\Users\Grana\Documents\GitHub\Project_CSE432_MG\Project_CSE432-532\SER_Project\data\Audio_Speech_Actors_01-24\Actor_10\03-01-03-02-01-02-10.wav,3,1,speech,3,happy,2,1,2,10,female
C:\Users\Grana\Documents\GitHub\Project_CSE432_MG\Project_CSE432-532\SER_Project\data\Audio_Speech_Actors_01-24\Actor_10\03-01-03-02-02-01-10.wav,3,1,speech,3,happy,2,2,1,10,female
C:\Users\Grana\Documents\GitHub\Project_CSE432_MG\Project_CSE432-532\SER_Project\data\Audio_Speech_Actors_01-24\Actor_10\03-01-03-02-02-02-10.wav,3,1,speech,3,happy,2,2,2,10,female
C:\Users\Grana\Documents\GitHub\Project_CSE432_MG\Project_CSE432-532\SER_Project\data\Audio_Speech_Actors_01-24\Actor_10\03-01-04-01-01-01-10.wav,3,1,speech,4,sad,1,1,1,10,female
C:\Users\Grana\Documents\GitHub\Project_CSE432_MG\Project_CSE432-532\SER_Project\data\Audio_Speech_Actors_01-24\Actor_10\03-01-04-01-01-02-10.wav,3,1,speech,4,sad,1,1,2,10,female
C:\Users\Grana\Documents\GitHub\Project_CSE432_MG\Project_CSE432-532\SER_Project\data\Audio_Speech_Actors_01-24\Actor_10\03-01-04-01-02-01-10.wav,3,1,speech,4,sad,1,2,1,10,female
C:\Users\Grana\Documents\GitHub\Project_CSE432_MG\Project_CSE432-532\SER_Project\data\Audio_Speech_Actors_01-24\Actor_10\03-01-04-01-02-02-10.wav,3,1,speech,4,sad,1,2,2,10,female
C:\Users\Grana\Documents\GitHub\Project_CSE432_MG\Project_CSE432-532\SER_Project\data\Audio_Speech_Actors_01-24\Actor_10\03-01-04-02-01-01-10.wav,3,1,speech,4,sad,2,1,1,10,female
C:\Users\Grana\Documents\GitHub\Project_CSE432_MG\Project_CSE432-532\SER_Project\data\Audio_Speech_Actors_01-24\Actor_10\03-01-04-02-01-02-10.wav,3,1,speech,4,sad,2,1,2,10,female
C:\Users\Grana\Documents\GitHub\Project_CSE432_MG\Project_CSE432-532\SER_Project\data\Audio_Speech_Actors_01-24\Actor_10\03-01-04-02-02-01-10.wav,3,1,speech,4,sad,2,2,1,10,female
C:\Users\Grana\Documents\GitHub\Project_CSE432_MG\Project_CSE432-532\SER_Project\data\Audio_Speech_Actors_01-24\Actor_10\03-01-04-02-02-02-10.wav,3,1,speech,4,sad,2,2,2,10,female
C:\Users\Grana\Documents\GitHub\Project_CSE432_MG\Project_CSE432-532\SER_Project\data\Audio_Speech_Actors_01-24\Actor_10\03-01-05-01-01-01-10.wav,3,1,speech,5,angry,1,1,1,10,female
C:\Users\Grana\Documents\GitHub\Project_CSE432_MG\Project_CSE432-532\SER_Project\data\Audio_Speech_Actors_01-24\Actor_10\03-01-05-01-01-02-10.wav,3,1,speech,5,angry,1,1,2,10,female
C:\Users\Grana\Documents\GitHub\Project_CSE432_MG\Project_CSE432-532\SER_Project\data\Audio_Speech_Actors_01-24\Actor_10\03-01-05-01-02-01-10.wav,3,1,speech,5,angry,1,2,1,10,female
C:\Users\Grana\Documents\GitHub\Project_CSE432_MG\Project_CSE432-532\SER_Project\data\Audio_Speech_Actors_01-24\Actor_10\03-01-05-01-02-02-10.wav,3,1,speech,5,angry,1,2,2,10,female
C:\Users\Grana\Documents\GitHub\Project_CSE432_MG\Project_CSE432-532\SER_Project\data\Audio_Speech_Actors_01-24\Actor_10\03-01-05-02-01-01-10.wav,3,1,speech,5,angry,2,1,1,10,female
C:\Users\Grana\Documents\GitHub\Project_CSE432_MG\Project_CSE432-532\SER_Project\data\Audio_Speech_Actors_01-24\Actor_10\03-01-05-02-01-02-10.wav,3,1,speech,5,angry,2,1,2,10,female
C:\Users\Grana\Documents\GitHub\Project_CSE432_MG\Project_CSE432-532\SER_Project\data\Audio_Speech_Actors_01-24\Actor_10\03-01-05-02-02-01-10.wav,3,1,speech,5,angry,2,2,1,10,female
C:\Users\Grana\Documents\GitHub\Project_CSE432_MG\Project_CSE432-532\SER_Project\data\Audio_Speech_Actors_01-24\Actor_10\03-01-05-02-02-02-10.wav,3,1,speech,5,angry,2,2,2,10,female
C:\Users\Grana\Documents\GitHub\Project_CSE432_MG\Project_CSE432-532\SER_Project\data\Audio_Speech_Actors_01-24\Actor_10\03-01-06-01-01-01-10.wav,3,1,speech,6,fearful,1,1,1,10,female
C:\Users\Grana\Documents\GitHub\Project_CSE432_MG\Project_CSE432-532\SER_Project\data\Audio_Speech_Actors_01-24\Actor_10\03-01-06-01-01-02-10.wav,3,1,speech,6,fearful,1,1,2,10,female
C:\Users\Grana\Documents\GitHub\Project_CSE432_MG\Project_CSE432-532\SER_Project\data\Audio_Speech_Actors_01-24\Actor_10\03-01-06-01-02-01-10.wav,3,1,speech,6,fearful,1,2,1,10,female
C:\Users\Grana\Documents\GitHub\Project_CSE432_MG\Project_CSE432-532\SER_Project\data\Audio_Speech_Actors_01-24\Actor_10\03-01-06-01-02-02-10.wav,3,1,speech,6,fearful,1,2,2,10,female
C:\Users\Grana\Documents\GitHub\Project_CSE432_MG\Project_CSE432-532\SER_Project\data\Audio_Speech_Actors_01-24\Actor_10\03-01-06-02-01-01-10.wav,3,1,speech,6,fearful,2,1,1,10,female
C:\Users\Grana\Documents\GitHub\Project_CSE432_MG\Project_CSE432-532\SER_Project\data\Audio_Speech_Actors_01-24\Actor_10\03-01-06-02-01-02-10.wav,3,1,speech,6,fearful,2,1,2,10,female
C:\Users\Grana\Documents\GitHub\Project_CSE432_MG\Project_CSE432-532\SER_Project\data\Audio_Speech_Actors_01-24\Actor_10\03-01-06-02-02-01-10.wav,3,1,speech,6,fearful,2,2,1,10,female
C:\Users\Grana\Documents\GitHub\Project_CSE432_MG\Project_CSE432-532\SER_Project\data\Audio_Speech_Actors_01-24\Actor_10\03-01-06-02-02-02-10.wav,3,1,speech,6,fearful,2,2,2,10,female
C:\Users\Grana\Documents\GitHub\Project_CSE432_MG\Project_CSE432-532\SER_Project\data\Audio_Speech_Actors_01-24\Actor_10\03-01-07-01-01-01-10.wav,3,1,speech,7,disgust,1,1,1,10,female
C:\Users\Grana\Documents\GitHub\Project_CSE432_MG\Project_CSE432-532\SER_Project\data\Audio_Speech_Actors_01-24\Actor_10\03-01-07-01-01-02-10.wav,3,1,speech,7,disgust,1,1,2,10,female
C:\Users\Grana\Documents\GitHub\Project_CSE432_MG\Project_CSE432-532\SER_Project\data\Audio_Speech_Actors_01-24\Actor_10\03-01-07-01-02-01-10.wav,3,1,speech,7,disgust,1,2,1,10,female
C:\Users\Grana\Documents\GitHub\Project_CSE432_MG\Project_CSE432-532\SER_Project\data\Audio_Speech_Actors_01-24\Actor_10\03-01-07-01-02-02-10.wav,3,1,speech,7,disgust,1,2,2,10,female
C:\Users\Grana\Documents\GitHub\Project_CSE432_MG\Project_CSE432-532\SER_Project\data\Audio_Speech_Actors_01-24\Actor_10\03-01-07-02-01-01-10.wav,3,1,speech,7,disgust,2,1,1,10,female
C:\Users\Grana\Documents\GitHub\Project_CSE432_MG\Project_CSE432-532\SER_Project\data\Audio_Speech_Actors_01-24\Actor_10\03-01-07-02-01-02-10.wav,3,1,speech,7,disgust,2,1,2,10,female
C:\Users\Grana\Documents\GitHub\Project_CSE432_MG\Project_CSE432-532\SER_Project\data\Audio_Speech_Actors_01-24\Actor_10\03-01-07-02-02-01-10.wav,3,1,speech,7,disgust,2,2,1,10,female
C:\Users\Grana\Documents\GitHub\Project_CSE432_MG\Project_CSE432-532\SER_Project\data\Audio_Speech_Actors_01-24\Actor_10\03-01-07-02-02-02-10.wav,3,1,speech,7,disgust,2,2,2,10,female
C:\Users\Grana\Documents\GitHub\Project_CSE432_MG\Project_CSE432-532\SER_Project\data\Audio_Speech_Actors_01-24\Actor_10\03-01-08-01-01-01-10.wav,3,1,speech,8,surprised,1,1,1,10,female
C:\Users\Grana\Documents\GitHub\Project_CSE432_MG\Project_CSE432-532\SER_Project\data\Audio_Speech_Actors_01-24\Actor_10\03-01-08-01-01-02-10.wav,3,1,speech,8,surprised,1,1,2,10,female
C:\Users\Grana\Documents\GitHub\Project_CSE432_MG\Project_CSE432-532\SER_Project\data\Audio_Speech_Actors_01-24\Actor_10\03-01-08-01-02-01-10.wav,3,1,speech,8,surprised,1,2,1,10,female
C:\Users\Grana\Documents\GitHub\Project_CSE432_MG\Project_CSE432-532\SER_Project\data\Audio_Speech_Actors_01-24\Actor_10\03-01-08-01-02-02-10.wav,3,1,speech,8,surprised,1,2,2,10,female
C:\Users\Grana\Documents\GitHub\Project_CSE432_MG\Project_CSE432-532\SER_Project\data\Audio_Speech_Actors_01-24\Actor_10\03-01-08-02-01-01-10.wav,3,1,speech,8,surprised,2,1,1,10,female
C:\Users\Grana\Documents\GitHub\Project_CSE432_MG\Project_CSE432-532\SER_Project\data\Audio_Speech_Actors_01-24\Actor_10\03-01-08-02-01-02-10.wav,3,1,speech,8,surprised,2,1,2,10,female
C:\Users\Grana\Documents\GitHub\Project_CSE432_MG\Project_CSE432-532\SER_Project\data\Audio_Speech_Actors_01-24\Actor_10\03-01-08-02-02-01-10.wav,3,1,speech,8,surprised,2,2,1,10,female
C:\Users\Grana\Documents\GitHub\Project_CSE432_MG\Project_CSE432-532\SER_Project\data\Audio_Speech_Actors_01-24\Actor_10\03-01-08-02-02-02-10.wav,3,1,speech,8,surprised,2,2,2,10,female
C:\Users\Grana\Documents\GitHub\Project_CSE432_MG\Project_CSE432-532\SER_Project\data\Audio_Speech_Actors_01-24\Actor_11\03-01-01-01-01-01-11.wav,3,1,speech,1,neutral,1,1,1,11,male
C:\Users\Grana\Documents\GitHub\Project_CSE432_MG\Project_CSE432-532\SER_Project\data\Audio_Speech_Actors_01-24\Actor_11\03-01-01-01-01-02-11.wav,3,1,speech,1,neutral,1,1,2,11,male
C:\Users\Grana\Documents\GitHub\Project_CSE432_MG\Project_CSE432-532\SER_Project\data\Audio_Speech_Actors_01-24\Actor_11\03-01-01-01-02-01-11.wav,3,1,speech,1,neutral,1,2,1,11,male
C:\Users\Grana\Documents\GitHub\Project_CSE432_MG\Project_CSE432-532\SER_Project\data\Audio_Speech_Actors_01-24\Actor_11\03-01-01-01-02-02-11.wav,3,1,speech,1,neutral,1,2,2,11,male
C:\Users\Grana\Documents\GitHub\Project_CSE432_MG\Project_CSE432-532\SER_Project\data\Audio_Speech_Actors_01-24\Actor_11\03-01-02-01-01-01-11.wav,3,1,speech,2,calm,1,1,1,11,male
C:\Users\Grana\Documents\GitHub\Project_CSE432_MG\Project_CSE432-532\SER_Project\data\Audio_Speech_Actors_01-24\Actor_11\03-01-02-01-01-02-11.wav,3,1,speech,2,calm,1,1,2,11,male
C:\Users\Grana\Documents\GitHub\Project_CSE432_MG\Project_CSE432-532\SER_Project\data\Audio_Speech_Actors_01-24\Actor_11\03-01-02-01-02-01-11.wav,3,1,speech,2,calm,1,2,1,11,male
C:\Users\Grana\Documents\GitHub\Project_CSE432_MG\Project_CSE432-532\SER_Project\data\Audio_Speech_Actors_01-24\Actor_11\03-01-02-01-02-02-11.wav,3,1,speech,2,calm,1,2,2,11,male
C:\Users\Grana\Documents\GitHub\Project_CSE432_MG\Project_CSE432-532\SER_Project\data\Audio_Speech_Actors_01-24\Actor_11\03-01-02-02-01-01-11.wav,3,1,speech,2,calm,2,1,1,11,male
C:\Users\Grana\Documents\GitHub\Project_CSE432_MG\Project_CSE432-532\SER_Project\data\Audio_Speech_Actors_01-24\Actor_11\03-01-02-02-01-02-11.wav,3,1,speech,2,calm,2,1,2,11,male
C:\Users\Grana\Documents\GitHub\Project_CSE432_MG\Project_CSE432-532\SER_Project\data\Audio_Speech_Actors_01-24\Actor_11\03-01-02-02-02-01-11.wav,3,1,speech,2,calm,2,2,1,11,male
C:\Users\Grana\Documents\GitHub\Project_CSE432_MG\Project_CSE432-532\SER_Project\data\Audio_Speech_Actors_01-24\Actor_11\03-01-02-02-02-02-11.wav,3,1,speech,2,calm,2,2,2,11,male
C:\Users\Grana\Documents\GitHub\Project_CSE432_MG\Project_CSE432-532\SER_Project\data\Audio_Speech_Actors_01-24\Actor_11\03-01-03-01-01-01-11.wav,3,1,speech,3,happy,1,1,1,11,male
C:\Users\Grana\Documents\GitHub\Project_CSE432_MG\Project_CSE432-532\SER_Project\data\Audio_Speech_Actors_01-24\Actor_11\03-01-03-01-01-02-11.wav,3,1,speech,3,happy,1,1,2,11,male
C:\Users\Grana\Documents\GitHub\Project_CSE432_MG\Project_CSE432-532\SER_Project\data\Audio_Speech_Actors_01-24\Actor_11\03-01-03-01-02-01-11.wav,3,1,speech,3,happy,1,2,1,11,male
C:\Users\Grana\Documents\GitHub\Project_CSE432_MG\Project_CSE432-532\SER_Project\data\Audio_Speech_Actors_01-24\Actor_11\03-01-03-01-02-02-11.wav,3,1,speech,3,happy,1,2,2,11,male
C:\Users\Grana\Documents\GitHub\Project_CSE432_MG\Project_CSE432-532\SER_Project\data\Audio_Speech_Actors_01-24\Actor_11\03-01-03-02-01-01-11.wav,3,1,speech,3,happy,2,1,1,11,male
C:\Users\Grana\Documents\GitHub\Project_CSE432_MG\Project_CSE432-532\SER_Project\data\Audio_Speech_Actors_01-24\Actor_11\03-01-03-02-01-02-11.wav,3,1,speech,3,happy,2,1,2,11,male
C:\Users\Grana\Documents\GitHub\Project_CSE432_MG\Project_CSE432-532\SER_Project\data\Audio_Speech_Actors_01-24\Actor_11\03-01-03-02-02-01-11.wav,3,1,speech,3,happy,2,2,1,11,male
C:\Users\Grana\Documents\GitHub\Project_CSE432_MG\Project_CSE432-532\SER_Project\data\Audio_Speech_Actors_01-24\Actor_11\03-01-03-02-02-02-11.wav,3,1,speech,3,happy,2,2,2,11,male
C:\Users\Grana\Documents\GitHub\Project_CSE432_MG\Project_CSE432-532\SER_Project\data\Audio_Speech_Actors_01-24\Actor_11\03-01-04-01-01-01-11.wav,3,1,speech,4,sad,1,1,1,11,male
C:\Users\Grana\Documents\GitHub\Project_CSE432_MG\Project_CSE432-532\SER_Project\data\Audio_Speech_Actors_01-24\Actor_11\03-01-04-01-01-02-11.wav,3,1,speech,4,sad,1,1,2,11,male
C:\Users\Grana\Documents\GitHub\Project_CSE432_MG\Project_CSE432-532\SER_Project\data\Audio_Speech_Actors_01-24\Actor_11\03-01-04-01-02-01-11.wav,3,1,speech,4,sad,1,2,1,11,male
C:\Users\Grana\Documents\GitHub\Project_CSE432_MG\Project_CSE432-532\SER_Project\data\Audio_Speech_Actors_01-24\Actor_11\03-01-04-01-02-02-11.wav,3,1,speech,4,sad,1,2,2,11,male
C:\Users\Grana\Documents\GitHub\Project_CSE432_MG\Project_CSE432-532\SER_Project\data\Audio_Speech_Actors_01-24\Actor_11\03-01-04-02-01-01-11.wav,3,1,speech,4,sad,2,1,1,11,male
C:\Users\Grana\Documents\GitHub\Project_CSE432_MG\Project_CSE432-532\SER_Project\data\Audio_Speech_Actors_01-24\Actor_11\03-01-04-02-01-02-11.wav,3,1,speech,4,sad,2,1,2,11,male
C:\Users\Grana\Documents\GitHub\Project_CSE432_MG\Project_CSE432-532\SER_Project\data\Audio_Speech_Actors_01-24\Actor_11\03-01-04-02-02-01-11.wav,3,1,speech,4,sad,2,2,1,11,male
C:\Users\Grana\Documents\GitHub\Project_CSE432_MG\Project_CSE432-532\SER_Project\data\Audio_Speech_Actors_01-24\Actor_11\03-01-04-02-02-02-11.wav,3,1,speech,4,sad,2,2,2,11,male
C:\Users\Grana\Documents\GitHub\Project_CSE432_MG\Project_CSE432-532\SER_Project\data\Audio_Speech_Actors_01-24\Actor_11\03-01-05-01-01-01-11.wav,3,1,speech,5,angry,1,1,1,11,male
C:\Users\Grana\Documents\GitHub\Project_CSE432_MG\Project_CSE432-532\SER_Project\data\Audio_Speech_Actors_01-24\Actor_11\03-01-05-01-01-02-11.wav,3,1,speech,5,angry,1,1,2,11,male
C:\Users\Grana\Documents\GitHub\Project_CSE432_MG\Project_CSE432-532\SER_Project\data\Audio_Speech_Actors_01-24\Actor_11\03-01-05-01-02-01-11.wav,3,1,speech,5,angry,1,2,1,11,male
C:\Users\Grana\Documents\GitHub\Project_CSE432_MG\Project_CSE432-532\SER_Project\data\Audio_Speech_Actors_01-24\Actor_11\03-01-05-01-02-02-11.wav,3,1,speech,5,angry,1,2,2,11,male
C:\Users\Grana\Documents\GitHub\Project_CSE432_MG\Project_CSE432-532\SER_Project\data\Audio_Speech_Actors_01-24\Actor_11\03-01-05-02-01-01-11.wav,3,1,speech,5,angry,2,1,1,11,male
C:\Users\Grana\Documents\GitHub\Project_CSE432_MG\Project_CSE432-532\SER_Project\data\Audio_Speech_Actors_01-24\Actor_11\03-01-05-02-01-02-11.wav,3,1,speech,5,angry,2,1,2,11,male
C:\Users\Grana\Documents\GitHub\Project_CSE432_MG\Project_CSE432-532\SER_Project\data\Audio_Speech_Actors_01-24\Actor_11\03-01-05-02-02-01-11.wav,3,1,speech,5,angry,2,2,1,11,male
C:\Users\Grana\Documents\GitHub\Project_CSE432_MG\Project_CSE432-532\SER_Project\data\Audio_Speech_Actors_01-24\Actor_11\03-01-05-02-02-02-11.wav,3,1,speech,5,angry,2,2,2,11,male
C:\Users\Grana\Documents\GitHub\Project_CSE432_MG\Project_CSE432-532\SER_Project\data\Audio_Speech_Actors_01-24\Actor_11\03-01-06-01-01-01-11.wav,3,1,speech,6,fearful,1,1,1,11,male
C:\Users\Grana\Documents\GitHub\Project_CSE432_MG\Project_CSE432-532\SER_Project\data\Audio_Speech_Actors_01-24\Actor_11\03-01-06-01-01-02-11.wav,3,1,speech,6,fearful,1,1,2,11,male
C:\Users\Grana\Documents\GitHub\Project_CSE432_MG\Project_CSE432-532\SER_Project\data\Audio_Speech_Actors_01-24\Actor_11\03-01-06-01-02-01-11.wav,3,1,speech,6,fearful,1,2,1,11,male
C:\Users\Grana\Documents\GitHub\Project_CSE432_MG\Project_CSE432-532\SER_Project\data\Audio_Speech_Actors_01-24\Actor_11\03-01-06-01-02-02-11.wav,3,1,speech,6,fearful,1,2,2,11,male
C:\Users\Grana\Documents\GitHub\Project_CSE432_MG\Project_CSE432-532\SER_Project\data\Audio_Speech_Actors_01-24\Actor_11\03-01-06-02-01-01-11.wav,3,1,speech,6,fearful,2,1,1,11,male
C:\Users\Grana\Documents\GitHub\Project_CSE432_MG\Project_CSE432-532\SER_Project\data\Audio_Speech_Actors_01-24\Actor_11\03-01-06-02-01-02-11.wav,3,1,speech,6,fearful,2,1,2,11,male
C:\Users\Grana\Documents\GitHub\Project_CSE432_MG\Project_CSE432-532\SER_Project\data\Audio_Speech_Actors_01-24\Actor_11\03-01-06-02-02-01-11.wav,3,1,speech,6,fearful,2,2,1,11,male
C:\Users\Grana\Documents\GitHub\Project_CSE432_MG\Project_CSE432-532\SER_Project\data\Audio_Speech_Actors_01-24\Actor_11\03-01-06-02-02-02-11.wav,3,1,speech,6,fearful,2,2,2,11,male
C:\Users\Grana\Documents\GitHub\Project_CSE432_MG\Project_CSE432-532\SER_Project\data\Audio_Speech_Actors_01-24\Actor_11\03-01-07-01-01-01-11.wav,3,1,speech,7,disgust,1,1,1,11,male
C:\Users\Grana\Documents\GitHub\Project_CSE432_MG\Project_CSE432-532\SER_Project\data\Audio_Speech_Actors_01-24\Actor_11\03-01-07-01-01-02-11.wav,3,1,speech,7,disgust,1,1,2,11,male
C:\Users\Grana\Documents\GitHub\Project_CSE432_MG\Project_CSE432-532\SER_Project\data\Audio_Speech_Actors_01-24\Actor_11\03-01-07-01-02-01-11.wav,3,1,speech,7,disgust,1,2,1,11,male
C:\Users\Grana\Documents\GitHub\Project_CSE432_MG\Project_CSE432-532\SER_Project\data\Audio_Speech_Actors_01-24\Actor_11\03-01-07-01-02-02-11.wav,3,1,speech,7,disgust,1,2,2,11,male
C:\Users\Grana\Documents\GitHub\Project_CSE432_MG\Project_CSE432-532\SER_Project\data\Audio_Speech_Actors_01-24\Actor_11\03-01-07-02-01-01-11.wav,3,1,speech,7,disgust,2,1,1,11,male
C:\Users\Grana\Documents\GitHub\Project_CSE432_MG\Project_CSE432-532\SER_Project\data\Audio_Speech_Actors_01-24\Actor_11\03-01-07-02-01-02-11.wav,3,1,speech,7,disgust,2,1,2,11,male
C:\Users\Grana\Documents\GitHub\Project_CSE432_MG\Project_CSE432-532\SER_Project\data\Audio_Speech_Actors_01-24\Actor_11\03-01-07-02-02-01-11.wav,3,1,speech,7,disgust,2,2,1,11,male
C:\Users\Grana\Documents\GitHub\Project_CSE432_MG\Project_CSE432-532\SER_Project\data\Audio_Speech_Actors_01-24\Actor_11\03-01-07-02-02-02-11.wav,3,1,speech,7,disgust,2,2,2,11,male
C:\Users\Grana\Documents\GitHub\Project_CSE432_MG\Project_CSE432-532\SER_Project\data\Audio_Speech_Actors_01-24\Actor_11\03-01-08-01-01-01-11.wav,3,1,speech,8,surprised,1,1,1,11,male
C:\Users\Grana\Documents\GitHub\Project_CSE432_MG\Project_CSE432-532\SER_Project\data\Audio_Speech_Actors_01-24\Actor_11\03-01-08-01-01-02-11.wav,3,1,speech,8,surprised,1,1,2,11,male
C:\Users\Grana\Documents\GitHub\Project_CSE432_MG\Project_CSE432-532\SER_Project\data\Audio_Speech_Actors_01-24\Actor_11\03-01-08-01-02-01-11.wav,3,1,speech,8,surprised,1,2,1,11,male
C:\Users\Grana\Documents\GitHub\Project_CSE432_MG\Project_CSE432-532\SER_Project\data\Audio_Speech_Actors_01-24\Actor_11\03-01-08-01-02-02-11.wav,3,1,speech,8,surprised,1,2,2,11,male
C:\Users\Grana\Documents\GitHub\Project_CSE432_MG\Project_CSE432-532\SER_Project\data\Audio_Speech_Actors_01-24\Actor_11\03-01-08-02-01-01-11.wav,3,1,speech,8,surprised,2,1,1,11,male
C:\Users\Grana\Documents\GitHub\Project_CSE432_MG\Project_CSE432-532\SER_Project\data\Audio_Speech_Actors_01-24\Actor_11\03-01-08-02-01-02-11.wav,3,1,speech,8,surprised,2,1,2,11,male
C:\Users\Grana\Documents\GitHub\Project_CSE432_MG\Project_CSE432-532\SER_Project\data\Audio_Speech_Actors_01-24\Actor_11\03-01-08-02-02-01-11.wav,3,1,speech,8,surprised,2,2,1,11,male
C:\Users\Grana\Documents\GitHub\Project_CSE432_MG\Project_CSE432-532\SER_Project\data\Audio_Speech_Actors_01-24\Actor_11\03-01-08-02-02-02-11.wav,3,1,speech,8,surprised,2,2,2,11,male
C:\Users\Grana\Documents\GitHub\Project_CSE432_MG\Project_CSE432-532\SER_Project\data\Audio_Speech_Actors_01-24\Actor_12\03-01-01-01-01-01-12.wav,3,1,speech,1,neutral,1,1,1,12,female
C:\Users\Grana\Documents\GitHub\Project_CSE432_MG\Project_CSE432-532\SER_Project\data\Audio_Speech_Actors_01-24\Actor_12\03-01-01-01-01-02-12.wav,3,1,speech,1,neutral,1,1,2,12,female
C:\Users\Grana\Documents\GitHub\Project_CSE432_MG\Project_CSE432-532\SER_Project\data\Audio_Speech_Actors_01-24\Actor_12\03-01-01-01-02-01-12.wav,3,1,speech,1,neutral,1,2,1,12,female
C:\Users\Grana\Documents\GitHub\Project_CSE432_MG\Project_CSE432-532\SER_Project\data\Audio_Speech_Actors_01-24\Actor_12\03-01-01-01-02-02-12.wav,3,1,speech,1,neutral,1,2,2,12,female
C:\Users\Grana\Documents\GitHub\Project_CSE432_MG\Project_CSE432-532\SER_Project\data\Audio_Speech_Actors_01-24\Actor_12\03-01-02-01-01-01-12.wav,3,1,speech,2,calm,1,1,1,12,female
C:\Users\Grana\Documents\GitHub\Project_CSE432_MG\Project_CSE432-532\SER_Project\data\Audio_Speech_Actors_01-24\Actor_12\03-01-02-01-01-02-12.wav,3,1,speech,2,calm,1,1,2,12,female
C:\Users\Grana\Documents\GitHub\Project_CSE432_MG\Project_CSE432-532\SER_Project\data\Audio_Speech_Actors_01-24\Actor_12\03-01-02-01-02-01-12.wav,3,1,speech,2,calm,1,2,1,12,female
C:\Users\Grana\Documents\GitHub\Project_CSE432_MG\Project_CSE432-532\SER_Project\data\Audio_Speech_Actors_01-24\Actor_12\03-01-02-01-02-02-12.wav,3,1,speech,2,calm,1,2,2,12,female
C:\Users\Grana\Documents\GitHub\Project_CSE432_MG\Project_CSE432-532\SER_Project\data\Audio_Speech_Actors_01-24\Actor_12\03-01-02-02-01-01-12.wav,3,1,speech,2,calm,2,1,1,12,female
C:\Users\Grana\Documents\GitHub\Project_CSE432_MG\Project_CSE432-532\SER_Project\data\Audio_Speech_Actors_01-24\Actor_12\03-01-02-02-01-02-12.wav,3,1,speech,2,calm,2,1,2,12,female
C:\Users\Grana\Documents\GitHub\Project_CSE432_MG\Project_CSE432-532\SER_Project\data\Audio_Speech_Actors_01-24\Actor_12\03-01-02-02-02-01-12.wav,3,1,speech,2,calm,2,2,1,12,female
C:\Users\Grana\Documents\GitHub\Project_CSE432_MG\Project_CSE432-532\SER_Project\data\Audio_Speech_Actors_01-24\Actor_12\03-01-02-02-02-02-12.wav,3,1,speech,2,calm,2,2,2,12,female
C:\Users\Grana\Documents\GitHub\Project_CSE432_MG\Project_CSE432-532\SER_Project\data\Audio_Speech_Actors_01-24\Actor_12\03-01-03-01-01-01-12.wav,3,1,speech,3,happy,1,1,1,12,female
C:\Users\Grana\Documents\GitHub\Project_CSE432_MG\Project_CSE432-532\SER_Project\data\Audio_Speech_Actors_01-24\Actor_12\03-01-03-01-01-02-12.wav,3,1,speech,3,happy,1,1,2,12,female
C:\Users\Grana\Documents\GitHub\Project_CSE432_MG\Project_CSE432-532\SER_Project\data\Audio_Speech_Actors_01-24\Actor_12\03-01-03-01-02-01-12.wav,3,1,speech,3,happy,1,2,1,12,female
C:\Users\Grana\Documents\GitHub\Project_CSE432_MG\Project_CSE432-532\SER_Project\data\Audio_Speech_Actors_01-24\Actor_12\03-01-03-01-02-02-12.wav,3,1,speech,3,happy,1,2,2,12,female
C:\Users\Grana\Documents\GitHub\Project_CSE432_MG\Project_CSE432-532\SER_Project\data\Audio_Speech_Actors_01-24\Actor_12\03-01-03-02-01-01-12.wav,3,1,speech,3,happy,2,1,1,12,female
C:\Users\Grana\Documents\GitHub\Project_CSE432_MG\Project_CSE432-532\SER_Project\data\Audio_Speech_Actors_01-24\Actor_12\03-01-03-02-01-02-12.wav,3,1,speech,3,happy,2,1,2,12,female
C:\Users\Grana\Documents\GitHub\Project_CSE432_MG\Project_CSE432-532\SER_Project\data\Audio_Speech_Actors_01-24\Actor_12\03-01-03-02-02-01-12.wav,3,1,speech,3,happy,2,2,1,12,female
C:\Users\Grana\Documents\GitHub\Project_CSE432_MG\Project_CSE432-532\SER_Project\data\Audio_Speech_Actors_01-24\Actor_12\03-01-03-02-02-02-12.wav,3,1,speech,3,happy,2,2,2,12,female
C:\Users\Grana\Documents\GitHub\Project_CSE432_MG\Project_CSE432-532\SER_Project\data\Audio_Speech_Actors_01-24\Actor_12\03-01-04-01-01-01-12.wav,3,1,speech,4,sad,1,1,1,12,female
C:\Users\Grana\Documents\GitHub\Project_CSE432_MG\Project_CSE432-532\SER_Project\data\Audio_Speech_Actors_01-24\Actor_12\03-01-04-01-01-02-12.wav,3,1,speech,4,sad,1,1,2,12,female
C:\Users\Grana\Documents\GitHub\Project_CSE432_MG\Project_CSE432-532\SER_Project\data\Audio_Speech_Actors_01-24\Actor_12\03-01-04-01-02-01-12.wav,3,1,speech,4,sad,1,2,1,12,female
C:\Users\Grana\Documents\GitHub\Project_CSE432_MG\Project_CSE432-532\SER_Project\data\Audio_Speech_Actors_01-24\Actor_12\03-01-04-01-02-02-12.wav,3,1,speech,4,sad,1,2,2,12,female
C:\Users\Grana\Documents\GitHub\Project_CSE432_MG\Project_CSE432-532\SER_Project\data\Audio_Speech_Actors_01-24\Actor_12\03-01-04-02-01-01-12.wav,3,1,speech,4,sad,2,1,1,12,female
C:\Users\Grana\Documents\GitHub\Project_CSE432_MG\Project_CSE432-532\SER_Project\data\Audio_Speech_Actors_01-24\Actor_12\03-01-04-02-01-02-12.wav,3,1,speech,4,sad,2,1,2,12,female
C:\Users\Grana\Documents\GitHub\Project_CSE432_MG\Project_CSE432-532\SER_Project\data\Audio_Speech_Actors_01-24\Actor_12\03-01-04-02-02-01-12.wav,3,1,speech,4,sad,2,2,1,12,female
C:\Users\Grana\Documents\GitHub\Project_CSE432_MG\Project_CSE432-532\SER_Project\data\Audio_Speech_Actors_01-24\Actor_12\03-01-04-02-02-02-12.wav,3,1,speech,4,sad,2,2,2,12,female
C:\Users\Grana\Documents\GitHub\Project_CSE432_MG\Project_CSE432-532\SER_Project\data\Audio_Speech_Actors_01-24\Actor_12\03-01-05-01-01-01-12.wav,3,1,speech,5,angry,1,1,1,12,female
C:\Users\Grana\Documents\GitHub\Project_CSE432_MG\Project_CSE432-532\SER_Project\data\Audio_Speech_Actors_01-24\Actor_12\03-01-05-01-01-02-12.wav,3,1,speech,5,angry,1,1,2,12,female
C:\Users\Grana\Documents\GitHub\Project_CSE432_MG\Project_CSE432-532\SER_Project\data\Audio_Speech_Actors_01-24\Actor_12\03-01-05-01-02-01-12.wav,3,1,speech,5,angry,1,2,1,12,female
C:\Users\Grana\Documents\GitHub\Project_CSE432_MG\Project_CSE432-532\SER_Project\data\Audio_Speech_Actors_01-24\Actor_12\03-01-05-01-02-02-12.wav,3,1,speech,5,angry,1,2,2,12,female
C:\Users\Grana\Documents\GitHub\Project_CSE432_MG\Project_CSE432-532\SER_Project\data\Audio_Speech_Actors_01-24\Actor_12\03-01-05-02-01-01-12.wav,3,1,speech,5,angry,2,1,1,12,female
C:\Users\Grana\Documents\GitHub\Project_CSE432_MG\Project_CSE432-532\SER_Project\data\Audio_Speech_Actors_01-24\Actor_12\03-01-05-02-01-02-12.wav,3,1,speech,5,angry,2,1,2,12,female
C:\Users\Grana\Documents\GitHub\Project_CSE432_MG\Project_CSE432-532\SER_Project\data\Audio_Speech_Actors_01-24\Actor_12\03-01-05-02-02-01-12.wav,3,1,speech,5,angry,2,2,1,12,female
C:\Users\Grana\Documents\GitHub\Project_CSE432_MG\Project_CSE432-532\SER_Project\data\Audio_Speech_Actors_01-24\Actor_12\03-01-05-02-02-02-12.wav,3,1,speech,5,angry,2,2,2,12,female
C:\Users\Grana\Documents\GitHub\Project_CSE432_MG\Project_CSE432-532\SER_Project\data\Audio_Speech_Actors_01-24\Actor_12\03-01-06-01-01-01-12.wav,3,1,speech,6,fearful,1,1,1,12,female
C:\Users\Grana\Documents\GitHub\Project_CSE432_MG\Project_CSE432-532\SER_Project\data\Audio_Speech_Actors_01-24\Actor_12\03-01-06-01-01-02-12.wav,3,1,speech,6,fearful,1,1,2,12,female
C:\Users\Grana\Documents\GitHub\Project_CSE432_MG\Project_CSE432-532\SER_Project\data\Audio_Speech_Actors_01-24\Actor_12\03-01-06-01-02-01-12.wav,3,1,speech,6,fearful,1,2,1,12,female
C:\Users\Grana\Documents\GitHub\Project_CSE432_MG\Project_CSE432-532\SER_Project\data\Audio_Speech_Actors_01-24\Actor_12\03-01-06-01-02-02-12.wav,3,1,speech,6,fearful,1,2,2,12,female
C:\Users\Grana\Documents\GitHub\Project_CSE432_MG\Project_CSE432-532\SER_Project\data\Audio_Speech_Actors_01-24\Actor_12\03-01-06-02-01-01-12.wav,3,1,speech,6,fearful,2,1,1,12,female
C:\Users\Grana\Documents\GitHub\Project_CSE432_MG\Project_CSE432-532\SER_Project\data\Audio_Speech_Actors_01-24\Actor_12\03-01-06-02-01-02-12.wav,3,1,speech,6,fearful,2,1,2,12,female
C:\Users\Grana\Documents\GitHub\Project_CSE432_MG\Project_CSE432-532\SER_Project\data\Audio_Speech_Actors_01-24\Actor_12\03-01-06-02-02-01-12.wav,3,1,speech,6,fearful,2,2,1,12,female
C:\Users\Grana\Documents\GitHub\Project_CSE432_MG\Project_CSE432-532\SER_Project\data\Audio_Speech_Actors_01-24\Actor_12\03-01-06-02-02-02-12.wav,3,1,speech,6,fearful,2,2,2,12,female
C:\Users\Grana\Documents\GitHub\Project_CSE432_MG\Project_CSE432-532\SER_Project\data\Audio_Speech_Actors_01-24\Actor_12\03-01-07-01-01-01-12.wav,3,1,speech,7,disgust,1,1,1,12,female
C:\Users\Grana\Documents\GitHub\Project_CSE432_MG\Project_CSE432-532\SER_Project\data\Audio_Speech_Actors_01-24\Actor_12\03-01-07-01-01-02-12.wav,3,1,speech,7,disgust,1,1,2,12,female
C:\Users\Grana\Documents\GitHub\Project_CSE432_MG\Project_CSE432-532\SER_Project\data\Audio_Speech_Actors_01-24\Actor_12\03-01-07-01-02-01-12.wav,3,1,speech,7,disgust,1,2,1,12,female
C:\Users\Grana\Documents\GitHub\Project_CSE432_MG\Project_CSE432-532\SER_Project\data\Audio_Speech_Actors_01-24\Actor_12\03-01-07-01-02-02-12.wav,3,1,speech,7,disgust,1,2,2,12,female
C:\Users\Grana\Documents\GitHub\Project_CSE432_MG\Project_CSE432-532\SER_Project\data\Audio_Speech_Actors_01-24\Actor_12\03-01-07-02-01-01-12.wav,3,1,speech,7,disgust,2,1,1,12,female
C:\Users\Grana\Documents\GitHub\Project_CSE432_MG\Project_CSE432-532\SER_Project\data\Audio_Speech_Actors_01-24\Actor_12\03-01-07-02-01-02-12.wav,3,1,speech,7,disgust,2,1,2,12,female
C:\Users\Grana\Documents\GitHub\Project_CSE432_MG\Project_CSE432-532\SER_Project\data\Audio_Speech_Actors_01-24\Actor_12\03-01-07-02-02-01-12.wav,3,1,speech,7,disgust,2,2,1,12,female
C:\Users\Grana\Documents\GitHub\Project_CSE432_MG\Project_CSE432-532\SER_Project\data\Audio_Speech_Actors_01-24\Actor_12\03-01-07-02-02-02-12.wav,3,1,speech,7,disgust,2,2,2,12,female
C:\Users\Grana\Documents\GitHub\Project_CSE432_MG\Project_CSE432-532\SER_Project\data\Audio_Speech_Actors_01-24\Actor_12\03-01-08-01-01-01-12.wav,3,1,speech,8,surprised,1,1,1,12,female
C:\Users\Grana\Documents\GitHub\Project_CSE432_MG\Project_CSE432-532\SER_Project\data\Audio_Speech_Actors_01-24\Actor_12\03-01-08-01-01-02-12.wav,3,1,speech,8,surprised,1,1,2,12,female
C:\Users\Grana\Documents\GitHub\Project_CSE432_MG\Project_CSE432-532\SER_Project\data\Audio_Speech_Actors_01-24\Actor_12\03-01-08-01-02-01-12.wav,3,1,speech,8,surprised,1,2,1,12,female
C:\Users\Grana\Documents\GitHub\Project_CSE432_MG\Project_CSE432-532\SER_Project\data\Audio_Speech_Actors_01-24\Actor_12\03-01-08-01-02-02-12.wav,3,1,speech,8,surprised,1,2,2,12,female
C:\Users\Grana\Documents\GitHub\Project_CSE432_MG\Project_CSE432-532\SER_Project\data\Audio_Speech_Actors_01-24\Actor_12\03-01-08-02-01-01-12.wav,3,1,speech,8,surprised,2,1,1,12,female
C:\Users\Grana\Documents\GitHub\Project_CSE432_MG\Project_CSE432-532\SER_Project\data\Audio_Speech_Actors_01-24\Actor_12\03-01-08-02-01-02-12.wav,3,1,speech,8,surprised,2,1,2,12,female
C:\Users\Grana\Documents\GitHub\Project_CSE432_MG\Project_CSE432-532\SER_Project\data\Audio_Speech_Actors_01-24\Actor_12\03-01-08-02-02-01-12.wav,3,1,speech,8,surprised,2,2,1,12,female
C:\Users\Grana\Documents\GitHub\Project_CSE432_MG\Project_CSE432-532\SER_Project\data\Audio_Speech_Actors_01-24\Actor_12\03-01-08-02-02-02-12.wav,3,1,speech,8,surprised,2,2,2,12,female
C:\Users\Grana\Documents\GitHub\Project_CSE432_MG\Project_CSE432-532\SER_Project\data\Audio_Speech_Actors_01-24\Actor_13\03-01-01-01-01-01-13.wav,3,1,speech,1,neutral,1,1,1,13,male
C:\Users\Grana\Documents\GitHub\Project_CSE432_MG\Project_CSE432-532\SER_Project\data\Audio_Speech_Actors_01-24\Actor_13\03-01-01-01-01-02-13.wav,3,1,speech,1,neutral,1,1,2,13,male
C:\Users\Grana\Documents\GitHub\Project_CSE432_MG\Project_CSE432-532\SER_Project\data\Audio_Speech_Actors_01-24\Actor_13\03-01-01-01-02-01-13.wav,3,1,speech,1,neutral,1,2,1,13,male
C:\Users\Grana\Documents\GitHub\Project_CSE432_MG\Project_CSE432-532\SER_Project\data\Audio_Speech_Actors_01-24\Actor_13\03-01-01-01-02-02-13.wav,3,1,speech,1,neutral,1,2,2,13,male
C:\Users\Grana\Documents\GitHub\Project_CSE432_MG\Project_CSE432-532\SER_Project\data\Audio_Speech_Actors_01-24\Actor_13\03-01-02-01-01-01-13.wav,3,1,speech,2,calm,1,1,1,13,male
C:\Users\Grana\Documents\GitHub\Project_CSE432_MG\Project_CSE432-532\SER_Project\data\Audio_Speech_Actors_01-24\Actor_13\03-01-02-01-01-02-13.wav,3,1,speech,2,calm,1,1,2,13,male
C:\Users\Grana\Documents\GitHub\Project_CSE432_MG\Project_CSE432-532\SER_Project\data\Audio_Speech_Actors_01-24\Actor_13\03-01-02-01-02-01-13.wav,3,1,speech,2,calm,1,2,1,13,male
C:\Users\Grana\Documents\GitHub\Project_CSE432_MG\Project_CSE432-532\SER_Project\data\Audio_Speech_Actors_01-24\Actor_13\03-01-02-01-02-02-13.wav,3,1,speech,2,calm,1,2,2,13,male
C:\Users\Grana\Documents\GitHub\Project_CSE432_MG\Project_CSE432-532\SER_Project\data\Audio_Speech_Actors_01-24\Actor_13\03-01-02-02-01-01-13.wav,3,1,speech,2,calm,2,1,1,13,male
C:\Users\Grana\Documents\GitHub\Project_CSE432_MG\Project_CSE432-532\SER_Project\data\Audio_Speech_Actors_01-24\Actor_13\03-01-02-02-01-02-13.wav,3,1,speech,2,calm,2,1,2,13,male
C:\Users\Grana\Documents\GitHub\Project_CSE432_MG\Project_CSE432-532\SER_Project\data\Audio_Speech_Actors_01-24\Actor_13\03-01-02-02-02-01-13.wav,3,1,speech,2,calm,2,2,1,13,male
C:\Users\Grana\Documents\GitHub\Project_CSE432_MG\Project_CSE432-532\SER_Project\data\Audio_Speech_Actors_01-24\Actor_13\03-01-02-02-02-02-13.wav,3,1,speech,2,calm,2,2,2,13,male
C:\Users\Grana\Documents\GitHub\Project_CSE432_MG\Project_CSE432-532\SER_Project\data\Audio_Speech_Actors_01-24\Actor_13\03-01-03-01-01-01-13.wav,3,1,speech,3,happy,1,1,1,13,male
C:\Users\Grana\Documents\GitHub\Project_CSE432_MG\Project_CSE432-532\SER_Project\data\Audio_Speech_Actors_01-24\Actor_13\03-01-03-01-01-02-13.wav,3,1,speech,3,happy,1,1,2,13,male
C:\Users\Grana\Documents\GitHub\Project_CSE432_MG\Project_CSE432-532\SER_Project\data\Audio_Speech_Actors_01-24\Actor_13\03-01-03-01-02-01-13.wav,3,1,speech,3,happy,1,2,1,13,male
C:\Users\Grana\Documents\GitHub\Project_CSE432_MG\Project_CSE432-532\SER_Project\data\Audio_Speech_Actors_01-24\Actor_13\03-01-03-01-02-02-13.wav,3,1,speech,3,happy,1,2,2,13,male
C:\Users\Grana\Documents\GitHub\Project_CSE432_MG\Project_CSE432-532\SER_Project\data\Audio_Speech_Actors_01-24\Actor_13\03-01-03-02-01-01-13.wav,3,1,speech,3,happy,2,1,1,13,male
C:\Users\Grana\Documents\GitHub\Project_CSE432_MG\Project_CSE432-532\SER_Project\data\Audio_Speech_Actors_01-24\Actor_13\03-01-03-02-01-02-13.wav,3,1,speech,3,happy,2,1,2,13,male
C:\Users\Grana\Documents\GitHub\Project_CSE432_MG\Project_CSE432-532\SER_Project\data\Audio_Speech_Actors_01-24\Actor_13\03-01-03-02-02-01-13.wav,3,1,speech,3,happy,2,2,1,13,male
C:\Users\Grana\Documents\GitHub\Project_CSE432_MG\Project_CSE432-532\SER_Project\data\Audio_Speech_Actors_01-24\Actor_13\03-01-03-02-02-02-13.wav,3,1,speech,3,happy,2,2,2,13,male
C:\Users\Grana\Documents\GitHub\Project_CSE432_MG\Project_CSE432-532\SER_Project\data\Audio_Speech_Actors_01-24\Actor_13\03-01-04-01-01-01-13.wav,3,1,speech,4,sad,1,1,1,13,male
C:\Users\Grana\Documents\GitHub\Project_CSE432_MG\Project_CSE432-532\SER_Project\data\Audio_Speech_Actors_01-24\Actor_13\03-01-04-01-01-02-13.wav,3,1,speech,4,sad,1,1,2,13,male
C:\Users\Grana\Documents\GitHub\Project_CSE432_MG\Project_CSE432-532\SER_Project\data\Audio_Speech_Actors_01-24\Actor_13\03-01-04-01-02-01-13.wav,3,1,speech,4,sad,1,2,1,13,male
C:\Users\Grana\Documents\GitHub\Project_CSE432_MG\Project_CSE432-532\SER_Project\data\Audio_Speech_Actors_01-24\Actor_13\03-01-04-01-02-02-13.wav,3,1,speech,4,sad,1,2,2,13,male
C:\Users\Grana\Documents\GitHub\Project_CSE432_MG\Project_CSE432-532\SER_Project\data\Audio_Speech_Actors_01-24\Actor_13\03-01-04-02-01-01-13.wav,3,1,speech,4,sad,2,1,1,13,male
C:\Users\Grana\Documents\GitHub\Project_CSE432_MG\Project_CSE432-532\SER_Project\data\Audio_Speech_Actors_01-24\Actor_13\03-01-04-02-01-02-13.wav,3,1,speech,4,sad,2,1,2,13,male
C:\Users\Grana\Documents\GitHub\Project_CSE432_MG\Project_CSE432-532\SER_Project\data\Audio_Speech_Actors_01-24\Actor_13\03-01-04-02-02-01-13.wav,3,1,speech,4,sad,2,2,1,13,male
C:\Users\Grana\Documents\GitHub\Project_CSE432_MG\Project_CSE432-532\SER_Project\data\Audio_Speech_Actors_01-24\Actor_13\03-01-04-02-02-02-13.wav,3,1,speech,4,sad,2,2,2,13,male
C:\Users\Grana\Documents\GitHub\Project_CSE432_MG\Project_CSE432-532\SER_Project\data\Audio_Speech_Actors_01-24\Actor_13\03-01-05-01-01-01-13.wav,3,1,speech,5,angry,1,1,1,13,male
C:\Users\Grana\Documents\GitHub\Project_CSE432_MG\Project_CSE432-532\SER_Project\data\Audio_Speech_Actors_01-24\Actor_13\03-01-05-01-01-02-13.wav,3,1,speech,5,angry,1,1,2,13,male
C:\Users\Grana\Documents\GitHub\Project_CSE432_MG\Project_CSE432-532\SER_Project\data\Audio_Speech_Actors_01-24\Actor_13\03-01-05-01-02-01-13.wav,3,1,speech,5,angry,1,2,1,13,male
C:\Users\Grana\Documents\GitHub\Project_CSE432_MG\Project_CSE432-532\SER_Project\data\Audio_Speech_Actors_01-24\Actor_13\03-01-05-01-02-02-13.wav,3,1,speech,5,angry,1,2,2,13,male
C:\Users\Grana\Documents\GitHub\Project_CSE432_MG\Project_CSE432-532\SER_Project\data\Audio_Speech_Actors_01-24\Actor_13\03-01-05-02-01-01-13.wav,3,1,speech,5,angry,2,1,1,13,male
C:\Users\Grana\Documents\GitHub\Project_CSE432_MG\Project_CSE432-532\SER_Project\data\Audio_Speech_Actors_01-24\Actor_13\03-01-05-02-01-02-13.wav,3,1,speech,5,angry,2,1,2,13,male
C:\Users\Grana\Documents\GitHub\Project_CSE432_MG\Project_CSE432-532\SER_Project\data\Audio_Speech_Actors_01-24\Actor_13\03-01-05-02-02-01-13.wav,3,1,speech,5,angry,2,2,1,13,male
C:\Users\Grana\Documents\GitHub\Project_CSE432_MG\Project_CSE432-532\SER_Project\data\Audio_Speech_Actors_01-24\Actor_13\03-01-05-02-02-02-13.wav,3,1,speech,5,angry,2,2,2,13,male
C:\Users\Grana\Documents\GitHub\Project_CSE432_MG\Project_CSE432-532\SER_Project\data\Audio_Speech_Actors_01-24\Actor_13\03-01-06-01-01-01-13.wav,3,1,speech,6,fearful,1,1,1,13,male
C:\Users\Grana\Documents\GitHub\Project_CSE432_MG\Project_CSE432-532\SER_Project\data\Audio_Speech_Actors_01-24\Actor_13\03-01-06-01-01-02-13.wav,3,1,speech,6,fearful,1,1,2,13,male
C:\Users\Grana\Documents\GitHub\Project_CSE432_MG\Project_CSE432-532\SER_Project\data\Audio_Speech_Actors_01-24\Actor_13\03-01-06-01-02-01-13.wav,3,1,speech,6,fearful,1,2,1,13,male
C:\Users\Grana\Documents\GitHub\Project_CSE432_MG\Project_CSE432-532\SER_Project\data\Audio_Speech_Actors_01-24\Actor_13\03-01-06-01-02-02-13.wav,3,1,speech,6,fearful,1,2,2,13,male
C:\Users\Grana\Documents\GitHub\Project_CSE432_MG\Project_CSE432-532\SER_Project\data\Audio_Speech_Actors_01-24\Actor_13\03-01-06-02-01-01-13.wav,3,1,speech,6,fearful,2,1,1,13,male
C:\Users\Grana\Documents\GitHub\Project_CSE432_MG\Project_CSE432-532\SER_Project\data\Audio_Speech_Actors_01-24\Actor_13\03-01-06-02-01-02-13.wav,3,1,speech,6,fearful,2,1,2,13,male
C:\Users\Grana\Documents\GitHub\Project_CSE432_MG\Project_CSE432-532\SER_Project\data\Audio_Speech_Actors_01-24\Actor_13\03-01-06-02-02-01-13.wav,3,1,speech,6,fearful,2,2,1,13,male
C:\Users\Grana\Documents\GitHub\Project_CSE432_MG\Project_CSE432-532\SER_Project\data\Audio_Speech_Actors_01-24\Actor_13\03-01-06-02-02-02-13.wav,3,1,speech,6,fearful,2,2,2,13,male
C:\Users\Grana\Documents\GitHub\Project_CSE432_MG\Project_CSE432-532\SER_Project\data\Audio_Speech_Actors_01-24\Actor_13\03-01-07-01-01-01-13.wav,3,1,speech,7,disgust,1,1,1,13,male
C:\Users\Grana\Documents\GitHub\Project_CSE432_MG\Project_CSE432-532\SER_Project\data\Audio_Speech_Actors_01-24\Actor_13\03-01-07-01-01-02-13.wav,3,1,speech,7,disgust,1,1,2,13,male
C:\Users\Grana\Documents\GitHub\Project_CSE432_MG\Project_CSE432-532\SER_Project\data\Audio_Speech_Actors_01-24\Actor_13\03-01-07-01-02-01-13.wav,3,1,speech,7,disgust,1,2,1,13,male
C:\Users\Grana\Documents\GitHub\Project_CSE432_MG\Project_CSE432-532\SER_Project\data\Audio_Speech_Actors_01-24\Actor_13\03-01-07-01-02-02-13.wav,3,1,speech,7,disgust,1,2,2,13,male
C:\Users\Grana\Documents\GitHub\Project_CSE432_MG\Project_CSE432-532\SER_Project\data\Audio_Speech_Actors_01-24\Actor_13\03-01-07-02-01-01-13.wav,3,1,speech,7,disgust,2,1,1,13,male
C:\Users\Grana\Documents\GitHub\Project_CSE432_MG\Project_CSE432-532\SER_Project\data\Audio_Speech_Actors_01-24\Actor_13\03-01-07-02-01-02-13.wav,3,1,speech,7,disgust,2,1,2,13,male
C:\Users\Grana\Documents\GitHub\Project_CSE432_MG\Project_CSE432-532\SER_Project\data\Audio_Speech_Actors_01-24\Actor_13\03-01-07-02-02-01-13.wav,3,1,speech,7,disgust,2,2,1,13,male
C:\Users\Grana\Documents\GitHub\Project_CSE432_MG\Project_CSE432-532\SER_Project\data\Audio_Speech_Actors_01-24\Actor_13\03-01-07-02-02-02-13.wav,3,1,speech,7,disgust,2,2,2,13,male
C:\Users\Grana\Documents\GitHub\Project_CSE432_MG\Project_CSE432-532\SER_Project\data\Audio_Speech_Actors_01-24\Actor_13\03-01-08-01-01-01-13.wav,3,1,speech,8,surprised,1,1,1,13,male
C:\Users\Grana\Documents\GitHub\Project_CSE432_MG\Project_CSE432-532\SER_Project\data\Audio_Speech_Actors_01-24\Actor_13\03-01-08-01-01-02-13.wav,3,1,speech,8,surprised,1,1,2,13,male
C:\Users\Grana\Documents\GitHub\Project_CSE432_MG\Project_CSE432-532\SER_Project\data\Audio_Speech_Actors_01-24\Actor_13\03-01-08-01-02-01-13.wav,3,1,speech,8,surprised,1,2,1,13,male
C:\Users\Grana\Documents\GitHub\Project_CSE432_MG\Project_CSE432-532\SER_Project\data\Audio_Speech_Actors_01-24\Actor_13\03-01-08-01-02-02-13.wav,3,1,speech,8,surprised,1,2,2,13,male
C:\Users\Grana\Documents\GitHub\Project_CSE432_MG\Project_CSE432-532\SER_Project\data\Audio_Speech_Actors_01-24\Actor_13\03-01-08-02-01-01-13.wav,3,1,speech,8,surprised,2,1,1,13,male
C:\Users\Grana\Documents\GitHub\Project_CSE432_MG\Project_CSE432-532\SER_Project\data\Audio_Speech_Actors_01-24\Actor_13\03-01-08-02-01-02-13.wav,3,1,speech,8,surprised,2,1,2,13,male
C:\Users\Grana\Documents\GitHub\Project_CSE432_MG\Project_CSE432-532\SER_Project\data\Audio_Speech_Actors_01-24\Actor_13\03-01-08-02-02-01-13.wav,3,1,speech,8,surprised,2,2,1,13,male
C:\Users\Grana\Documents\GitHub\Project_CSE432_MG\Project_CSE432-532\SER_Project\data\Audio_Speech_Actors_01-24\Actor_13\03-01-08-02-02-02-13.wav,3,1,speech,8,surprised,2,2,2,13,male
C:\Users\Grana\Documents\GitHub\Project_CSE432_MG\Project_CSE432-532\SER_Project\data\Audio_Speech_Actors_01-24\Actor_14\03-01-01-01-01-01-14.wav,3,1,speech,1,neutral,1,1,1,14,female
C:\Users\Grana\Documents\GitHub\Project_CSE432_MG\Project_CSE432-532\SER_Project\data\Audio_Speech_Actors_01-24\Actor_14\03-01-01-01-01-02-14.wav,3,1,speech,1,neutral,1,1,2,14,female
C:\Users\Grana\Documents\GitHub\Project_CSE432_MG\Project_CSE432-532\SER_Project\data\Audio_Speech_Actors_01-24\Actor_14\03-01-01-01-02-01-14.wav,3,1,speech,1,neutral,1,2,1,14,female
C:\Users\Grana\Documents\GitHub\Project_CSE432_MG\Project_CSE432-532\SER_Project\data\Audio_Speech_Actors_01-24\Actor_14\03-01-01-01-02-02-14.wav,3,1,speech,1,neutral,1,2,2,14,female
C:\Users\Grana\Documents\GitHub\Project_CSE432_MG\Project_CSE432-532\SER_Project\data\Audio_Speech_Actors_01-24\Actor_14\03-01-02-01-01-01-14.wav,3,1,speech,2,calm,1,1,1,14,female
C:\Users\Grana\Documents\GitHub\Project_CSE432_MG\Project_CSE432-532\SER_Project\data\Audio_Speech_Actors_01-24\Actor_14\03-01-02-01-01-02-14.wav,3,1,speech,2,calm,1,1,2,14,female
C:\Users\Grana\Documents\GitHub\Project_CSE432_MG\Project_CSE432-532\SER_Project\data\Audio_Speech_Actors_01-24\Actor_14\03-01-02-01-02-01-14.wav,3,1,speech,2,calm,1,2,1,14,female
C:\Users\Grana\Documents\GitHub\Project_CSE432_MG\Project_CSE432-532\SER_Project\data\Audio_Speech_Actors_01-24\Actor_14\03-01-02-01-02-02-14.wav,3,1,speech,2,calm,1,2,2,14,female
C:\Users\Grana\Documents\GitHub\Project_CSE432_MG\Project_CSE432-532\SER_Project\data\Audio_Speech_Actors_01-24\Actor_14\03-01-02-02-01-01-14.wav,3,1,speech,2,calm,2,1,1,14,female
C:\Users\Grana\Documents\GitHub\Project_CSE432_MG\Project_CSE432-532\SER_Project\data\Audio_Speech_Actors_01-24\Actor_14\03-01-02-02-01-02-14.wav,3,1,speech,2,calm,2,1,2,14,female
C:\Users\Grana\Documents\GitHub\Project_CSE432_MG\Project_CSE432-532\SER_Project\data\Audio_Speech_Actors_01-24\Actor_14\03-01-02-02-02-01-14.wav,3,1,speech,2,calm,2,2,1,14,female
C:\Users\Grana\Documents\GitHub\Project_CSE432_MG\Project_CSE432-532\SER_Project\data\Audio_Speech_Actors_01-24\Actor_14\03-01-02-02-02-02-14.wav,3,1,speech,2,calm,2,2,2,14,female
C:\Users\Grana\Documents\GitHub\Project_CSE432_MG\Project_CSE432-532\SER_Project\data\Audio_Speech_Actors_01-24\Actor_14\03-01-03-01-01-01-14.wav,3,1,speech,3,happy,1,1,1,14,female
C:\Users\Grana\Documents\GitHub\Project_CSE432_MG\Project_CSE432-532\SER_Project\data\Audio_Speech_Actors_01-24\Actor_14\03-01-03-01-01-02-14.wav,3,1,speech,3,happy,1,1,2,14,female
C:\Users\Grana\Documents\GitHub\Project_CSE432_MG\Project_CSE432-532\SER_Project\data\Audio_Speech_Actors_01-24\Actor_14\03-01-03-01-02-01-14.wav,3,1,speech,3,happy,1,2,1,14,female
C:\Users\Grana\Documents\GitHub\Project_CSE432_MG\Project_CSE432-532\SER_Project\data\Audio_Speech_Actors_01-24\Actor_14\03-01-03-01-02-02-14.wav,3,1,speech,3,happy,1,2,2,14,female
C:\Users\Grana\Documents\GitHub\Project_CSE432_MG\Project_CSE432-532\SER_Project\data\Audio_Speech_Actors_01-24\Actor_14\03-01-03-02-01-01-14.wav,3,1,speech,3,happy,2,1,1,14,female
C:\Users\Grana\Documents\GitHub\Project_CSE432_MG\Project_CSE432-532\SER_Project\data\Audio_Speech_Actors_01-24\Actor_14\03-01-03-02-01-02-14.wav,3,1,speech,3,happy,2,1,2,14,female
C:\Users\Grana\Documents\GitHub\Project_CSE432_MG\Project_CSE432-532\SER_Project\data\Audio_Speech_Actors_01-24\Actor_14\03-01-03-02-02-01-14.wav,3,1,speech,3,happy,2,2,1,14,female
C:\Users\Grana\Documents\GitHub\Project_CSE432_MG\Project_CSE432-532\SER_Project\data\Audio_Speech_Actors_01-24\Actor_14\03-01-03-02-02-02-14.wav,3,1,speech,3,happy,2,2,2,14,female
C:\Users\Grana\Documents\GitHub\Project_CSE432_MG\Project_CSE432-532\SER_Project\data\Audio_Speech_Actors_01-24\Actor_14\03-01-04-01-01-01-14.wav,3,1,speech,4,sad,1,1,1,14,female
C:\Users\Grana\Documents\GitHub\Project_CSE432_MG\Project_CSE432-532\SER_Project\data\Audio_Speech_Actors_01-24\Actor_14\03-01-04-01-01-02-14.wav,3,1,speech,4,sad,1,1,2,14,female
C:\Users\Grana\Documents\GitHub\Project_CSE432_MG\Project_CSE432-532\SER_Project\data\Audio_Speech_Actors_01-24\Actor_14\03-01-04-01-02-01-14.wav,3,1,speech,4,sad,1,2,1,14,female
C:\Users\Grana\Documents\GitHub\Project_CSE432_MG\Project_CSE432-532\SER_Project\data\Audio_Speech_Actors_01-24\Actor_14\03-01-04-01-02-02-14.wav,3,1,speech,4,sad,1,2,2,14,female
C:\Users\Grana\Documents\GitHub\Project_CSE432_MG\Project_CSE432-532\SER_Project\data\Audio_Speech_Actors_01-24\Actor_14\03-01-04-02-01-01-14.wav,3,1,speech,4,sad,2,1,1,14,female
C:\Users\Grana\Documents\GitHub\Project_CSE432_MG\Project_CSE432-532\SER_Project\data\Audio_Speech_Actors_01-24\Actor_14\03-01-04-02-01-02-14.wav,3,1,speech,4,sad,2,1,2,14,female
C:\Users\Grana\Documents\GitHub\Project_CSE432_MG\Project_CSE432-532\SER_Project\data\Audio_Speech_Actors_01-24\Actor_14\03-01-04-02-02-01-14.wav,3,1,speech,4,sad,2,2,1,14,female
C:\Users\Grana\Documents\GitHub\Project_CSE432_MG\Project_CSE432-532\SER_Project\data\Audio_Speech_Actors_01-24\Actor_14\03-01-04-02-02-02-14.wav,3,1,speech,4,sad,2,2,2,14,female
C:\Users\Grana\Documents\GitHub\Project_CSE432_MG\Project_CSE432-532\SER_Project\data\Audio_Speech_Actors_01-24\Actor_14\03-01-05-01-01-01-14.wav,3,1,speech,5,angry,1,1,1,14,female
C:\Users\Grana\Documents\GitHub\Project_CSE432_MG\Project_CSE432-532\SER_Project\data\Audio_Speech_Actors_01-24\Actor_14\03-01-05-01-01-02-14.wav,3,1,speech,5,angry,1,1,2,14,female
C:\Users\Grana\Documents\GitHub\Project_CSE432_MG\Project_CSE432-532\SER_Project\data\Audio_Speech_Actors_01-24\Actor_14\03-01-05-01-02-01-14.wav,3,1,speech,5,angry,1,2,1,14,female
C:\Users\Grana\Documents\GitHub\Project_CSE432_MG\Project_CSE432-532\SER_Project\data\Audio_Speech_Actors_01-24\Actor_14\03-01-05-01-02-02-14.wav,3,1,speech,5,angry,1,2,2,14,female
C:\Users\Grana\Documents\GitHub\Project_CSE432_MG\Project_CSE432-532\SER_Project\data\Audio_Speech_Actors_01-24\Actor_14\03-01-05-02-01-01-14.wav,3,1,speech,5,angry,2,1,1,14,female
C:\Users\Grana\Documents\GitHub\Project_CSE432_MG\Project_CSE432-532\SER_Project\data\Audio_Speech_Actors_01-24\Actor_14\03-01-05-02-01-02-14.wav,3,1,speech,5,angry,2,1,2,14,female
C:\Users\Grana\Documents\GitHub\Project_CSE432_MG\Project_CSE432-532\SER_Project\data\Audio_Speech_Actors_01-24\Actor_14\03-01-05-02-02-01-14.wav,3,1,speech,5,angry,2,2,1,14,female
C:\Users\Grana\Documents\GitHub\Project_CSE432_MG\Project_CSE432-532\SER_Project\data\Audio_Speech_Actors_01-24\Actor_14\03-01-05-02-02-02-14.wav,3,1,speech,5,angry,2,2,2,14,female
C:\Users\Grana\Documents\GitHub\Project_CSE432_MG\Project_CSE432-532\SER_Project\data\Audio_Speech_Actors_01-24\Actor_14\03-01-06-01-01-01-14.wav,3,1,speech,6,fearful,1,1,1,14,female
C:\Users\Grana\Documents\GitHub\Project_CSE432_MG\Project_CSE432-532\SER_Project\data\Audio_Speech_Actors_01-24\Actor_14\03-01-06-01-01-02-14.wav,3,1,speech,6,fearful,1,1,2,14,female
C:\Users\Grana\Documents\GitHub\Project_CSE432_MG\Project_CSE432-532\SER_Project\data\Audio_Speech_Actors_01-24\Actor_14\03-01-06-01-02-01-14.wav,3,1,speech,6,fearful,1,2,1,14,female
C:\Users\Grana\Documents\GitHub\Project_CSE432_MG\Project_CSE432-532\SER_Project\data\Audio_Speech_Actors_01-24\Actor_14\03-01-06-01-02-02-14.wav,3,1,speech,6,fearful,1,2,2,14,female
C:\Users\Grana\Documents\GitHub\Project_CSE432_MG\Project_CSE432-532\SER_Project\data\Audio_Speech_Actors_01-24\Actor_14\03-01-06-02-01-01-14.wav,3,1,speech,6,fearful,2,1,1,14,female
C:\Users\Grana\Documents\GitHub\Project_CSE432_MG\Project_CSE432-532\SER_Project\data\Audio_Speech_Actors_01-24\Actor_14\03-01-06-02-01-02-14.wav,3,1,speech,6,fearful,2,1,2,14,female
C:\Users\Grana\Documents\GitHub\Project_CSE432_MG\Project_CSE432-532\SER_Project\data\Audio_Speech_Actors_01-24\Actor_14\03-01-06-02-02-01-14.wav,3,1,speech,6,fearful,2,2,1,14,female
C:\Users\Grana\Documents\GitHub\Project_CSE432_MG\Project_CSE432-532\SER_Project\data\Audio_Speech_Actors_01-24\Actor_14\03-01-06-02-02-02-14.wav,3,1,speech,6,fearful,2,2,2,14,female
C:\Users\Grana\Documents\GitHub\Project_CSE432_MG\Project_CSE432-532\SER_Project\data\Audio_Speech_Actors_01-24\Actor_14\03-01-07-01-01-01-14.wav,3,1,speech,7,disgust,1,1,1,14,female
C:\Users\Grana\Documents\GitHub\Project_CSE432_MG\Project_CSE432-532\SER_Project\data\Audio_Speech_Actors_01-24\Actor_14\03-01-07-01-01-02-14.wav,3,1,speech,7,disgust,1,1,2,14,female
C:\Users\Grana\Documents\GitHub\Project_CSE432_MG\Project_CSE432-532\SER_Project\data\Audio_Speech_Actors_01-24\Actor_14\03-01-07-01-02-01-14.wav,3,1,speech,7,disgust,1,2,1,14,female
C:\Users\Grana\Documents\GitHub\Project_CSE432_MG\Project_CSE432-532\SER_Project\data\Audio_Speech_Actors_01-24\Actor_14\03-01-07-01-02-02-14.wav,3,1,speech,7,disgust,1,2,2,14,female
C:\Users\Grana\Documents\GitHub\Project_CSE432_MG\Project_CSE432-532\SER_Project\data\Audio_Speech_Actors_01-24\Actor_14\03-01-07-02-01-01-14.wav,3,1,speech,7,disgust,2,1,1,14,female
C:\Users\Grana\Documents\GitHub\Project_CSE432_MG\Project_CSE432-532\SER_Project\data\Audio_Speech_Actors_01-24\Actor_14\03-01-07-02-01-02-14.wav,3,1,speech,7,disgust,2,1,2,14,female
C:\Users\Grana\Documents\GitHub\Project_CSE432_MG\Project_CSE432-532\SER_Project\data\Audio_Speech_Actors_01-24\Actor_14\03-01-07-02-02-01-14.wav,3,1,speech,7,disgust,2,2,1,14,female
C:\Users\Grana\Documents\GitHub\Project_CSE432_MG\Project_CSE432-532\SER_Project\data\Audio_Speech_Actors_01-24\Actor_14\03-01-07-02-02-02-14.wav,3,1,speech,7,disgust,2,2,2,14,female
C:\Users\Grana\Documents\GitHub\Project_CSE432_MG\Project_CSE432-532\SER_Project\data\Audio_Speech_Actors_01-24\Actor_14\03-01-08-01-01-01-14.wav,3,1,speech,8,surprised,1,1,1,14,female
C:\Users\Grana\Documents\GitHub\Project_CSE432_MG\Project_CSE432-532\SER_Project\data\Audio_Speech_Actors_01-24\Actor_14\03-01-08-01-01-02-14.wav,3,1,speech,8,surprised,1,1,2,14,female
C:\Users\Grana\Documents\GitHub\Project_CSE432_MG\Project_CSE432-532\SER_Project\data\Audio_Speech_Actors_01-24\Actor_14\03-01-08-01-02-01-14.wav,3,1,speech,8,surprised,1,2,1,14,female
C:\Users\Grana\Documents\GitHub\Project_CSE432_MG\Project_CSE432-532\SER_Project\data\Audio_Speech_Actors_01-24\Actor_14\03-01-08-01-02-02-14.wav,3,1,speech,8,surprised,1,2,2,14,female
C:\Users\Grana\Documents\GitHub\Project_CSE432_MG\Project_CSE432-532\SER_Project\data\Audio_Speech_Actors_01-24\Actor_14\03-01-08-02-01-01-14.wav,3,1,speech,8,surprised,2,1,1,14,female
C:\Users\Grana\Documents\GitHub\Project_CSE432_MG\Project_CSE432-532\SER_Project\data\Audio_Speech_Actors_01-24\Actor_14\03-01-08-02-01-02-14.wav,3,1,speech,8,surprised,2,1,2,14,female
C:\Users\Grana\Documents\GitHub\Project_CSE432_MG\Project_CSE432-532\SER_Project\data\Audio_Speech_Actors_01-24\Actor_14\03-01-08-02-02-01-14.wav,3,1,speech,8,surprised,2,2,1,14,female
C:\Users\Grana\Documents\GitHub\Project_CSE432_MG\Project_CSE432-532\SER_Project\data\Audio_Speech_Actors_01-24\Actor_14\03-01-08-02-02-02-14.wav,3,1,speech,8,surprised,2,2,2,14,female
C:\Users\Grana\Documents\GitHub\Project_CSE432_MG\Project_CSE432-532\SER_Project\data\Audio_Speech_Actors_01-24\Actor_15\03-01-01-01-01-01-15.wav,3,1,speech,1,neutral,1,1,1,15,male
C:\Users\Grana\Documents\GitHub\Project_CSE432_MG\Project_CSE432-532\SER_Project\data\Audio_Speech_Actors_01-24\Actor_15\03-01-01-01-01-02-15.wav,3,1,speech,1,neutral,1,1,2,15,male
C:\Users\Grana\Documents\GitHub\Project_CSE432_MG\Project_CSE432-532\SER_Project\data\Audio_Speech_Actors_01-24\Actor_15\03-01-01-01-02-01-15.wav,3,1,speech,1,neutral,1,2,1,15,male
C:\Users\Grana\Documents\GitHub\Project_CSE432_MG\Project_CSE432-532\SER_Project\data\Audio_Speech_Actors_01-24\Actor_15\03-01-01-01-02-02-15.wav,3,1,speech,1,neutral,1,2,2,15,male
C:\Users\Grana\Documents\GitHub\Project_CSE432_MG\Project_CSE432-532\SER_Project\data\Audio_Speech_Actors_01-24\Actor_15\03-01-02-01-01-01-15.wav,3,1,speech,2,calm,1,1,1,15,male
C:\Users\Grana\Documents\GitHub\Project_CSE432_MG\Project_CSE432-532\SER_Project\data\Audio_Speech_Actors_01-24\Actor_15\03-01-02-01-01-02-15.wav,3,1,speech,2,calm,1,1,2,15,male
C:\Users\Grana\Documents\GitHub\Project_CSE432_MG\Project_CSE432-532\SER_Project\data\Audio_Speech_Actors_01-24\Actor_15\03-01-02-01-02-01-15.wav,3,1,speech,2,calm,1,2,1,15,male
C:\Users\Grana\Documents\GitHub\Project_CSE432_MG\Project_CSE432-532\SER_Project\data\Audio_Speech_Actors_01-24\Actor_15\03-01-02-01-02-02-15.wav,3,1,speech,2,calm,1,2,2,15,male
C:\Users\Grana\Documents\GitHub\Project_CSE432_MG\Project_CSE432-532\SER_Project\data\Audio_Speech_Actors_01-24\Actor_15\03-01-02-02-01-01-15.wav,3,1,speech,2,calm,2,1,1,15,male
C:\Users\Grana\Documents\GitHub\Project_CSE432_MG\Project_CSE432-532\SER_Project\data\Audio_Speech_Actors_01-24\Actor_15\03-01-02-02-01-02-15.wav,3,1,speech,2,calm,2,1,2,15,male
C:\Users\Grana\Documents\GitHub\Project_CSE432_MG\Project_CSE432-532\SER_Project\data\Audio_Speech_Actors_01-24\Actor_15\03-01-02-02-02-01-15.wav,3,1,speech,2,calm,2,2,1,15,male
C:\Users\Grana\Documents\GitHub\Project_CSE432_MG\Project_CSE432-532\SER_Project\data\Audio_Speech_Actors_01-24\Actor_15\03-01-02-02-02-02-15.wav,3,1,speech,2,calm,2,2,2,15,male
C:\Users\Grana\Documents\GitHub\Project_CSE432_MG\Project_CSE432-532\SER_Project\data\Audio_Speech_Actors_01-24\Actor_15\03-01-03-01-01-01-15.wav,3,1,speech,3,happy,1,1,1,15,male
C:\Users\Grana\Documents\GitHub\Project_CSE432_MG\Project_CSE432-532\SER_Project\data\Audio_Speech_Actors_01-24\Actor_15\03-01-03-01-01-02-15.wav,3,1,speech,3,happy,1,1,2,15,male
C:\Users\Grana\Documents\GitHub\Project_CSE432_MG\Project_CSE432-532\SER_Project\data\Audio_Speech_Actors_01-24\Actor_15\03-01-03-01-02-01-15.wav,3,1,speech,3,happy,1,2,1,15,male
C:\Users\Grana\Documents\GitHub\Project_CSE432_MG\Project_CSE432-532\SER_Project\data\Audio_Speech_Actors_01-24\Actor_15\03-01-03-01-02-02-15.wav,3,1,speech,3,happy,1,2,2,15,male
C:\Users\Grana\Documents\GitHub\Project_CSE432_MG\Project_CSE432-532\SER_Project\data\Audio_Speech_Actors_01-24\Actor_15\03-01-03-02-01-01-15.wav,3,1,speech,3,happy,2,1,1,15,male
C:\Users\Grana\Documents\GitHub\Project_CSE432_MG\Project_CSE432-532\SER_Project\data\Audio_Speech_Actors_01-24\Actor_15\03-01-03-02-01-02-15.wav,3,1,speech,3,happy,2,1,2,15,male
C:\Users\Grana\Documents\GitHub\Project_CSE432_MG\Project_CSE432-532\SER_Project\data\Audio_Speech_Actors_01-24\Actor_15\03-01-03-02-02-01-15.wav,3,1,speech,3,happy,2,2,1,15,male
C:\Users\Grana\Documents\GitHub\Project_CSE432_MG\Project_CSE432-532\SER_Project\data\Audio_Speech_Actors_01-24\Actor_15\03-01-03-02-02-02-15.wav,3,1,speech,3,happy,2,2,2,15,male
C:\Users\Grana\Documents\GitHub\Project_CSE432_MG\Project_CSE432-532\SER_Project\data\Audio_Speech_Actors_01-24\Actor_15\03-01-04-01-01-01-15.wav,3,1,speech,4,sad,1,1,1,15,male
C:\Users\Grana\Documents\GitHub\Project_CSE432_MG\Project_CSE432-532\SER_Project\data\Audio_Speech_Actors_01-24\Actor_15\03-01-04-01-01-02-15.wav,3,1,speech,4,sad,1,1,2,15,male
C:\Users\Grana\Documents\GitHub\Project_CSE432_MG\Project_CSE432-532\SER_Project\data\Audio_Speech_Actors_01-24\Actor_15\03-01-04-01-02-01-15.wav,3,1,speech,4,sad,1,2,1,15,male
C:\Users\Grana\Documents\GitHub\Project_CSE432_MG\Project_CSE432-532\SER_Project\data\Audio_Speech_Actors_01-24\Actor_15\03-01-04-01-02-02-15.wav,3,1,speech,4,sad,1,2,2,15,male
C:\Users\Grana\Documents\GitHub\Project_CSE432_MG\Project_CSE432-532\SER_Project\data\Audio_Speech_Actors_01-24\Actor_15\03-01-04-02-01-01-15.wav,3,1,speech,4,sad,2,1,1,15,male
C:\Users\Grana\Documents\GitHub\Project_CSE432_MG\Project_CSE432-532\SER_Project\data\Audio_Speech_Actors_01-24\Actor_15\03-01-04-02-01-02-15.wav,3,1,speech,4,sad,2,1,2,15,male
C:\Users\Grana\Documents\GitHub\Project_CSE432_MG\Project_CSE432-532\SER_Project\data\Audio_Speech_Actors_01-24\Actor_15\03-01-04-02-02-01-15.wav,3,1,speech,4,sad,2,2,1,15,male
C:\Users\Grana\Documents\GitHub\Project_CSE432_MG\Project_CSE432-532\SER_Project\data\Audio_Speech_Actors_01-24\Actor_15\03-01-04-02-02-02-15.wav,3,1,speech,4,sad,2,2,2,15,male
C:\Users\Grana\Documents\GitHub\Project_CSE432_MG\Project_CSE432-532\SER_Project\data\Audio_Speech_Actors_01-24\Actor_15\03-01-05-01-01-01-15.wav,3,1,speech,5,angry,1,1,1,15,male
C:\Users\Grana\Documents\GitHub\Project_CSE432_MG\Project_CSE432-532\SER_Project\data\Audio_Speech_Actors_01-24\Actor_15\03-01-05-01-01-02-15.wav,3,1,speech,5,angry,1,1,2,15,male
C:\Users\Grana\Documents\GitHub\Project_CSE432_MG\Project_CSE432-532\SER_Project\data\Audio_Speech_Actors_01-24\Actor_15\03-01-05-01-02-01-15.wav,3,1,speech,5,angry,1,2,1,15,male
C:\Users\Grana\Documents\GitHub\Project_CSE432_MG\Project_CSE432-532\SER_Project\data\Audio_Speech_Actors_01-24\Actor_15\03-01-05-01-02-02-15.wav,3,1,speech,5,angry,1,2,2,15,male
C:\Users\Grana\Documents\GitHub\Project_CSE432_MG\Project_CSE432-532\SER_Project\data\Audio_Speech_Actors_01-24\Actor_15\03-01-05-02-01-01-15.wav,3,1,speech,5,angry,2,1,1,15,male
C:\Users\Grana\Documents\GitHub\Project_CSE432_MG\Project_CSE432-532\SER_Project\data\Audio_Speech_Actors_01-24\Actor_15\03-01-05-02-01-02-15.wav,3,1,speech,5,angry,2,1,2,15,male
C:\Users\Grana\Documents\GitHub\Project_CSE432_MG\Project_CSE432-532\SER_Project\data\Audio_Speech_Actors_01-24\Actor_15\03-01-05-02-02-01-15.wav,3,1,speech,5,angry,2,2,1,15,male
C:\Users\Grana\Documents\GitHub\Project_CSE432_MG\Project_CSE432-532\SER_Project\data\Audio_Speech_Actors_01-24\Actor_15\03-01-05-02-02-02-15.wav,3,1,speech,5,angry,2,2,2,15,male
C:\Users\Grana\Documents\GitHub\Project_CSE432_MG\Project_CSE432-532\SER_Project\data\Audio_Speech_Actors_01-24\Actor_15\03-01-06-01-01-01-15.wav,3,1,speech,6,fearful,1,1,1,15,male
C:\Users\Grana\Documents\GitHub\Project_CSE432_MG\Project_CSE432-532\SER_Project\data\Audio_Speech_Actors_01-24\Actor_15\03-01-06-01-01-02-15.wav,3,1,speech,6,fearful,1,1,2,15,male
C:\Users\Grana\Documents\GitHub\Project_CSE432_MG\Project_CSE432-532\SER_Project\data\Audio_Speech_Actors_01-24\Actor_15\03-01-06-01-02-01-15.wav,3,1,speech,6,fearful,1,2,1,15,male
C:\Users\Grana\Documents\GitHub\Project_CSE432_MG\Project_CSE432-532\SER_Project\data\Audio_Speech_Actors_01-24\Actor_15\03-01-06-01-02-02-15.wav,3,1,speech,6,fearful,1,2,2,15,male
C:\Users\Grana\Documents\GitHub\Project_CSE432_MG\Project_CSE432-532\SER_Project\data\Audio_Speech_Actors_01-24\Actor_15\03-01-06-02-01-01-15.wav,3,1,speech,6,fearful,2,1,1,15,male
C:\Users\Grana\Documents\GitHub\Project_CSE432_MG\Project_CSE432-532\SER_Project\data\Audio_Speech_Actors_01-24\Actor_15\03-01-06-02-01-02-15.wav,3,1,speech,6,fearful,2,1,2,15,male
C:\Users\Grana\Documents\GitHub\Project_CSE432_MG\Project_CSE432-532\SER_Project\data\Audio_Speech_Actors_01-24\Actor_15\03-01-06-02-02-01-15.wav,3,1,speech,6,fearful,2,2,1,15,male
C:\Users\Grana\Documents\GitHub\Project_CSE432_MG\Project_CSE432-532\SER_Project\data\Audio_Speech_Actors_01-24\Actor_15\03-01-06-02-02-02-15.wav,3,1,speech,6,fearful,2,2,2,15,male
C:\Users\Grana\Documents\GitHub\Project_CSE432_MG\Project_CSE432-532\SER_Project\data\Audio_Speech_Actors_01-24\Actor_15\03-01-07-01-01-01-15.wav,3,1,speech,7,disgust,1,1,1,15,male
C:\Users\Grana\Documents\GitHub\Project_CSE432_MG\Project_CSE432-532\SER_Project\data\Audio_Speech_Actors_01-24\Actor_15\03-01-07-01-01-02-15.wav,3,1,speech,7,disgust,1,1,2,15,male
C:\Users\Grana\Documents\GitHub\Project_CSE432_MG\Project_CSE432-532\SER_Project\data\Audio_Speech_Actors_01-24\Actor_15\03-01-07-01-02-01-15.wav,3,1,speech,7,disgust,1,2,1,15,male
C:\Users\Grana\Documents\GitHub\Project_CSE432_MG\Project_CSE432-532\SER_Project\data\Audio_Speech_Actors_01-24\Actor_15\03-01-07-01-02-02-15.wav,3,1,speech,7,disgust,1,2,2,15,male
C:\Users\Grana\Documents\GitHub\Project_CSE432_MG\Project_CSE432-532\SER_Project\data\Audio_Speech_Actors_01-24\Actor_15\03-01-07-02-01-01-15.wav,3,1,speech,7,disgust,2,1,1,15,male
C:\Users\Grana\Documents\GitHub\Project_CSE432_MG\Project_CSE432-532\SER_Project\data\Audio_Speech_Actors_01-24\Actor_15\03-01-07-02-01-02-15.wav,3,1,speech,7,disgust,2,1,2,15,male
C:\Users\Grana\Documents\GitHub\Project_CSE432_MG\Project_CSE432-532\SER_Project\data\Audio_Speech_Actors_01-24\Actor_15\03-01-07-02-02-01-15.wav,3,1,speech,7,disgust,2,2,1,15,male
C:\Users\Grana\Documents\GitHub\Project_CSE432_MG\Project_CSE432-532\SER_Project\data\Audio_Speech_Actors_01-24\Actor_15\03-01-07-02-02-02-15.wav,3,1,speech,7,disgust,2,2,2,15,male
C:\Users\Grana\Documents\GitHub\Project_CSE432_MG\Project_CSE432-532\SER_Project\data\Audio_Speech_Actors_01-24\Actor_15\03-01-08-01-01-01-15.wav,3,1,speech,8,surprised,1,1,1,15,male
C:\Users\Grana\Documents\GitHub\Project_CSE432_MG\Project_CSE432-532\SER_Project\data\Audio_Speech_Actors_01-24\Actor_15\03-01-08-01-01-02-15.wav,3,1,speech,8,surprised,1,1,2,15,male
C:\Users\Grana\Documents\GitHub\Project_CSE432_MG\Project_CSE432-532\SER_Project\data\Audio_Speech_Actors_01-24\Actor_15\03-01-08-01-02-01-15.wav,3,1,speech,8,surprised,1,2,1,15,male
C:\Users\Grana\Documents\GitHub\Project_CSE432_MG\Project_CSE432-532\SER_Project\data\Audio_Speech_Actors_01-24\Actor_15\03-01-08-01-02-02-15.wav,3,1,speech,8,surprised,1,2,2,15,male
C:\Users\Grana\Documents\GitHub\Project_CSE432_MG\Project_CSE432-532\SER_Project\data\Audio_Speech_Actors_01-24\Actor_15\03-01-08-02-01-01-15.wav,3,1,speech,8,surprised,2,1,1,15,male
C:\Users\Grana\Documents\GitHub\Project_CSE432_MG\Project_CSE432-532\SER_Project\data\Audio_Speech_Actors_01-24\Actor_15\03-01-08-02-01-02-15.wav,3,1,speech,8,surprised,2,1,2,15,male
C:\Users\Grana\Documents\GitHub\Project_CSE432_MG\Project_CSE432-532\SER_Project\data\Audio_Speech_Actors_01-24\Actor_15\03-01-08-02-02-01-15.wav,3,1,speech,8,surprised,2,2,1,15,male
C:\Users\Grana\Documents\GitHub\Project_CSE432_MG\Project_CSE432-532\SER_Project\data\Audio_Speech_Actors_01-24\Actor_15\03-01-08-02-02-02-15.wav,3,1,speech,8,surprised,2,2,2,15,male
C:\Users\Grana\Documents\GitHub\Project_CSE432_MG\Project_CSE432-532\SER_Project\data\Audio_Speech_Actors_01-24\Actor_16\03-01-01-01-01-01-16.wav,3,1,speech,1,neutral,1,1,1,16,female
C:\Users\Grana\Documents\GitHub\Project_CSE432_MG\Project_CSE432-532\SER_Project\data\Audio_Speech_Actors_01-24\Actor_16\03-01-01-01-01-02-16.wav,3,1,speech,1,neutral,1,1,2,16,female
C:\Users\Grana\Documents\GitHub\Project_CSE432_MG\Project_CSE432-532\SER_Project\data\Audio_Speech_Actors_01-24\Actor_16\03-01-01-01-02-01-16.wav,3,1,speech,1,neutral,1,2,1,16,female
C:\Users\Grana\Documents\GitHub\Project_CSE432_MG\Project_CSE432-532\SER_Project\data\Audio_Speech_Actors_01-24\Actor_16\03-01-01-01-02-02-16.wav,3,1,speech,1,neutral,1,2,2,16,female
C:\Users\Grana\Documents\GitHub\Project_CSE432_MG\Project_CSE432-532\SER_Project\data\Audio_Speech_Actors_01-24\Actor_16\03-01-02-01-01-01-16.wav,3,1,speech,2,calm,1,1,1,16,female
C:\Users\Grana\Documents\GitHub\Project_CSE432_MG\Project_CSE432-532\SER_Project\data\Audio_Speech_Actors_01-24\Actor_16\03-01-02-01-01-02-16.wav,3,1,speech,2,calm,1,1,2,16,female
C:\Users\Grana\Documents\GitHub\Project_CSE432_MG\Project_CSE432-532\SER_Project\data\Audio_Speech_Actors_01-24\Actor_16\03-01-02-01-02-01-16.wav,3,1,speech,2,calm,1,2,1,16,female
C:\Users\Grana\Documents\GitHub\Project_CSE432_MG\Project_CSE432-532\SER_Project\data\Audio_Speech_Actors_01-24\Actor_16\03-01-02-01-02-02-16.wav,3,1,speech,2,calm,1,2,2,16,female
C:\Users\Grana\Documents\GitHub\Project_CSE432_MG\Project_CSE432-532\SER_Project\data\Audio_Speech_Actors_01-24\Actor_16\03-01-02-02-01-01-16.wav,3,1,speech,2,calm,2,1,1,16,female
C:\Users\Grana\Documents\GitHub\Project_CSE432_MG\Project_CSE432-532\SER_Project\data\Audio_Speech_Actors_01-24\Actor_16\03-01-02-02-01-02-16.wav,3,1,speech,2,calm,2,1,2,16,female
C:\Users\Grana\Documents\GitHub\Project_CSE432_MG\Project_CSE432-532\SER_Project\data\Audio_Speech_Actors_01-24\Actor_16\03-01-02-02-02-01-16.wav,3,1,speech,2,calm,2,2,1,16,female
C:\Users\Grana\Documents\GitHub\Project_CSE432_MG\Project_CSE432-532\SER_Project\data\Audio_Speech_Actors_01-24\Actor_16\03-01-02-02-02-02-16.wav,3,1,speech,2,calm,2,2,2,16,female
C:\Users\Grana\Documents\GitHub\Project_CSE432_MG\Project_CSE432-532\SER_Project\data\Audio_Speech_Actors_01-24\Actor_16\03-01-03-01-01-01-16.wav,3,1,speech,3,happy,1,1,1,16,female
C:\Users\Grana\Documents\GitHub\Project_CSE432_MG\Project_CSE432-532\SER_Project\data\Audio_Speech_Actors_01-24\Actor_16\03-01-03-01-01-02-16.wav,3,1,speech,3,happy,1,1,2,16,female
C:\Users\Grana\Documents\GitHub\Project_CSE432_MG\Project_CSE432-532\SER_Project\data\Audio_Speech_Actors_01-24\Actor_16\03-01-03-01-02-01-16.wav,3,1,speech,3,happy,1,2,1,16,female
C:\Users\Grana\Documents\GitHub\Project_CSE432_MG\Project_CSE432-532\SER_Project\data\Audio_Speech_Actors_01-24\Actor_16\03-01-03-01-02-02-16.wav,3,1,speech,3,happy,1,2,2,16,female
C:\Users\Grana\Documents\GitHub\Project_CSE432_MG\Project_CSE432-532\SER_Project\data\Audio_Speech_Actors_01-24\Actor_16\03-01-03-02-01-01-16.wav,3,1,speech,3,happy,2,1,1,16,female
C:\Users\Grana\Documents\GitHub\Project_CSE432_MG\Project_CSE432-532\SER_Project\data\Audio_Speech_Actors_01-24\Actor_16\03-01-03-02-01-02-16.wav,3,1,speech,3,happy,2,1,2,16,female
C:\Users\Grana\Documents\GitHub\Project_CSE432_MG\Project_CSE432-532\SER_Project\data\Audio_Speech_Actors_01-24\Actor_16\03-01-03-02-02-01-16.wav,3,1,speech,3,happy,2,2,1,16,female
C:\Users\Grana\Documents\GitHub\Project_CSE432_MG\Project_CSE432-532\SER_Project\data\Audio_Speech_Actors_01-24\Actor_16\03-01-03-02-02-02-16.wav,3,1,speech,3,happy,2,2,2,16,female
C:\Users\Grana\Documents\GitHub\Project_CSE432_MG\Project_CSE432-532\SER_Project\data\Audio_Speech_Actors_01-24\Actor_16\03-01-04-01-01-01-16.wav,3,1,speech,4,sad,1,1,1,16,female
C:\Users\Grana\Documents\GitHub\Project_CSE432_MG\Project_CSE432-532\SER_Project\data\Audio_Speech_Actors_01-24\Actor_16\03-01-04-01-01-02-16.wav,3,1,speech,4,sad,1,1,2,16,female
C:\Users\Grana\Documents\GitHub\Project_CSE432_MG\Project_CSE432-532\SER_Project\data\Audio_Speech_Actors_01-24\Actor_16\03-01-04-01-02-01-16.wav,3,1,speech,4,sad,1,2,1,16,female
C:\Users\Grana\Documents\GitHub\Project_CSE432_MG\Project_CSE432-532\SER_Project\data\Audio_Speech_Actors_01-24\Actor_16\03-01-04-01-02-02-16.wav,3,1,speech,4,sad,1,2,2,16,female
C:\Users\Grana\Documents\GitHub\Project_CSE432_MG\Project_CSE432-532\SER_Project\data\Audio_Speech_Actors_01-24\Actor_16\03-01-04-02-01-01-16.wav,3,1,speech,4,sad,2,1,1,16,female
C:\Users\Grana\Documents\GitHub\Project_CSE432_MG\Project_CSE432-532\SER_Project\data\Audio_Speech_Actors_01-24\Actor_16\03-01-04-02-01-02-16.wav,3,1,speech,4,sad,2,1,2,16,female
C:\Users\Grana\Documents\GitHub\Project_CSE432_MG\Project_CSE432-532\SER_Project\data\Audio_Speech_Actors_01-24\Actor_16\03-01-04-02-02-01-16.wav,3,1,speech,4,sad,2,2,1,16,female
C:\Users\Grana\Documents\GitHub\Project_CSE432_MG\Project_CSE432-532\SER_Project\data\Audio_Speech_Actors_01-24\Actor_16\03-01-04-02-02-02-16.wav,3,1,speech,4,sad,2,2,2,16,female
C:\Users\Grana\Documents\GitHub\Project_CSE432_MG\Project_CSE432-532\SER_Project\data\Audio_Speech_Actors_01-24\Actor_16\03-01-05-01-01-01-16.wav,3,1,speech,5,angry,1,1,1,16,female
C:\Users\Grana\Documents\GitHub\Project_CSE432_MG\Project_CSE432-532\SER_Project\data\Audio_Speech_Actors_01-24\Actor_16\03-01-05-01-01-02-16.wav,3,1,speech,5,angry,1,1,2,16,female
C:\Users\Grana\Documents\GitHub\Project_CSE432_MG\Project_CSE432-532\SER_Project\data\Audio_Speech_Actors_01-24\Actor_16\03-01-05-01-02-01-16.wav,3,1,speech,5,angry,1,2,1,16,female
C:\Users\Grana\Documents\GitHub\Project_CSE432_MG\Project_CSE432-532\SER_Project\data\Audio_Speech_Actors_01-24\Actor_16\03-01-05-01-02-02-16.wav,3,1,speech,5,angry,1,2,2,16,female
C:\Users\Grana\Documents\GitHub\Project_CSE432_MG\Project_CSE432-532\SER_Project\data\Audio_Speech_Actors_01-24\Actor_16\03-01-05-02-01-01-16.wav,3,1,speech,5,angry,2,1,1,16,female
C:\Users\Grana\Documents\GitHub\Project_CSE432_MG\Project_CSE432-532\SER_Project\data\Audio_Speech_Actors_01-24\Actor_16\03-01-05-02-01-02-16.wav,3,1,speech,5,angry,2,1,2,16,female
C:\Users\Grana\Documents\GitHub\Project_CSE432_MG\Project_CSE432-532\SER_Project\data\Audio_Speech_Actors_01-24\Actor_16\03-01-05-02-02-01-16.wav,3,1,speech,5,angry,2,2,1,16,female
C:\Users\Grana\Documents\GitHub\Project_CSE432_MG\Project_CSE432-532\SER_Project\data\Audio_Speech_Actors_01-24\Actor_16\03-01-05-02-02-02-16.wav,3,1,speech,5,angry,2,2,2,16,female
C:\Users\Grana\Documents\GitHub\Project_CSE432_MG\Project_CSE432-532\SER_Project\data\Audio_Speech_Actors_01-24\Actor_16\03-01-06-01-01-01-16.wav,3,1,speech,6,fearful,1,1,1,16,female
C:\Users\Grana\Documents\GitHub\Project_CSE432_MG\Project_CSE432-532\SER_Project\data\Audio_Speech_Actors_01-24\Actor_16\03-01-06-01-01-02-16.wav,3,1,speech,6,fearful,1,1,2,16,female
C:\Users\Grana\Documents\GitHub\Project_CSE432_MG\Project_CSE432-532\SER_Project\data\Audio_Speech_Actors_01-24\Actor_16\03-01-06-01-02-01-16.wav,3,1,speech,6,fearful,1,2,1,16,female
C:\Users\Grana\Documents\GitHub\Project_CSE432_MG\Project_CSE432-532\SER_Project\data\Audio_Speech_Actors_01-24\Actor_16\03-01-06-01-02-02-16.wav,3,1,speech,6,fearful,1,2,2,16,female
C:\Users\Grana\Documents\GitHub\Project_CSE432_MG\Project_CSE432-532\SER_Project\data\Audio_Speech_Actors_01-24\Actor_16\03-01-06-02-01-01-16.wav,3,1,speech,6,fearful,2,1,1,16,female
C:\Users\Grana\Documents\GitHub\Project_CSE432_MG\Project_CSE432-532\SER_Project\data\Audio_Speech_Actors_01-24\Actor_16\03-01-06-02-01-02-16.wav,3,1,speech,6,fearful,2,1,2,16,female
C:\Users\Grana\Documents\GitHub\Project_CSE432_MG\Project_CSE432-532\SER_Project\data\Audio_Speech_Actors_01-24\Actor_16\03-01-06-02-02-01-16.wav,3,1,speech,6,fearful,2,2,1,16,female
C:\Users\Grana\Documents\GitHub\Project_CSE432_MG\Project_CSE432-532\SER_Project\data\Audio_Speech_Actors_01-24\Actor_16\03-01-06-02-02-02-16.wav,3,1,speech,6,fearful,2,2,2,16,female
C:\Users\Grana\Documents\GitHub\Project_CSE432_MG\Project_CSE432-532\SER_Project\data\Audio_Speech_Actors_01-24\Actor_16\03-01-07-01-01-01-16.wav,3,1,speech,7,disgust,1,1,1,16,female
C:\Users\Grana\Documents\GitHub\Project_CSE432_MG\Project_CSE432-532\SER_Project\data\Audio_Speech_Actors_01-24\Actor_16\03-01-07-01-01-02-16.wav,3,1,speech,7,disgust,1,1,2,16,female
C:\Users\Grana\Documents\GitHub\Project_CSE432_MG\Project_CSE432-532\SER_Project\data\Audio_Speech_Actors_01-24\Actor_16\03-01-07-01-02-01-16.wav,3,1,speech,7,disgust,1,2,1,16,female
C:\Users\Grana\Documents\GitHub\Project_CSE432_MG\Project_CSE432-532\SER_Project\data\Audio_Speech_Actors_01-24\Actor_16\03-01-07-01-02-02-16.wav,3,1,speech,7,disgust,1,2,2,16,female
C:\Users\Grana\Documents\GitHub\Project_CSE432_MG\Project_CSE432-532\SER_Project\data\Audio_Speech_Actors_01-24\Actor_16\03-01-07-02-01-01-16.wav,3,1,speech,7,disgust,2,1,1,16,female
C:\Users\Grana\Documents\GitHub\Project_CSE432_MG\Project_CSE432-532\SER_Project\data\Audio_Speech_Actors_01-24\Actor_16\03-01-07-02-01-02-16.wav,3,1,speech,7,disgust,2,1,2,16,female
C:\Users\Grana\Documents\GitHub\Project_CSE432_MG\Project_CSE432-532\SER_Project\data\Audio_Speech_Actors_01-24\Actor_16\03-01-07-02-02-01-16.wav,3,1,speech,7,disgust,2,2,1,16,female
C:\Users\Grana\Documents\GitHub\Project_CSE432_MG\Project_CSE432-532\SER_Project\data\Audio_Speech_Actors_01-24\Actor_16\03-01-07-02-02-02-16.wav,3,1,speech,7,disgust,2,2,2,16,female
C:\Users\Grana\Documents\GitHub\Project_CSE432_MG\Project_CSE432-532\SER_Project\data\Audio_Speech_Actors_01-24\Actor_16\03-01-08-01-01-01-16.wav,3,1,speech,8,surprised,1,1,1,16,female
C:\Users\Grana\Documents\GitHub\Project_CSE432_MG\Project_CSE432-532\SER_Project\data\Audio_Speech_Actors_01-24\Actor_16\03-01-08-01-01-02-16.wav,3,1,speech,8,surprised,1,1,2,16,female
C:\Users\Grana\Documents\GitHub\Project_CSE432_MG\Project_CSE432-532\SER_Project\data\Audio_Speech_Actors_01-24\Actor_16\03-01-08-01-02-01-16.wav,3,1,speech,8,surprised,1,2,1,16,female
C:\Users\Grana\Documents\GitHub\Project_CSE432_MG\Project_CSE432-532\SER_Project\data\Audio_Speech_Actors_01-24\Actor_16\03-01-08-01-02-02-16.wav,3,1,speech,8,surprised,1,2,2,16,female
C:\Users\Grana\Documents\GitHub\Project_CSE432_MG\Project_CSE432-532\SER_Project\data\Audio_Speech_Actors_01-24\Actor_16\03-01-08-02-01-01-16.wav,3,1,speech,8,surprised,2,1,1,16,female
C:\Users\Grana\Documents\GitHub\Project_CSE432_MG\Project_CSE432-532\SER_Project\data\Audio_Speech_Actors_01-24\Actor_16\03-01-08-02-01-02-16.wav,3,1,speech,8,surprised,2,1,2,16,female
C:\Users\Grana\Documents\GitHub\Project_CSE432_MG\Project_CSE432-532\SER_Project\data\Audio_Speech_Actors_01-24\Actor_16\03-01-08-02-02-01-16.wav,3,1,speech,8,surprised,2,2,1,16,female
C:\Users\Grana\Documents\GitHub\Project_CSE432_MG\Project_CSE432-532\SER_Project\data\Audio_Speech_Actors_01-24\Actor_16\03-01-08-02-02-02-16.wav,3,1,speech,8,surprised,2,2,2,16,female
C:\Users\Grana\Documents\GitHub\Project_CSE432_MG\Project_CSE432-532\SER_Project\data\Audio_Speech_Actors_01-24\Actor_17\03-01-01-01-01-01-17.wav,3,1,speech,1,neutral,1,1,1,17,male
C:\Users\Grana\Documents\GitHub\Project_CSE432_MG\Project_CSE432-532\SER_Project\data\Audio_Speech_Actors_01-24\Actor_17\03-01-01-01-01-02-17.wav,3,1,speech,1,neutral,1,1,2,17,male
C:\Users\Grana\Documents\GitHub\Project_CSE432_MG\Project_CSE432-532\SER_Project\data\Audio_Speech_Actors_01-24\Actor_17\03-01-01-01-02-01-17.wav,3,1,speech,1,neutral,1,2,1,17,male
C:\Users\Grana\Documents\GitHub\Project_CSE432_MG\Project_CSE432-532\SER_Project\data\Audio_Speech_Actors_01-24\Actor_17\03-01-01-01-02-02-17.wav,3,1,speech,1,neutral,1,2,2,17,male
C:\Users\Grana\Documents\GitHub\Project_CSE432_MG\Project_CSE432-532\SER_Project\data\Audio_Speech_Actors_01-24\Actor_17\03-01-02-01-01-01-17.wav,3,1,speech,2,calm,1,1,1,17,male
C:\Users\Grana\Documents\GitHub\Project_CSE432_MG\Project_CSE432-532\SER_Project\data\Audio_Speech_Actors_01-24\Actor_17\03-01-02-01-01-02-17.wav,3,1,speech,2,calm,1,1,2,17,male
C:\Users\Grana\Documents\GitHub\Project_CSE432_MG\Project_CSE432-532\SER_Project\data\Audio_Speech_Actors_01-24\Actor_17\03-01-02-01-02-01-17.wav,3,1,speech,2,calm,1,2,1,17,male
C:\Users\Grana\Documents\GitHub\Project_CSE432_MG\Project_CSE432-532\SER_Project\data\Audio_Speech_Actors_01-24\Actor_17\03-01-02-01-02-02-17.wav,3,1,speech,2,calm,1,2,2,17,male
C:\Users\Grana\Documents\GitHub\Project_CSE432_MG\Project_CSE432-532\SER_Project\data\Audio_Speech_Actors_01-24\Actor_17\03-01-02-02-01-01-17.wav,3,1,speech,2,calm,2,1,1,17,male
C:\Users\Grana\Documents\GitHub\Project_CSE432_MG\Project_CSE432-532\SER_Project\data\Audio_Speech_Actors_01-24\Actor_17\03-01-02-02-01-02-17.wav,3,1,speech,2,calm,2,1,2,17,male
C:\Users\Grana\Documents\GitHub\Project_CSE432_MG\Project_CSE432-532\SER_Project\data\Audio_Speech_Actors_01-24\Actor_17\03-01-02-02-02-01-17.wav,3,1,speech,2,calm,2,2,1,17,male
C:\Users\Grana\Documents\GitHub\Project_CSE432_MG\Project_CSE432-532\SER_Project\data\Audio_Speech_Actors_01-24\Actor_17\03-01-02-02-02-02-17.wav,3,1,speech,2,calm,2,2,2,17,male
C:\Users\Grana\Documents\GitHub\Project_CSE432_MG\Project_CSE432-532\SER_Project\data\Audio_Speech_Actors_01-24\Actor_17\03-01-03-01-01-01-17.wav,3,1,speech,3,happy,1,1,1,17,male
C:\Users\Grana\Documents\GitHub\Project_CSE432_MG\Project_CSE432-532\SER_Project\data\Audio_Speech_Actors_01-24\Actor_17\03-01-03-01-01-02-17.wav,3,1,speech,3,happy,1,1,2,17,male
C:\Users\Grana\Documents\GitHub\Project_CSE432_MG\Project_CSE432-532\SER_Project\data\Audio_Speech_Actors_01-24\Actor_17\03-01-03-01-02-01-17.wav,3,1,speech,3,happy,1,2,1,17,male
C:\Users\Grana\Documents\GitHub\Project_CSE432_MG\Project_CSE432-532\SER_Project\data\Audio_Speech_Actors_01-24\Actor_17\03-01-03-01-02-02-17.wav,3,1,speech,3,happy,1,2,2,17,male
C:\Users\Grana\Documents\GitHub\Project_CSE432_MG\Project_CSE432-532\SER_Project\data\Audio_Speech_Actors_01-24\Actor_17\03-01-03-02-01-01-17.wav,3,1,speech,3,happy,2,1,1,17,male
C:\Users\Grana\Documents\GitHub\Project_CSE432_MG\Project_CSE432-532\SER_Project\data\Audio_Speech_Actors_01-24\Actor_17\03-01-03-02-01-02-17.wav,3,1,speech,3,happy,2,1,2,17,male
C:\Users\Grana\Documents\GitHub\Project_CSE432_MG\Project_CSE432-532\SER_Project\data\Audio_Speech_Actors_01-24\Actor_17\03-01-03-02-02-01-17.wav,3,1,speech,3,happy,2,2,1,17,male
C:\Users\Grana\Documents\GitHub\Project_CSE432_MG\Project_CSE432-532\SER_Project\data\Audio_Speech_Actors_01-24\Actor_17\03-01-03-02-02-02-17.wav,3,1,speech,3,happy,2,2,2,17,male
C:\Users\Grana\Documents\GitHub\Project_CSE432_MG\Project_CSE432-532\SER_Project\data\Audio_Speech_Actors_01-24\Actor_17\03-01-04-01-01-01-17.wav,3,1,speech,4,sad,1,1,1,17,male
C:\Users\Grana\Documents\GitHub\Project_CSE432_MG\Project_CSE432-532\SER_Project\data\Audio_Speech_Actors_01-24\Actor_17\03-01-04-01-01-02-17.wav,3,1,speech,4,sad,1,1,2,17,male
C:\Users\Grana\Documents\GitHub\Project_CSE432_MG\Project_CSE432-532\SER_Project\data\Audio_Speech_Actors_01-24\Actor_17\03-01-04-01-02-01-17.wav,3,1,speech,4,sad,1,2,1,17,male
C:\Users\Grana\Documents\GitHub\Project_CSE432_MG\Project_CSE432-532\SER_Project\data\Audio_Speech_Actors_01-24\Actor_17\03-01-04-01-02-02-17.wav,3,1,speech,4,sad,1,2,2,17,male
C:\Users\Grana\Documents\GitHub\Project_CSE432_MG\Project_CSE432-532\SER_Project\data\Audio_Speech_Actors_01-24\Actor_17\03-01-04-02-01-01-17.wav,3,1,speech,4,sad,2,1,1,17,male
C:\Users\Grana\Documents\GitHub\Project_CSE432_MG\Project_CSE432-532\SER_Project\data\Audio_Speech_Actors_01-24\Actor_17\03-01-04-02-01-02-17.wav,3,1,speech,4,sad,2,1,2,17,male
C:\Users\Grana\Documents\GitHub\Project_CSE432_MG\Project_CSE432-532\SER_Project\data\Audio_Speech_Actors_01-24\Actor_17\03-01-04-02-02-01-17.wav,3,1,speech,4,sad,2,2,1,17,male
C:\Users\Grana\Documents\GitHub\Project_CSE432_MG\Project_CSE432-532\SER_Project\data\Audio_Speech_Actors_01-24\Actor_17\03-01-04-02-02-02-17.wav,3,1,speech,4,sad,2,2,2,17,male
C:\Users\Grana\Documents\GitHub\Project_CSE432_MG\Project_CSE432-532\SER_Project\data\Audio_Speech_Actors_01-24\Actor_17\03-01-05-01-01-01-17.wav,3,1,speech,5,angry,1,1,1,17,male
C:\Users\Grana\Documents\GitHub\Project_CSE432_MG\Project_CSE432-532\SER_Project\data\Audio_Speech_Actors_01-24\Actor_17\03-01-05-01-01-02-17.wav,3,1,speech,5,angry,1,1,2,17,male
C:\Users\Grana\Documents\GitHub\Project_CSE432_MG\Project_CSE432-532\SER_Project\data\Audio_Speech_Actors_01-24\Actor_17\03-01-05-01-02-01-17.wav,3,1,speech,5,angry,1,2,1,17,male
C:\Users\Grana\Documents\GitHub\Project_CSE432_MG\Project_CSE432-532\SER_Project\data\Audio_Speech_Actors_01-24\Actor_17\03-01-05-01-02-02-17.wav,3,1,speech,5,angry,1,2,2,17,male
C:\Users\Grana\Documents\GitHub\Project_CSE432_MG\Project_CSE432-532\SER_Project\data\Audio_Speech_Actors_01-24\Actor_17\03-01-05-02-01-01-17.wav,3,1,speech,5,angry,2,1,1,17,male
C:\Users\Grana\Documents\GitHub\Project_CSE432_MG\Project_CSE432-532\SER_Project\data\Audio_Speech_Actors_01-24\Actor_17\03-01-05-02-01-02-17.wav,3,1,speech,5,angry,2,1,2,17,male
C:\Users\Grana\Documents\GitHub\Project_CSE432_MG\Project_CSE432-532\SER_Project\data\Audio_Speech_Actors_01-24\Actor_17\03-01-05-02-02-01-17.wav,3,1,speech,5,angry,2,2,1,17,male
C:\Users\Grana\Documents\GitHub\Project_CSE432_MG\Project_CSE432-532\SER_Project\data\Audio_Speech_Actors_01-24\Actor_17\03-01-05-02-02-02-17.wav,3,1,speech,5,angry,2,2,2,17,male
C:\Users\Grana\Documents\GitHub\Project_CSE432_MG\Project_CSE432-532\SER_Project\data\Audio_Speech_Actors_01-24\Actor_17\03-01-06-01-01-01-17.wav,3,1,speech,6,fearful,1,1,1,17,male
C:\Users\Grana\Documents\GitHub\Project_CSE432_MG\Project_CSE432-532\SER_Project\data\Audio_Speech_Actors_01-24\Actor_17\03-01-06-01-01-02-17.wav,3,1,speech,6,fearful,1,1,2,17,male
C:\Users\Grana\Documents\GitHub\Project_CSE432_MG\Project_CSE432-532\SER_Project\data\Audio_Speech_Actors_01-24\Actor_17\03-01-06-01-02-01-17.wav,3,1,speech,6,fearful,1,2,1,17,male
C:\Users\Grana\Documents\GitHub\Project_CSE432_MG\Project_CSE432-532\SER_Project\data\Audio_Speech_Actors_01-24\Actor_17\03-01-06-01-02-02-17.wav,3,1,speech,6,fearful,1,2,2,17,male
C:\Users\Grana\Documents\GitHub\Project_CSE432_MG\Project_CSE432-532\SER_Project\data\Audio_Speech_Actors_01-24\Actor_17\03-01-06-02-01-01-17.wav,3,1,speech,6,fearful,2,1,1,17,male
C:\Users\Grana\Documents\GitHub\Project_CSE432_MG\Project_CSE432-532\SER_Project\data\Audio_Speech_Actors_01-24\Actor_17\03-01-06-02-01-02-17.wav,3,1,speech,6,fearful,2,1,2,17,male
C:\Users\Grana\Documents\GitHub\Project_CSE432_MG\Project_CSE432-532\SER_Project\data\Audio_Speech_Actors_01-24\Actor_17\03-01-06-02-02-01-17.wav,3,1,speech,6,fearful,2,2,1,17,male
C:\Users\Grana\Documents\GitHub\Project_CSE432_MG\Project_CSE432-532\SER_Project\data\Audio_Speech_Actors_01-24\Actor_17\03-01-06-02-02-02-17.wav,3,1,speech,6,fearful,2,2,2,17,male
C:\Users\Grana\Documents\GitHub\Project_CSE432_MG\Project_CSE432-532\SER_Project\data\Audio_Speech_Actors_01-24\Actor_17\03-01-07-01-01-01-17.wav,3,1,speech,7,disgust,1,1,1,17,male
C:\Users\Grana\Documents\GitHub\Project_CSE432_MG\Project_CSE432-532\SER_Project\data\Audio_Speech_Actors_01-24\Actor_17\03-01-07-01-01-02-17.wav,3,1,speech,7,disgust,1,1,2,17,male
C:\Users\Grana\Documents\GitHub\Project_CSE432_MG\Project_CSE432-532\SER_Project\data\Audio_Speech_Actors_01-24\Actor_17\03-01-07-01-02-01-17.wav,3,1,speech,7,disgust,1,2,1,17,male
C:\Users\Grana\Documents\GitHub\Project_CSE432_MG\Project_CSE432-532\SER_Project\data\Audio_Speech_Actors_01-24\Actor_17\03-01-07-01-02-02-17.wav,3,1,speech,7,disgust,1,2,2,17,male
C:\Users\Grana\Documents\GitHub\Project_CSE432_MG\Project_CSE432-532\SER_Project\data\Audio_Speech_Actors_01-24\Actor_17\03-01-07-02-01-01-17.wav,3,1,speech,7,disgust,2,1,1,17,male
C:\Users\Grana\Documents\GitHub\Project_CSE432_MG\Project_CSE432-532\SER_Project\data\Audio_Speech_Actors_01-24\Actor_17\03-01-07-02-01-02-17.wav,3,1,speech,7,disgust,2,1,2,17,male
C:\Users\Grana\Documents\GitHub\Project_CSE432_MG\Project_CSE432-532\SER_Project\data\Audio_Speech_Actors_01-24\Actor_17\03-01-07-02-02-01-17.wav,3,1,speech,7,disgust,2,2,1,17,male
C:\Users\Grana\Documents\GitHub\Project_CSE432_MG\Project_CSE432-532\SER_Project\data\Audio_Speech_Actors_01-24\Actor_17\03-01-07-02-02-02-17.wav,3,1,speech,7,disgust,2,2,2,17,male
C:\Users\Grana\Documents\GitHub\Project_CSE432_MG\Project_CSE432-532\SER_Project\data\Audio_Speech_Actors_01-24\Actor_17\03-01-08-01-01-01-17.wav,3,1,speech,8,surprised,1,1,1,17,male
C:\Users\Grana\Documents\GitHub\Project_CSE432_MG\Project_CSE432-532\SER_Project\data\Audio_Speech_Actors_01-24\Actor_17\03-01-08-01-01-02-17.wav,3,1,speech,8,surprised,1,1,2,17,male
C:\Users\Grana\Documents\GitHub\Project_CSE432_MG\Project_CSE432-532\SER_Project\data\Audio_Speech_Actors_01-24\Actor_17\03-01-08-01-02-01-17.wav,3,1,speech,8,surprised,1,2,1,17,male
C:\Users\Grana\Documents\GitHub\Project_CSE432_MG\Project_CSE432-532\SER_Project\data\Audio_Speech_Actors_01-24\Actor_17\03-01-08-01-02-02-17.wav,3,1,speech,8,surprised,1,2,2,17,male
C:\Users\Grana\Documents\GitHub\Project_CSE432_MG\Project_CSE432-532\SER_Project\data\Audio_Speech_Actors_01-24\Actor_17\03-01-08-02-01-01-17.wav,3,1,speech,8,surprised,2,1,1,17,male
C:\Users\Grana\Documents\GitHub\Project_CSE432_MG\Project_CSE432-532\SER_Project\data\Audio_Speech_Actors_01-24\Actor_17\03-01-08-02-01-02-17.wav,3,1,speech,8,surprised,2,1,2,17,male
C:\Users\Grana\Documents\GitHub\Project_CSE432_MG\Project_CSE432-532\SER_Project\data\Audio_Speech_Actors_01-24\Actor_17\03-01-08-02-02-01-17.wav,3,1,speech,8,surprised,2,2,1,17,male
C:\Users\Grana\Documents\GitHub\Project_CSE432_MG\Project_CSE432-532\SER_Project\data\Audio_Speech_Actors_01-24\Actor_17\03-01-08-02-02-02-17.wav,3,1,speech,8,surprised,2,2,2,17,male
C:\Users\Grana\Documents\GitHub\Project_CSE432_MG\Project_CSE432-532\SER_Project\data\Audio_Speech_Actors_01-24\Actor_18\03-01-01-01-01-01-18.wav,3,1,speech,1,neutral,1,1,1,18,female
C:\Users\Grana\Documents\GitHub\Project_CSE432_MG\Project_CSE432-532\SER_Project\data\Audio_Speech_Actors_01-24\Actor_18\03-01-01-01-01-02-18.wav,3,1,speech,1,neutral,1,1,2,18,female
C:\Users\Grana\Documents\GitHub\Project_CSE432_MG\Project_CSE432-532\SER_Project\data\Audio_Speech_Actors_01-24\Actor_18\03-01-01-01-02-01-18.wav,3,1,speech,1,neutral,1,2,1,18,female
C:\Users\Grana\Documents\GitHub\Project_CSE432_MG\Project_CSE432-532\SER_Project\data\Audio_Speech_Actors_01-24\Actor_18\03-01-01-01-02-02-18.wav,3,1,speech,1,neutral,1,2,2,18,female
C:\Users\Grana\Documents\GitHub\Project_CSE432_MG\Project_CSE432-532\SER_Project\data\Audio_Speech_Actors_01-24\Actor_18\03-01-02-01-01-01-18.wav,3,1,speech,2,calm,1,1,1,18,female
C:\Users\Grana\Documents\GitHub\Project_CSE432_MG\Project_CSE432-532\SER_Project\data\Audio_Speech_Actors_01-24\Actor_18\03-01-02-01-01-02-18.wav,3,1,speech,2,calm,1,1,2,18,female
C:\Users\Grana\Documents\GitHub\Project_CSE432_MG\Project_CSE432-532\SER_Project\data\Audio_Speech_Actors_01-24\Actor_18\03-01-02-01-02-01-18.wav,3,1,speech,2,calm,1,2,1,18,female
C:\Users\Grana\Documents\GitHub\Project_CSE432_MG\Project_CSE432-532\SER_Project\data\Audio_Speech_Actors_01-24\Actor_18\03-01-02-01-02-02-18.wav,3,1,speech,2,calm,1,2,2,18,female
C:\Users\Grana\Documents\GitHub\Project_CSE432_MG\Project_CSE432-532\SER_Project\data\Audio_Speech_Actors_01-24\Actor_18\03-01-02-02-01-01-18.wav,3,1,speech,2,calm,2,1,1,18,female
C:\Users\Grana\Documents\GitHub\Project_CSE432_MG\Project_CSE432-532\SER_Project\data\Audio_Speech_Actors_01-24\Actor_18\03-01-02-02-01-02-18.wav,3,1,speech,2,calm,2,1,2,18,female
C:\Users\Grana\Documents\GitHub\Project_CSE432_MG\Project_CSE432-532\SER_Project\data\Audio_Speech_Actors_01-24\Actor_18\03-01-02-02-02-01-18.wav,3,1,speech,2,calm,2,2,1,18,female
C:\Users\Grana\Documents\GitHub\Project_CSE432_MG\Project_CSE432-532\SER_Project\data\Audio_Speech_Actors_01-24\Actor_18\03-01-02-02-02-02-18.wav,3,1,speech,2,calm,2,2,2,18,female
C:\Users\Grana\Documents\GitHub\Project_CSE432_MG\Project_CSE432-532\SER_Project\data\Audio_Speech_Actors_01-24\Actor_18\03-01-03-01-01-01-18.wav,3,1,speech,3,happy,1,1,1,18,female
C:\Users\Grana\Documents\GitHub\Project_CSE432_MG\Project_CSE432-532\SER_Project\data\Audio_Speech_Actors_01-24\Actor_18\03-01-03-01-01-02-18.wav,3,1,speech,3,happy,1,1,2,18,female
C:\Users\Grana\Documents\GitHub\Project_CSE432_MG\Project_CSE432-532\SER_Project\data\Audio_Speech_Actors_01-24\Actor_18\03-01-03-01-02-01-18.wav,3,1,speech,3,happy,1,2,1,18,female
C:\Users\Grana\Documents\GitHub\Project_CSE432_MG\Project_CSE432-532\SER_Project\data\Audio_Speech_Actors_01-24\Actor_18\03-01-03-01-02-02-18.wav,3,1,speech,3,happy,1,2,2,18,female
C:\Users\Grana\Documents\GitHub\Project_CSE432_MG\Project_CSE432-532\SER_Project\data\Audio_Speech_Actors_01-24\Actor_18\03-01-03-02-01-01-18.wav,3,1,speech,3,happy,2,1,1,18,female
C:\Users\Grana\Documents\GitHub\Project_CSE432_MG\Project_CSE432-532\SER_Project\data\Audio_Speech_Actors_01-24\Actor_18\03-01-03-02-01-02-18.wav,3,1,speech,3,happy,2,1,2,18,female
C:\Users\Grana\Documents\GitHub\Project_CSE432_MG\Project_CSE432-532\SER_Project\data\Audio_Speech_Actors_01-24\Actor_18\03-01-03-02-02-01-18.wav,3,1,speech,3,happy,2,2,1,18,female
C:\Users\Grana\Documents\GitHub\Project_CSE432_MG\Project_CSE432-532\SER_Project\data\Audio_Speech_Actors_01-24\Actor_18\03-01-03-02-02-02-18.wav,3,1,speech,3,happy,2,2,2,18,female
C:\Users\Grana\Documents\GitHub\Project_CSE432_MG\Project_CSE432-532\SER_Project\data\Audio_Speech_Actors_01-24\Actor_18\03-01-04-01-01-01-18.wav,3,1,speech,4,sad,1,1,1,18,female
C:\Users\Grana\Documents\GitHub\Project_CSE432_MG\Project_CSE432-532\SER_Project\data\Audio_Speech_Actors_01-24\Actor_18\03-01-04-01-01-02-18.wav,3,1,speech,4,sad,1,1,2,18,female
C:\Users\Grana\Documents\GitHub\Project_CSE432_MG\Project_CSE432-532\SER_Project\data\Audio_Speech_Actors_01-24\Actor_18\03-01-04-01-02-01-18.wav,3,1,speech,4,sad,1,2,1,18,female
C:\Users\Grana\Documents\GitHub\Project_CSE432_MG\Project_CSE432-532\SER_Project\data\Audio_Speech_Actors_01-24\Actor_18\03-01-04-01-02-02-18.wav,3,1,speech,4,sad,1,2,2,18,female
C:\Users\Grana\Documents\GitHub\Project_CSE432_MG\Project_CSE432-532\SER_Project\data\Audio_Speech_Actors_01-24\Actor_18\03-01-04-02-01-01-18.wav,3,1,speech,4,sad,2,1,1,18,female
C:\Users\Grana\Documents\GitHub\Project_CSE432_MG\Project_CSE432-532\SER_Project\data\Audio_Speech_Actors_01-24\Actor_18\03-01-04-02-01-02-18.wav,3,1,speech,4,sad,2,1,2,18,female
C:\Users\Grana\Documents\GitHub\Project_CSE432_MG\Project_CSE432-532\SER_Project\data\Audio_Speech_Actors_01-24\Actor_18\03-01-04-02-02-01-18.wav,3,1,speech,4,sad,2,2,1,18,female
C:\Users\Grana\Documents\GitHub\Project_CSE432_MG\Project_CSE432-532\SER_Project\data\Audio_Speech_Actors_01-24\Actor_18\03-01-04-02-02-02-18.wav,3,1,speech,4,sad,2,2,2,18,female
C:\Users\Grana\Documents\GitHub\Project_CSE432_MG\Project_CSE432-532\SER_Project\data\Audio_Speech_Actors_01-24\Actor_18\03-01-05-01-01-01-18.wav,3,1,speech,5,angry,1,1,1,18,female
C:\Users\Grana\Documents\GitHub\Project_CSE432_MG\Project_CSE432-532\SER_Project\data\Audio_Speech_Actors_01-24\Actor_18\03-01-05-01-01-02-18.wav,3,1,speech,5,angry,1,1,2,18,female
C:\Users\Grana\Documents\GitHub\Project_CSE432_MG\Project_CSE432-532\SER_Project\data\Audio_Speech_Actors_01-24\Actor_18\03-01-05-01-02-01-18.wav,3,1,speech,5,angry,1,2,1,18,female
C:\Users\Grana\Documents\GitHub\Project_CSE432_MG\Project_CSE432-532\SER_Project\data\Audio_Speech_Actors_01-24\Actor_18\03-01-05-01-02-02-18.wav,3,1,speech,5,angry,1,2,2,18,female
C:\Users\Grana\Documents\GitHub\Project_CSE432_MG\Project_CSE432-532\SER_Project\data\Audio_Speech_Actors_01-24\Actor_18\03-01-05-02-01-01-18.wav,3,1,speech,5,angry,2,1,1,18,female
C:\Users\Grana\Documents\GitHub\Project_CSE432_MG\Project_CSE432-532\SER_Project\data\Audio_Speech_Actors_01-24\Actor_18\03-01-05-02-01-02-18.wav,3,1,speech,5,angry,2,1,2,18,female
C:\Users\Grana\Documents\GitHub\Project_CSE432_MG\Project_CSE432-532\SER_Project\data\Audio_Speech_Actors_01-24\Actor_18\03-01-05-02-02-01-18.wav,3,1,speech,5,angry,2,2,1,18,female
C:\Users\Grana\Documents\GitHub\Project_CSE432_MG\Project_CSE432-532\SER_Project\data\Audio_Speech_Actors_01-24\Actor_18\03-01-05-02-02-02-18.wav,3,1,speech,5,angry,2,2,2,18,female
C:\Users\Grana\Documents\GitHub\Project_CSE432_MG\Project_CSE432-532\SER_Project\data\Audio_Speech_Actors_01-24\Actor_18\03-01-06-01-01-01-18.wav,3,1,speech,6,fearful,1,1,1,18,female
C:\Users\Grana\Documents\GitHub\Project_CSE432_MG\Project_CSE432-532\SER_Project\data\Audio_Speech_Actors_01-24\Actor_18\03-01-06-01-01-02-18.wav,3,1,speech,6,fearful,1,1,2,18,female
C:\Users\Grana\Documents\GitHub\Project_CSE432_MG\Project_CSE432-532\SER_Project\data\Audio_Speech_Actors_01-24\Actor_18\03-01-06-01-02-01-18.wav,3,1,speech,6,fearful,1,2,1,18,female
C:\Users\Grana\Documents\GitHub\Project_CSE432_MG\Project_CSE432-532\SER_Project\data\Audio_Speech_Actors_01-24\Actor_18\03-01-06-01-02-02-18.wav,3,1,speech,6,fearful,1,2,2,18,female
C:\Users\Grana\Documents\GitHub\Project_CSE432_MG\Project_CSE432-532\SER_Project\data\Audio_Speech_Actors_01-24\Actor_18\03-01-06-02-01-01-18.wav,3,1,speech,6,fearful,2,1,1,18,female
C:\Users\Grana\Documents\GitHub\Project_CSE432_MG\Project_CSE432-532\SER_Project\data\Audio_Speech_Actors_01-24\Actor_18\03-01-06-02-01-02-18.wav,3,1,speech,6,fearful,2,1,2,18,female
C:\Users\Grana\Documents\GitHub\Project_CSE432_MG\Project_CSE432-532\SER_Project\data\Audio_Speech_Actors_01-24\Actor_18\03-01-06-02-02-01-18.wav,3,1,speech,6,fearful,2,2,1,18,female
C:\Users\Grana\Documents\GitHub\Project_CSE432_MG\Project_CSE432-532\SER_Project\data\Audio_Speech_Actors_01-24\Actor_18\03-01-06-02-02-02-18.wav,3,1,speech,6,fearful,2,2,2,18,female
C:\Users\Grana\Documents\GitHub\Project_CSE432_MG\Project_CSE432-532\SER_Project\data\Audio_Speech_Actors_01-24\Actor_18\03-01-07-01-01-01-18.wav,3,1,speech,7,disgust,1,1,1,18,female
C:\Users\Grana\Documents\GitHub\Project_CSE432_MG\Project_CSE432-532\SER_Project\data\Audio_Speech_Actors_01-24\Actor_18\03-01-07-01-01-02-18.wav,3,1,speech,7,disgust,1,1,2,18,female
C:\Users\Grana\Documents\GitHub\Project_CSE432_MG\Project_CSE432-532\SER_Project\data\Audio_Speech_Actors_01-24\Actor_18\03-01-07-01-02-01-18.wav,3,1,speech,7,disgust,1,2,1,18,female
C:\Users\Grana\Documents\GitHub\Project_CSE432_MG\Project_CSE432-532\SER_Project\data\Audio_Speech_Actors_01-24\Actor_18\03-01-07-01-02-02-18.wav,3,1,speech,7,disgust,1,2,2,18,female
C:\Users\Grana\Documents\GitHub\Project_CSE432_MG\Project_CSE432-532\SER_Project\data\Audio_Speech_Actors_01-24\Actor_18\03-01-07-02-01-01-18.wav,3,1,speech,7,disgust,2,1,1,18,female
C:\Users\Grana\Documents\GitHub\Project_CSE432_MG\Project_CSE432-532\SER_Project\data\Audio_Speech_Actors_01-24\Actor_18\03-01-07-02-01-02-18.wav,3,1,speech,7,disgust,2,1,2,18,female
C:\Users\Grana\Documents\GitHub\Project_CSE432_MG\Project_CSE432-532\SER_Project\data\Audio_Speech_Actors_01-24\Actor_18\03-01-07-02-02-01-18.wav,3,1,speech,7,disgust,2,2,1,18,female
C:\Users\Grana\Documents\GitHub\Project_CSE432_MG\Project_CSE432-532\SER_Project\data\Audio_Speech_Actors_01-24\Actor_18\03-01-07-02-02-02-18.wav,3,1,speech,7,disgust,2,2,2,18,female
C:\Users\Grana\Documents\GitHub\Project_CSE432_MG\Project_CSE432-532\SER_Project\data\Audio_Speech_Actors_01-24\Actor_18\03-01-08-01-01-01-18.wav,3,1,speech,8,surprised,1,1,1,18,female
C:\Users\Grana\Documents\GitHub\Project_CSE432_MG\Project_CSE432-532\SER_Project\data\Audio_Speech_Actors_01-24\Actor_18\03-01-08-01-01-02-18.wav,3,1,speech,8,surprised,1,1,2,18,female
C:\Users\Grana\Documents\GitHub\Project_CSE432_MG\Project_CSE432-532\SER_Project\data\Audio_Speech_Actors_01-24\Actor_18\03-01-08-01-02-01-18.wav,3,1,speech,8,surprised,1,2,1,18,female
C:\Users\Grana\Documents\GitHub\Project_CSE432_MG\Project_CSE432-532\SER_Project\data\Audio_Speech_Actors_01-24\Actor_18\03-01-08-01-02-02-18.wav,3,1,speech,8,surprised,1,2,2,18,female
C:\Users\Grana\Documents\GitHub\Project_CSE432_MG\Project_CSE432-532\SER_Project\data\Audio_Speech_Actors_01-24\Actor_18\03-01-08-02-01-01-18.wav,3,1,speech,8,surprised,2,1,1,18,female
C:\Users\Grana\Documents\GitHub\Project_CSE432_MG\Project_CSE432-532\SER_Project\data\Audio_Speech_Actors_01-24\Actor_18\03-01-08-02-01-02-18.wav,3,1,speech,8,surprised,2,1,2,18,female
C:\Users\Grana\Documents\GitHub\Project_CSE432_MG\Project_CSE432-532\SER_Project\data\Audio_Speech_Actors_01-24\Actor_18\03-01-08-02-02-01-18.wav,3,1,speech,8,surprised,2,2,1,18,female
C:\Users\Grana\Documents\GitHub\Project_CSE432_MG\Project_CSE432-532\SER_Project\data\Audio_Speech_Actors_01-24\Actor_18\03-01-08-02-02-02-18.wav,3,1,speech,8,surprised,2,2,2,18,female
C:\Users\Grana\Documents\GitHub\Project_CSE432_MG\Project_CSE432-532\SER_Project\data\Audio_Speech_Actors_01-24\Actor_19\03-01-01-01-01-01-19.wav,3,1,speech,1,neutral,1,1,1,19,male
C:\Users\Grana\Documents\GitHub\Project_CSE432_MG\Project_CSE432-532\SER_Project\data\Audio_Speech_Actors_01-24\Actor_19\03-01-01-01-01-02-19.wav,3,1,speech,1,neutral,1,1,2,19,male
C:\Users\Grana\Documents\GitHub\Project_CSE432_MG\Project_CSE432-532\SER_Project\data\Audio_Speech_Actors_01-24\Actor_19\03-01-01-01-02-01-19.wav,3,1,speech,1,neutral,1,2,1,19,male
C:\Users\Grana\Documents\GitHub\Project_CSE432_MG\Project_CSE432-532\SER_Project\data\Audio_Speech_Actors_01-24\Actor_19\03-01-01-01-02-02-19.wav,3,1,speech,1,neutral,1,2,2,19,male
C:\Users\Grana\Documents\GitHub\Project_CSE432_MG\Project_CSE432-532\SER_Project\data\Audio_Speech_Actors_01-24\Actor_19\03-01-02-01-01-01-19.wav,3,1,speech,2,calm,1,1,1,19,male
C:\Users\Grana\Documents\GitHub\Project_CSE432_MG\Project_CSE432-532\SER_Project\data\Audio_Speech_Actors_01-24\Actor_19\03-01-02-01-01-02-19.wav,3,1,speech,2,calm,1,1,2,19,male
C:\Users\Grana\Documents\GitHub\Project_CSE432_MG\Project_CSE432-532\SER_Project\data\Audio_Speech_Actors_01-24\Actor_19\03-01-02-01-02-01-19.wav,3,1,speech,2,calm,1,2,1,19,male
C:\Users\Grana\Documents\GitHub\Project_CSE432_MG\Project_CSE432-532\SER_Project\data\Audio_Speech_Actors_01-24\Actor_19\03-01-02-01-02-02-19.wav,3,1,speech,2,calm,1,2,2,19,male
C:\Users\Grana\Documents\GitHub\Project_CSE432_MG\Project_CSE432-532\SER_Project\data\Audio_Speech_Actors_01-24\Actor_19\03-01-02-02-01-01-19.wav,3,1,speech,2,calm,2,1,1,19,male
C:\Users\Grana\Documents\GitHub\Project_CSE432_MG\Project_CSE432-532\SER_Project\data\Audio_Speech_Actors_01-24\Actor_19\03-01-02-02-01-02-19.wav,3,1,speech,2,calm,2,1,2,19,male
C:\Users\Grana\Documents\GitHub\Project_CSE432_MG\Project_CSE432-532\SER_Project\data\Audio_Speech_Actors_01-24\Actor_19\03-01-02-02-02-01-19.wav,3,1,speech,2,calm,2,2,1,19,male
C:\Users\Grana\Documents\GitHub\Project_CSE432_MG\Project_CSE432-532\SER_Project\data\Audio_Speech_Actors_01-24\Actor_19\03-01-02-02-02-02-19.wav,3,1,speech,2,calm,2,2,2,19,male
C:\Users\Grana\Documents\GitHub\Project_CSE432_MG\Project_CSE432-532\SER_Project\data\Audio_Speech_Actors_01-24\Actor_19\03-01-03-01-01-01-19.wav,3,1,speech,3,happy,1,1,1,19,male
C:\Users\Grana\Documents\GitHub\Project_CSE432_MG\Project_CSE432-532\SER_Project\data\Audio_Speech_Actors_01-24\Actor_19\03-01-03-01-01-02-19.wav,3,1,speech,3,happy,1,1,2,19,male
C:\Users\Grana\Documents\GitHub\Project_CSE432_MG\Project_CSE432-532\SER_Project\data\Audio_Speech_Actors_01-24\Actor_19\03-01-03-01-02-01-19.wav,3,1,speech,3,happy,1,2,1,19,male
C:\Users\Grana\Documents\GitHub\Project_CSE432_MG\Project_CSE432-532\SER_Project\data\Audio_Speech_Actors_01-24\Actor_19\03-01-03-01-02-02-19.wav,3,1,speech,3,happy,1,2,2,19,male
C:\Users\Grana\Documents\GitHub\Project_CSE432_MG\Project_CSE432-532\SER_Project\data\Audio_Speech_Actors_01-24\Actor_19\03-01-03-02-01-01-19.wav,3,1,speech,3,happy,2,1,1,19,male
C:\Users\Grana\Documents\GitHub\Project_CSE432_MG\Project_CSE432-532\SER_Project\data\Audio_Speech_Actors_01-24\Actor_19\03-01-03-02-01-02-19.wav,3,1,speech,3,happy,2,1,2,19,male
C:\Users\Grana\Documents\GitHub\Project_CSE432_MG\Project_CSE432-532\SER_Project\data\Audio_Speech_Actors_01-24\Actor_19\03-01-03-02-02-01-19.wav,3,1,speech,3,happy,2,2,1,19,male
C:\Users\Grana\Documents\GitHub\Project_CSE432_MG\Project_CSE432-532\SER_Project\data\Audio_Speech_Actors_01-24\Actor_19\03-01-03-02-02-02-19.wav,3,1,speech,3,happy,2,2,2,19,male
C:\Users\Grana\Documents\GitHub\Project_CSE432_MG\Project_CSE432-532\SER_Project\data\Audio_Speech_Actors_01-24\Actor_19\03-01-04-01-01-01-19.wav,3,1,speech,4,sad,1,1,1,19,male
C:\Users\Grana\Documents\GitHub\Project_CSE432_MG\Project_CSE432-532\SER_Project\data\Audio_Speech_Actors_01-24\Actor_19\03-01-04-01-01-02-19.wav,3,1,speech,4,sad,1,1,2,19,male
C:\Users\Grana\Documents\GitHub\Project_CSE432_MG\Project_CSE432-532\SER_Project\data\Audio_Speech_Actors_01-24\Actor_19\03-01-04-01-02-01-19.wav,3,1,speech,4,sad,1,2,1,19,male
C:\Users\Grana\Documents\GitHub\Project_CSE432_MG\Project_CSE432-532\SER_Project\data\Audio_Speech_Actors_01-24\Actor_19\03-01-04-01-02-02-19.wav,3,1,speech,4,sad,1,2,2,19,male
C:\Users\Grana\Documents\GitHub\Project_CSE432_MG\Project_CSE432-532\SER_Project\data\Audio_Speech_Actors_01-24\Actor_19\03-01-04-02-01-01-19.wav,3,1,speech,4,sad,2,1,1,19,male
C:\Users\Grana\Documents\GitHub\Project_CSE432_MG\Project_CSE432-532\SER_Project\data\Audio_Speech_Actors_01-24\Actor_19\03-01-04-02-01-02-19.wav,3,1,speech,4,sad,2,1,2,19,male
C:\Users\Grana\Documents\GitHub\Project_CSE432_MG\Project_CSE432-532\SER_Project\data\Audio_Speech_Actors_01-24\Actor_19\03-01-04-02-02-01-19.wav,3,1,speech,4,sad,2,2,1,19,male
C:\Users\Grana\Documents\GitHub\Project_CSE432_MG\Project_CSE432-532\SER_Project\data\Audio_Speech_Actors_01-24\Actor_19\03-01-04-02-02-02-19.wav,3,1,speech,4,sad,2,2,2,19,male
C:\Users\Grana\Documents\GitHub\Project_CSE432_MG\Project_CSE432-532\SER_Project\data\Audio_Speech_Actors_01-24\Actor_19\03-01-05-01-01-01-19.wav,3,1,speech,5,angry,1,1,1,19,male
C:\Users\Grana\Documents\GitHub\Project_CSE432_MG\Project_CSE432-532\SER_Project\data\Audio_Speech_Actors_01-24\Actor_19\03-01-05-01-01-02-19.wav,3,1,speech,5,angry,1,1,2,19,male
C:\Users\Grana\Documents\GitHub\Project_CSE432_MG\Project_CSE432-532\SER_Project\data\Audio_Speech_Actors_01-24\Actor_19\03-01-05-01-02-01-19.wav,3,1,speech,5,angry,1,2,1,19,male
C:\Users\Grana\Documents\GitHub\Project_CSE432_MG\Project_CSE432-532\SER_Project\data\Audio_Speech_Actors_01-24\Actor_19\03-01-05-01-02-02-19.wav,3,1,speech,5,angry,1,2,2,19,male
C:\Users\Grana\Documents\GitHub\Project_CSE432_MG\Project_CSE432-532\SER_Project\data\Audio_Speech_Actors_01-24\Actor_19\03-01-05-02-01-01-19.wav,3,1,speech,5,angry,2,1,1,19,male
C:\Users\Grana\Documents\GitHub\Project_CSE432_MG\Project_CSE432-532\SER_Project\data\Audio_Speech_Actors_01-24\Actor_19\03-01-05-02-01-02-19.wav,3,1,speech,5,angry,2,1,2,19,male
C:\Users\Grana\Documents\GitHub\Project_CSE432_MG\Project_CSE432-532\SER_Project\data\Audio_Speech_Actors_01-24\Actor_19\03-01-05-02-02-01-19.wav,3,1,speech,5,angry,2,2,1,19,male
C:\Users\Grana\Documents\GitHub\Project_CSE432_MG\Project_CSE432-532\SER_Project\data\Audio_Speech_Actors_01-24\Actor_19\03-01-05-02-02-02-19.wav,3,1,speech,5,angry,2,2,2,19,male
C:\Users\Grana\Documents\GitHub\Project_CSE432_MG\Project_CSE432-532\SER_Project\data\Audio_Speech_Actors_01-24\Actor_19\03-01-06-01-01-01-19.wav,3,1,speech,6,fearful,1,1,1,19,male
C:\Users\Grana\Documents\GitHub\Project_CSE432_MG\Project_CSE432-532\SER_Project\data\Audio_Speech_Actors_01-24\Actor_19\03-01-06-01-01-02-19.wav,3,1,speech,6,fearful,1,1,2,19,male
C:\Users\Grana\Documents\GitHub\Project_CSE432_MG\Project_CSE432-532\SER_Project\data\Audio_Speech_Actors_01-24\Actor_19\03-01-06-01-02-01-19.wav,3,1,speech,6,fearful,1,2,1,19,male
C:\Users\Grana\Documents\GitHub\Project_CSE432_MG\Project_CSE432-532\SER_Project\data\Audio_Speech_Actors_01-24\Actor_19\03-01-06-01-02-02-19.wav,3,1,speech,6,fearful,1,2,2,19,male
C:\Users\Grana\Documents\GitHub\Project_CSE432_MG\Project_CSE432-532\SER_Project\data\Audio_Speech_Actors_01-24\Actor_19\03-01-06-02-01-01-19.wav,3,1,speech,6,fearful,2,1,1,19,male
C:\Users\Grana\Documents\GitHub\Project_CSE432_MG\Project_CSE432-532\SER_Project\data\Audio_Speech_Actors_01-24\Actor_19\03-01-06-02-01-02-19.wav,3,1,speech,6,fearful,2,1,2,19,male
C:\Users\Grana\Documents\GitHub\Project_CSE432_MG\Project_CSE432-532\SER_Project\data\Audio_Speech_Actors_01-24\Actor_19\03-01-06-02-02-01-19.wav,3,1,speech,6,fearful,2,2,1,19,male
C:\Users\Grana\Documents\GitHub\Project_CSE432_MG\Project_CSE432-532\SER_Project\data\Audio_Speech_Actors_01-24\Actor_19\03-01-06-02-02-02-19.wav,3,1,speech,6,fearful,2,2,2,19,male
C:\Users\Grana\Documents\GitHub\Project_CSE432_MG\Project_CSE432-532\SER_Project\data\Audio_Speech_Actors_01-24\Actor_19\03-01-07-01-01-01-19.wav,3,1,speech,7,disgust,1,1,1,19,male
C:\Users\Grana\Documents\GitHub\Project_CSE432_MG\Project_CSE432-532\SER_Project\data\Audio_Speech_Actors_01-24\Actor_19\03-01-07-01-01-02-19.wav,3,1,speech,7,disgust,1,1,2,19,male
C:\Users\Grana\Documents\GitHub\Project_CSE432_MG\Project_CSE432-532\SER_Project\data\Audio_Speech_Actors_01-24\Actor_19\03-01-07-01-02-01-19.wav,3,1,speech,7,disgust,1,2,1,19,male
C:\Users\Grana\Documents\GitHub\Project_CSE432_MG\Project_CSE432-532\SER_Project\data\Audio_Speech_Actors_01-24\Actor_19\03-01-07-01-02-02-19.wav,3,1,speech,7,disgust,1,2,2,19,male
C:\Users\Grana\Documents\GitHub\Project_CSE432_MG\Project_CSE432-532\SER_Project\data\Audio_Speech_Actors_01-24\Actor_19\03-01-07-02-01-01-19.wav,3,1,speech,7,disgust,2,1,1,19,male
C:\Users\Grana\Documents\GitHub\Project_CSE432_MG\Project_CSE432-532\SER_Project\data\Audio_Speech_Actors_01-24\Actor_19\03-01-07-02-01-02-19.wav,3,1,speech,7,disgust,2,1,2,19,male
C:\Users\Grana\Documents\GitHub\Project_CSE432_MG\Project_CSE432-532\SER_Project\data\Audio_Speech_Actors_01-24\Actor_19\03-01-07-02-02-01-19.wav,3,1,speech,7,disgust,2,2,1,19,male
C:\Users\Grana\Documents\GitHub\Project_CSE432_MG\Project_CSE432-532\SER_Project\data\Audio_Speech_Actors_01-24\Actor_19\03-01-07-02-02-02-19.wav,3,1,speech,7,disgust,2,2,2,19,male
C:\Users\Grana\Documents\GitHub\Project_CSE432_MG\Project_CSE432-532\SER_Project\data\Audio_Speech_Actors_01-24\Actor_19\03-01-08-01-01-01-19.wav,3,1,speech,8,surprised,1,1,1,19,male
C:\Users\Grana\Documents\GitHub\Project_CSE432_MG\Project_CSE432-532\SER_Project\data\Audio_Speech_Actors_01-24\Actor_19\03-01-08-01-01-02-19.wav,3,1,speech,8,surprised,1,1,2,19,male
C:\Users\Grana\Documents\GitHub\Project_CSE432_MG\Project_CSE432-532\SER_Project\data\Audio_Speech_Actors_01-24\Actor_19\03-01-08-01-02-01-19.wav,3,1,speech,8,surprised,1,2,1,19,male
C:\Users\Grana\Documents\GitHub\Project_CSE432_MG\Project_CSE432-532\SER_Project\data\Audio_Speech_Actors_01-24\Actor_19\03-01-08-01-02-02-19.wav,3,1,speech,8,surprised,1,2,2,19,male
C:\Users\Grana\Documents\GitHub\Project_CSE432_MG\Project_CSE432-532\SER_Project\data\Audio_Speech_Actors_01-24\Actor_19\03-01-08-02-01-01-19.wav,3,1,speech,8,surprised,2,1,1,19,male
C:\Users\Grana\Documents\GitHub\Project_CSE432_MG\Project_CSE432-532\SER_Project\data\Audio_Speech_Actors_01-24\Actor_19\03-01-08-02-01-02-19.wav,3,1,speech,8,surprised,2,1,2,19,male
C:\Users\Grana\Documents\GitHub\Project_CSE432_MG\Project_CSE432-532\SER_Project\data\Audio_Speech_Actors_01-24\Actor_19\03-01-08-02-02-01-19.wav,3,1,speech,8,surprised,2,2,1,19,male
C:\Users\Grana\Documents\GitHub\Project_CSE432_MG\Project_CSE432-532\SER_Project\data\Audio_Speech_Actors_01-24\Actor_19\03-01-08-02-02-02-19.wav,3,1,speech,8,surprised,2,2,2,19,male
C:\Users\Grana\Documents\GitHub\Project_CSE432_MG\Project_CSE432-532\SER_Project\data\Audio_Speech_Actors_01-24\Actor_20\03-01-01-01-01-01-20.wav,3,1,speech,1,neutral,1,1,1,20,female
C:\Users\Grana\Documents\GitHub\Project_CSE432_MG\Project_CSE432-532\SER_Project\data\Audio_Speech_Actors_01-24\Actor_20\03-01-01-01-01-02-20.wav,3,1,speech,1,neutral,1,1,2,20,female
C:\Users\Grana\Documents\GitHub\Project_CSE432_MG\Project_CSE432-532\SER_Project\data\Audio_Speech_Actors_01-24\Actor_20\03-01-01-01-02-01-20.wav,3,1,speech,1,neutral,1,2,1,20,female
C:\Users\Grana\Documents\GitHub\Project_CSE432_MG\Project_CSE432-532\SER_Project\data\Audio_Speech_Actors_01-24\Actor_20\03-01-01-01-02-02-20.wav,3,1,speech,1,neutral,1,2,2,20,female
C:\Users\Grana\Documents\GitHub\Project_CSE432_MG\Project_CSE432-532\SER_Project\data\Audio_Speech_Actors_01-24\Actor_20\03-01-02-01-01-01-20.wav,3,1,speech,2,calm,1,1,1,20,female
C:\Users\Grana\Documents\GitHub\Project_CSE432_MG\Project_CSE432-532\SER_Project\data\Audio_Speech_Actors_01-24\Actor_20\03-01-02-01-01-02-20.wav,3,1,speech,2,calm,1,1,2,20,female
C:\Users\Grana\Documents\GitHub\Project_CSE432_MG\Project_CSE432-532\SER_Project\data\Audio_Speech_Actors_01-24\Actor_20\03-01-02-01-02-01-20.wav,3,1,speech,2,calm,1,2,1,20,female
C:\Users\Grana\Documents\GitHub\Project_CSE432_MG\Project_CSE432-532\SER_Project\data\Audio_Speech_Actors_01-24\Actor_20\03-01-02-01-02-02-20.wav,3,1,speech,2,calm,1,2,2,20,female
C:\Users\Grana\Documents\GitHub\Project_CSE432_MG\Project_CSE432-532\SER_Project\data\Audio_Speech_Actors_01-24\Actor_20\03-01-02-02-01-01-20.wav,3,1,speech,2,calm,2,1,1,20,female
C:\Users\Grana\Documents\GitHub\Project_CSE432_MG\Project_CSE432-532\SER_Project\data\Audio_Speech_Actors_01-24\Actor_20\03-01-02-02-01-02-20.wav,3,1,speech,2,calm,2,1,2,20,female
C:\Users\Grana\Documents\GitHub\Project_CSE432_MG\Project_CSE432-532\SER_Project\data\Audio_Speech_Actors_01-24\Actor_20\03-01-02-02-02-01-20.wav,3,1,speech,2,calm,2,2,1,20,female
C:\Users\Grana\Documents\GitHub\Project_CSE432_MG\Project_CSE432-532\SER_Project\data\Audio_Speech_Actors_01-24\Actor_20\03-01-02-02-02-02-20.wav,3,1,speech,2,calm,2,2,2,20,female
C:\Users\Grana\Documents\GitHub\Project_CSE432_MG\Project_CSE432-532\SER_Project\data\Audio_Speech_Actors_01-24\Actor_20\03-01-03-01-01-01-20.wav,3,1,speech,3,happy,1,1,1,20,female
C:\Users\Grana\Documents\GitHub\Project_CSE432_MG\Project_CSE432-532\SER_Project\data\Audio_Speech_Actors_01-24\Actor_20\03-01-03-01-01-02-20.wav,3,1,speech,3,happy,1,1,2,20,female
C:\Users\Grana\Documents\GitHub\Project_CSE432_MG\Project_CSE432-532\SER_Project\data\Audio_Speech_Actors_01-24\Actor_20\03-01-03-01-02-01-20.wav,3,1,speech,3,happy,1,2,1,20,female
C:\Users\Grana\Documents\GitHub\Project_CSE432_MG\Project_CSE432-532\SER_Project\data\Audio_Speech_Actors_01-24\Actor_20\03-01-03-01-02-02-20.wav,3,1,speech,3,happy,1,2,2,20,female
C:\Users\Grana\Documents\GitHub\Project_CSE432_MG\Project_CSE432-532\SER_Project\data\Audio_Speech_Actors_01-24\Actor_20\03-01-03-02-01-01-20.wav,3,1,speech,3,happy,2,1,1,20,female
C:\Users\Grana\Documents\GitHub\Project_CSE432_MG\Project_CSE432-532\SER_Project\data\Audio_Speech_Actors_01-24\Actor_20\03-01-03-02-01-02-20.wav,3,1,speech,3,happy,2,1,2,20,female
C:\Users\Grana\Documents\GitHub\Project_CSE432_MG\Project_CSE432-532\SER_Project\data\Audio_Speech_Actors_01-24\Actor_20\03-01-03-02-02-01-20.wav,3,1,speech,3,happy,2,2,1,20,female
C:\Users\Grana\Documents\GitHub\Project_CSE432_MG\Project_CSE432-532\SER_Project\data\Audio_Speech_Actors_01-24\Actor_20\03-01-03-02-02-02-20.wav,3,1,speech,3,happy,2,2,2,20,female
C:\Users\Grana\Documents\GitHub\Project_CSE432_MG\Project_CSE432-532\SER_Project\data\Audio_Speech_Actors_01-24\Actor_20\03-01-04-01-01-01-20.wav,3,1,speech,4,sad,1,1,1,20,female
C:\Users\Grana\Documents\GitHub\Project_CSE432_MG\Project_CSE432-532\SER_Project\data\Audio_Speech_Actors_01-24\Actor_20\03-01-04-01-01-02-20.wav,3,1,speech,4,sad,1,1,2,20,female
C:\Users\Grana\Documents\GitHub\Project_CSE432_MG\Project_CSE432-532\SER_Project\data\Audio_Speech_Actors_01-24\Actor_20\03-01-04-01-02-01-20.wav,3,1,speech,4,sad,1,2,1,20,female
C:\Users\Grana\Documents\GitHub\Project_CSE432_MG\Project_CSE432-532\SER_Project\data\Audio_Speech_Actors_01-24\Actor_20\03-01-04-01-02-02-20.wav,3,1,speech,4,sad,1,2,2,20,female
C:\Users\Grana\Documents\GitHub\Project_CSE432_MG\Project_CSE432-532\SER_Project\data\Audio_Speech_Actors_01-24\Actor_20\03-01-04-02-01-01-20.wav,3,1,speech,4,sad,2,1,1,20,female
C:\Users\Grana\Documents\GitHub\Project_CSE432_MG\Project_CSE432-532\SER_Project\data\Audio_Speech_Actors_01-24\Actor_20\03-01-04-02-01-02-20.wav,3,1,speech,4,sad,2,1,2,20,female
C:\Users\Grana\Documents\GitHub\Project_CSE432_MG\Project_CSE432-532\SER_Project\data\Audio_Speech_Actors_01-24\Actor_20\03-01-04-02-02-01-20.wav,3,1,speech,4,sad,2,2,1,20,female
C:\Users\Grana\Documents\GitHub\Project_CSE432_MG\Project_CSE432-532\SER_Project\data\Audio_Speech_Actors_01-24\Actor_20\03-01-04-02-02-02-20.wav,3,1,speech,4,sad,2,2,2,20,female
C:\Users\Grana\Documents\GitHub\Project_CSE432_MG\Project_CSE432-532\SER_Project\data\Audio_Speech_Actors_01-24\Actor_20\03-01-05-01-01-01-20.wav,3,1,speech,5,angry,1,1,1,20,female
C:\Users\Grana\Documents\GitHub\Project_CSE432_MG\Project_CSE432-532\SER_Project\data\Audio_Speech_Actors_01-24\Actor_20\03-01-05-01-01-02-20.wav,3,1,speech,5,angry,1,1,2,20,female
C:\Users\Grana\Documents\GitHub\Project_CSE432_MG\Project_CSE432-532\SER_Project\data\Audio_Speech_Actors_01-24\Actor_20\03-01-05-01-02-01-20.wav,3,1,speech,5,angry,1,2,1,20,female
C:\Users\Grana\Documents\GitHub\Project_CSE432_MG\Project_CSE432-532\SER_Project\data\Audio_Speech_Actors_01-24\Actor_20\03-01-05-01-02-02-20.wav,3,1,speech,5,angry,1,2,2,20,female
C:\Users\Grana\Documents\GitHub\Project_CSE432_MG\Project_CSE432-532\SER_Project\data\Audio_Speech_Actors_01-24\Actor_20\03-01-05-02-01-01-20.wav,3,1,speech,5,angry,2,1,1,20,female
C:\Users\Grana\Documents\GitHub\Project_CSE432_MG\Project_CSE432-532\SER_Project\data\Audio_Speech_Actors_01-24\Actor_20\03-01-05-02-01-02-20.wav,3,1,speech,5,angry,2,1,2,20,female
C:\Users\Grana\Documents\GitHub\Project_CSE432_MG\Project_CSE432-532\SER_Project\data\Audio_Speech_Actors_01-24\Actor_20\03-01-05-02-02-01-20.wav,3,1,speech,5,angry,2,2,1,20,female
C:\Users\Grana\Documents\GitHub\Project_CSE432_MG\Project_CSE432-532\SER_Project\data\Audio_Speech_Actors_01-24\Actor_20\03-01-05-02-02-02-20.wav,3,1,speech,5,angry,2,2,2,20,female
C:\Users\Grana\Documents\GitHub\Project_CSE432_MG\Project_CSE432-532\SER_Project\data\Audio_Speech_Actors_01-24\Actor_20\03-01-06-01-01-01-20.wav,3,1,speech,6,fearful,1,1,1,20,female
C:\Users\Grana\Documents\GitHub\Project_CSE432_MG\Project_CSE432-532\SER_Project\data\Audio_Speech_Actors_01-24\Actor_20\03-01-06-01-01-02-20.wav,3,1,speech,6,fearful,1,1,2,20,female
C:\Users\Grana\Documents\GitHub\Project_CSE432_MG\Project_CSE432-532\SER_Project\data\Audio_Speech_Actors_01-24\Actor_20\03-01-06-01-02-01-20.wav,3,1,speech,6,fearful,1,2,1,20,female
C:\Users\Grana\Documents\GitHub\Project_CSE432_MG\Project_CSE432-532\SER_Project\data\Audio_Speech_Actors_01-24\Actor_20\03-01-06-01-02-02-20.wav,3,1,speech,6,fearful,1,2,2,20,female
C:\Users\Grana\Documents\GitHub\Project_CSE432_MG\Project_CSE432-532\SER_Project\data\Audio_Speech_Actors_01-24\Actor_20\03-01-06-02-01-01-20.wav,3,1,speech,6,fearful,2,1,1,20,female
C:\Users\Grana\Documents\GitHub\Project_CSE432_MG\Project_CSE432-532\SER_Project\data\Audio_Speech_Actors_01-24\Actor_20\03-01-06-02-01-02-20.wav,3,1,speech,6,fearful,2,1,2,20,female
C:\Users\Grana\Documents\GitHub\Project_CSE432_MG\Project_CSE432-532\SER_Project\data\Audio_Speech_Actors_01-24\Actor_20\03-01-06-02-02-01-20.wav,3,1,speech,6,fearful,2,2,1,20,female
C:\Users\Grana\Documents\GitHub\Project_CSE432_MG\Project_CSE432-532\SER_Project\data\Audio_Speech_Actors_01-24\Actor_20\03-01-06-02-02-02-20.wav,3,1,speech,6,fearful,2,2,2,20,female
C:\Users\Grana\Documents\GitHub\Project_CSE432_MG\Project_CSE432-532\SER_Project\data\Audio_Speech_Actors_01-24\Actor_20\03-01-07-01-01-01-20.wav,3,1,speech,7,disgust,1,1,1,20,female
C:\Users\Grana\Documents\GitHub\Project_CSE432_MG\Project_CSE432-532\SER_Project\data\Audio_Speech_Actors_01-24\Actor_20\03-01-07-01-01-02-20.wav,3,1,speech,7,disgust,1,1,2,20,female
C:\Users\Grana\Documents\GitHub\Project_CSE432_MG\Project_CSE432-532\SER_Project\data\Audio_Speech_Actors_01-24\Actor_20\03-01-07-01-02-01-20.wav,3,1,speech,7,disgust,1,2,1,20,female
C:\Users\Grana\Documents\GitHub\Project_CSE432_MG\Project_CSE432-532\SER_Project\data\Audio_Speech_Actors_01-24\Actor_20\03-01-07-01-02-02-20.wav,3,1,speech,7,disgust,1,2,2,20,female
C:\Users\Grana\Documents\GitHub\Project_CSE432_MG\Project_CSE432-532\SER_Project\data\Audio_Speech_Actors_01-24\Actor_20\03-01-07-02-01-01-20.wav,3,1,speech,7,disgust,2,1,1,20,female
C:\Users\Grana\Documents\GitHub\Project_CSE432_MG\Project_CSE432-532\SER_Project\data\Audio_Speech_Actors_01-24\Actor_20\03-01-07-02-01-02-20.wav,3,1,speech,7,disgust,2,1,2,20,female
C:\Users\Grana\Documents\GitHub\Project_CSE432_MG\Project_CSE432-532\SER_Project\data\Audio_Speech_Actors_01-24\Actor_20\03-01-07-02-02-01-20.wav,3,1,speech,7,disgust,2,2,1,20,female
C:\Users\Grana\Documents\GitHub\Project_CSE432_MG\Project_CSE432-532\SER_Project\data\Audio_Speech_Actors_01-24\Actor_20\03-01-07-02-02-02-20.wav,3,1,speech,7,disgust,2,2,2,20,female
C:\Users\Grana\Documents\GitHub\Project_CSE432_MG\Project_CSE432-532\SER_Project\data\Audio_Speech_Actors_01-24\Actor_20\03-01-08-01-01-01-20.wav,3,1,speech,8,surprised,1,1,1,20,female
C:\Users\Grana\Documents\GitHub\Project_CSE432_MG\Project_CSE432-532\SER_Project\data\Audio_Speech_Actors_01-24\Actor_20\03-01-08-01-01-02-20.wav,3,1,speech,8,surprised,1,1,2,20,female
C:\Users\Grana\Documents\GitHub\Project_CSE432_MG\Project_CSE432-532\SER_Project\data\Audio_Speech_Actors_01-24\Actor_20\03-01-08-01-02-01-20.wav,3,1,speech,8,surprised,1,2,1,20,female
C:\Users\Grana\Documents\GitHub\Project_CSE432_MG\Project_CSE432-532\SER_Project\data\Audio_Speech_Actors_01-24\Actor_20\03-01-08-01-02-02-20.wav,3,1,speech,8,surprised,1,2,2,20,female
C:\Users\Grana\Documents\GitHub\Project_CSE432_MG\Project_CSE432-532\SER_Project\data\Audio_Speech_Actors_01-24\Actor_20\03-01-08-02-01-01-20.wav,3,1,speech,8,surprised,2,1,1,20,female
C:\Users\Grana\Documents\GitHub\Project_CSE432_MG\Project_CSE432-532\SER_Project\data\Audio_Speech_Actors_01-24\Actor_20\03-01-08-02-01-02-20.wav,3,1,speech,8,surprised,2,1,2,20,female
C:\Users\Grana\Documents\GitHub\Project_CSE432_MG\Project_CSE432-532\SER_Project\data\Audio_Speech_Actors_01-24\Actor_20\03-01-08-02-02-01-20.wav,3,1,speech,8,surprised,2,2,1,20,female
C:\Users\Grana\Documents\GitHub\Project_CSE432_MG\Project_CSE432-532\SER_Project\data\Audio_Speech_Actors_01-24\Actor_20\03-01-08-02-02-02-20.wav,3,1,speech,8,surprised,2,2,2,20,female
C:\Users\Grana\Documents\GitHub\Project_CSE432_MG\Project_CSE432-532\SER_Project\data\Audio_Speech_Actors_01-24\Actor_21\03-01-01-01-01-01-21.wav,3,1,speech,1,neutral,1,1,1,21,male
C:\Users\Grana\Documents\GitHub\Project_CSE432_MG\Project_CSE432-532\SER_Project\data\Audio_Speech_Actors_01-24\Actor_21\03-01-01-01-01-02-21.wav,3,1,speech,1,neutral,1,1,2,21,male
C:\Users\Grana\Documents\GitHub\Project_CSE432_MG\Project_CSE432-532\SER_Project\data\Audio_Speech_Actors_01-24\Actor_21\03-01-01-01-02-01-21.wav,3,1,speech,1,neutral,1,2,1,21,male
C:\Users\Grana\Documents\GitHub\Project_CSE432_MG\Project_CSE432-532\SER_Project\data\Audio_Speech_Actors_01-24\Actor_21\03-01-01-01-02-02-21.wav,3,1,speech,1,neutral,1,2,2,21,male
C:\Users\Grana\Documents\GitHub\Project_CSE432_MG\Project_CSE432-532\SER_Project\data\Audio_Speech_Actors_01-24\Actor_21\03-01-02-01-01-01-21.wav,3,1,speech,2,calm,1,1,1,21,male
C:\Users\Grana\Documents\GitHub\Project_CSE432_MG\Project_CSE432-532\SER_Project\data\Audio_Speech_Actors_01-24\Actor_21\03-01-02-01-01-02-21.wav,3,1,speech,2,calm,1,1,2,21,male
C:\Users\Grana\Documents\GitHub\Project_CSE432_MG\Project_CSE432-532\SER_Project\data\Audio_Speech_Actors_01-24\Actor_21\03-01-02-01-02-01-21.wav,3,1,speech,2,calm,1,2,1,21,male
C:\Users\Grana\Documents\GitHub\Project_CSE432_MG\Project_CSE432-532\SER_Project\data\Audio_Speech_Actors_01-24\Actor_21\03-01-02-01-02-02-21.wav,3,1,speech,2,calm,1,2,2,21,male
C:\Users\Grana\Documents\GitHub\Project_CSE432_MG\Project_CSE432-532\SER_Project\data\Audio_Speech_Actors_01-24\Actor_21\03-01-02-02-01-01-21.wav,3,1,speech,2,calm,2,1,1,21,male
C:\Users\Grana\Documents\GitHub\Project_CSE432_MG\Project_CSE432-532\SER_Project\data\Audio_Speech_Actors_01-24\Actor_21\03-01-02-02-01-02-21.wav,3,1,speech,2,calm,2,1,2,21,male
C:\Users\Grana\Documents\GitHub\Project_CSE432_MG\Project_CSE432-532\SER_Project\data\Audio_Speech_Actors_01-24\Actor_21\03-01-02-02-02-01-21.wav,3,1,speech,2,calm,2,2,1,21,male
C:\Users\Grana\Documents\GitHub\Project_CSE432_MG\Project_CSE432-532\SER_Project\data\Audio_Speech_Actors_01-24\Actor_21\03-01-02-02-02-02-21.wav,3,1,speech,2,calm,2,2,2,21,male
C:\Users\Grana\Documents\GitHub\Project_CSE432_MG\Project_CSE432-532\SER_Project\data\Audio_Speech_Actors_01-24\Actor_21\03-01-03-01-01-01-21.wav,3,1,speech,3,happy,1,1,1,21,male
C:\Users\Grana\Documents\GitHub\Project_CSE432_MG\Project_CSE432-532\SER_Project\data\Audio_Speech_Actors_01-24\Actor_21\03-01-03-01-01-02-21.wav,3,1,speech,3,happy,1,1,2,21,male
C:\Users\Grana\Documents\GitHub\Project_CSE432_MG\Project_CSE432-532\SER_Project\data\Audio_Speech_Actors_01-24\Actor_21\03-01-03-01-02-01-21.wav,3,1,speech,3,happy,1,2,1,21,male
C:\Users\Grana\Documents\GitHub\Project_CSE432_MG\Project_CSE432-532\SER_Project\data\Audio_Speech_Actors_01-24\Actor_21\03-01-03-01-02-02-21.wav,3,1,speech,3,happy,1,2,2,21,male
C:\Users\Grana\Documents\GitHub\Project_CSE432_MG\Project_CSE432-532\SER_Project\data\Audio_Speech_Actors_01-24\Actor_21\03-01-03-02-01-01-21.wav,3,1,speech,3,happy,2,1,1,21,male
C:\Users\Grana\Documents\GitHub\Project_CSE432_MG\Project_CSE432-532\SER_Project\data\Audio_Speech_Actors_01-24\Actor_21\03-01-03-02-01-02-21.wav,3,1,speech,3,happy,2,1,2,21,male
C:\Users\Grana\Documents\GitHub\Project_CSE432_MG\Project_CSE432-532\SER_Project\data\Audio_Speech_Actors_01-24\Actor_21\03-01-03-02-02-01-21.wav,3,1,speech,3,happy,2,2,1,21,male
C:\Users\Grana\Documents\GitHub\Project_CSE432_MG\Project_CSE432-532\SER_Project\data\Audio_Speech_Actors_01-24\Actor_21\03-01-03-02-02-02-21.wav,3,1,speech,3,happy,2,2,2,21,male
C:\Users\Grana\Documents\GitHub\Project_CSE432_MG\Project_CSE432-532\SER_Project\data\Audio_Speech_Actors_01-24\Actor_21\03-01-04-01-01-01-21.wav,3,1,speech,4,sad,1,1,1,21,male
C:\Users\Grana\Documents\GitHub\Project_CSE432_MG\Project_CSE432-532\SER_Project\data\Audio_Speech_Actors_01-24\Actor_21\03-01-04-01-01-02-21.wav,3,1,speech,4,sad,1,1,2,21,male
C:\Users\Grana\Documents\GitHub\Project_CSE432_MG\Project_CSE432-532\SER_Project\data\Audio_Speech_Actors_01-24\Actor_21\03-01-04-01-02-01-21.wav,3,1,speech,4,sad,1,2,1,21,male
C:\Users\Grana\Documents\GitHub\Project_CSE432_MG\Project_CSE432-532\SER_Project\data\Audio_Speech_Actors_01-24\Actor_21\03-01-04-01-02-02-21.wav,3,1,speech,4,sad,1,2,2,21,male
C:\Users\Grana\Documents\GitHub\Project_CSE432_MG\Project_CSE432-532\SER_Project\data\Audio_Speech_Actors_01-24\Actor_21\03-01-04-02-01-01-21.wav,3,1,speech,4,sad,2,1,1,21,male
C:\Users\Grana\Documents\GitHub\Project_CSE432_MG\Project_CSE432-532\SER_Project\data\Audio_Speech_Actors_01-24\Actor_21\03-01-04-02-01-02-21.wav,3,1,speech,4,sad,2,1,2,21,male
C:\Users\Grana\Documents\GitHub\Project_CSE432_MG\Project_CSE432-532\SER_Project\data\Audio_Speech_Actors_01-24\Actor_21\03-01-04-02-02-01-21.wav,3,1,speech,4,sad,2,2,1,21,male
C:\Users\Grana\Documents\GitHub\Project_CSE432_MG\Project_CSE432-532\SER_Project\data\Audio_Speech_Actors_01-24\Actor_21\03-01-04-02-02-02-21.wav,3,1,speech,4,sad,2,2,2,21,male
C:\Users\Grana\Documents\GitHub\Project_CSE432_MG\Project_CSE432-532\SER_Project\data\Audio_Speech_Actors_01-24\Actor_21\03-01-05-01-01-01-21.wav,3,1,speech,5,angry,1,1,1,21,male
C:\Users\Grana\Documents\GitHub\Project_CSE432_MG\Project_CSE432-532\SER_Project\data\Audio_Speech_Actors_01-24\Actor_21\03-01-05-01-01-02-21.wav,3,1,speech,5,angry,1,1,2,21,male
C:\Users\Grana\Documents\GitHub\Project_CSE432_MG\Project_CSE432-532\SER_Project\data\Audio_Speech_Actors_01-24\Actor_21\03-01-05-01-02-01-21.wav,3,1,speech,5,angry,1,2,1,21,male
C:\Users\Grana\Documents\GitHub\Project_CSE432_MG\Project_CSE432-532\SER_Project\data\Audio_Speech_Actors_01-24\Actor_21\03-01-05-01-02-02-21.wav,3,1,speech,5,angry,1,2,2,21,male
C:\Users\Grana\Documents\GitHub\Project_CSE432_MG\Project_CSE432-532\SER_Project\data\Audio_Speech_Actors_01-24\Actor_21\03-01-05-02-01-01-21.wav,3,1,speech,5,angry,2,1,1,21,male
C:\Users\Grana\Documents\GitHub\Project_CSE432_MG\Project_CSE432-532\SER_Project\data\Audio_Speech_Actors_01-24\Actor_21\03-01-05-02-01-02-21.wav,3,1,speech,5,angry,2,1,2,21,male
C:\Users\Grana\Documents\GitHub\Project_CSE432_MG\Project_CSE432-532\SER_Project\data\Audio_Speech_Actors_01-24\Actor_21\03-01-05-02-02-01-21.wav,3,1,speech,5,angry,2,2,1,21,male
C:\Users\Grana\Documents\GitHub\Project_CSE432_MG\Project_CSE432-532\SER_Project\data\Audio_Speech_Actors_01-24\Actor_21\03-01-05-02-02-02-21.wav,3,1,speech,5,angry,2,2,2,21,male
C:\Users\Grana\Documents\GitHub\Project_CSE432_MG\Project_CSE432-532\SER_Project\data\Audio_Speech_Actors_01-24\Actor_21\03-01-06-01-01-01-21.wav,3,1,speech,6,fearful,1,1,1,21,male
C:\Users\Grana\Documents\GitHub\Project_CSE432_MG\Project_CSE432-532\SER_Project\data\Audio_Speech_Actors_01-24\Actor_21\03-01-06-01-01-02-21.wav,3,1,speech,6,fearful,1,1,2,21,male
C:\Users\Grana\Documents\GitHub\Project_CSE432_MG\Project_CSE432-532\SER_Project\data\Audio_Speech_Actors_01-24\Actor_21\03-01-06-01-02-01-21.wav,3,1,speech,6,fearful,1,2,1,21,male
C:\Users\Grana\Documents\GitHub\Project_CSE432_MG\Project_CSE432-532\SER_Project\data\Audio_Speech_Actors_01-24\Actor_21\03-01-06-01-02-02-21.wav,3,1,speech,6,fearful,1,2,2,21,male
C:\Users\Grana\Documents\GitHub\Project_CSE432_MG\Project_CSE432-532\SER_Project\data\Audio_Speech_Actors_01-24\Actor_21\03-01-06-02-01-01-21.wav,3,1,speech,6,fearful,2,1,1,21,male
C:\Users\Grana\Documents\GitHub\Project_CSE432_MG\Project_CSE432-532\SER_Project\data\Audio_Speech_Actors_01-24\Actor_21\03-01-06-02-01-02-21.wav,3,1,speech,6,fearful,2,1,2,21,male
C:\Users\Grana\Documents\GitHub\Project_CSE432_MG\Project_CSE432-532\SER_Project\data\Audio_Speech_Actors_01-24\Actor_21\03-01-06-02-02-01-21.wav,3,1,speech,6,fearful,2,2,1,21,male
C:\Users\Grana\Documents\GitHub\Project_CSE432_MG\Project_CSE432-532\SER_Project\data\Audio_Speech_Actors_01-24\Actor_21\03-01-06-02-02-02-21.wav,3,1,speech,6,fearful,2,2,2,21,male
C:\Users\Grana\Documents\GitHub\Project_CSE432_MG\Project_CSE432-532\SER_Project\data\Audio_Speech_Actors_01-24\Actor_21\03-01-07-01-01-01-21.wav,3,1,speech,7,disgust,1,1,1,21,male
C:\Users\Grana\Documents\GitHub\Project_CSE432_MG\Project_CSE432-532\SER_Project\data\Audio_Speech_Actors_01-24\Actor_21\03-01-07-01-01-02-21.wav,3,1,speech,7,disgust,1,1,2,21,male
C:\Users\Grana\Documents\GitHub\Project_CSE432_MG\Project_CSE432-532\SER_Project\data\Audio_Speech_Actors_01-24\Actor_21\03-01-07-01-02-01-21.wav,3,1,speech,7,disgust,1,2,1,21,male
C:\Users\Grana\Documents\GitHub\Project_CSE432_MG\Project_CSE432-532\SER_Project\data\Audio_Speech_Actors_01-24\Actor_21\03-01-07-01-02-02-21.wav,3,1,speech,7,disgust,1,2,2,21,male
C:\Users\Grana\Documents\GitHub\Project_CSE432_MG\Project_CSE432-532\SER_Project\data\Audio_Speech_Actors_01-24\Actor_21\03-01-07-02-01-01-21.wav,3,1,speech,7,disgust,2,1,1,21,male
C:\Users\Grana\Documents\GitHub\Project_CSE432_MG\Project_CSE432-532\SER_Project\data\Audio_Speech_Actors_01-24\Actor_21\03-01-07-02-01-02-21.wav,3,1,speech,7,disgust,2,1,2,21,male
C:\Users\Grana\Documents\GitHub\Project_CSE432_MG\Project_CSE432-532\SER_Project\data\Audio_Speech_Actors_01-24\Actor_21\03-01-07-02-02-01-21.wav,3,1,speech,7,disgust,2,2,1,21,male
C:\Users\Grana\Documents\GitHub\Project_CSE432_MG\Project_CSE432-532\SER_Project\data\Audio_Speech_Actors_01-24\Actor_21\03-01-07-02-02-02-21.wav,3,1,speech,7,disgust,2,2,2,21,male
C:\Users\Grana\Documents\GitHub\Project_CSE432_MG\Project_CSE432-532\SER_Project\data\Audio_Speech_Actors_01-24\Actor_21\03-01-08-01-01-01-21.wav,3,1,speech,8,surprised,1,1,1,21,male
C:\Users\Grana\Documents\GitHub\Project_CSE432_MG\Project_CSE432-532\SER_Project\data\Audio_Speech_Actors_01-24\Actor_21\03-01-08-01-01-02-21.wav,3,1,speech,8,surprised,1,1,2,21,male
C:\Users\Grana\Documents\GitHub\Project_CSE432_MG\Project_CSE432-532\SER_Project\data\Audio_Speech_Actors_01-24\Actor_21\03-01-08-01-02-01-21.wav,3,1,speech,8,surprised,1,2,1,21,male
C:\Users\Grana\Documents\GitHub\Project_CSE432_MG\Project_CSE432-532\SER_Project\data\Audio_Speech_Actors_01-24\Actor_21\03-01-08-01-02-02-21.wav,3,1,speech,8,surprised,1,2,2,21,male
C:\Users\Grana\Documents\GitHub\Project_CSE432_MG\Project_CSE432-532\SER_Project\data\Audio_Speech_Actors_01-24\Actor_21\03-01-08-02-01-01-21.wav,3,1,speech,8,surprised,2,1,1,21,male
C:\Users\Grana\Documents\GitHub\Project_CSE432_MG\Project_CSE432-532\SER_Project\data\Audio_Speech_Actors_01-24\Actor_21\03-01-08-02-01-02-21.wav,3,1,speech,8,surprised,2,1,2,21,male
C:\Users\Grana\Documents\GitHub\Project_CSE432_MG\Project_CSE432-532\SER_Project\data\Audio_Speech_Actors_01-24\Actor_21\03-01-08-02-02-01-21.wav,3,1,speech,8,surprised,2,2,1,21,male
C:\Users\Grana\Documents\GitHub\Project_CSE432_MG\Project_CSE432-532\SER_Project\data\Audio_Speech_Actors_01-24\Actor_21\03-01-08-02-02-02-21.wav,3,1,speech,8,surprised,2,2,2,21,male
C:\Users\Grana\Documents\GitHub\Project_CSE432_MG\Project_CSE432-532\SER_Project\data\Audio_Speech_Actors_01-24\Actor_22\03-01-01-01-01-01-22.wav,3,1,speech,1,neutral,1,1,1,22,female
C:\Users\Grana\Documents\GitHub\Project_CSE432_MG\Project_CSE432-532\SER_Project\data\Audio_Speech_Actors_01-24\Actor_22\03-01-01-01-01-02-22.wav,3,1,speech,1,neutral,1,1,2,22,female
C:\Users\Grana\Documents\GitHub\Project_CSE432_MG\Project_CSE432-532\SER_Project\data\Audio_Speech_Actors_01-24\Actor_22\03-01-01-01-02-01-22.wav,3,1,speech,1,neutral,1,2,1,22,female
C:\Users\Grana\Documents\GitHub\Project_CSE432_MG\Project_CSE432-532\SER_Project\data\Audio_Speech_Actors_01-24\Actor_22\03-01-01-01-02-02-22.wav,3,1,speech,1,neutral,1,2,2,22,female
C:\Users\Grana\Documents\GitHub\Project_CSE432_MG\Project_CSE432-532\SER_Project\data\Audio_Speech_Actors_01-24\Actor_22\03-01-02-01-01-01-22.wav,3,1,speech,2,calm,1,1,1,22,female
C:\Users\Grana\Documents\GitHub\Project_CSE432_MG\Project_CSE432-532\SER_Project\data\Audio_Speech_Actors_01-24\Actor_22\03-01-02-01-01-02-22.wav,3,1,speech,2,calm,1,1,2,22,female
C:\Users\Grana\Documents\GitHub\Project_CSE432_MG\Project_CSE432-532\SER_Project\data\Audio_Speech_Actors_01-24\Actor_22\03-01-02-01-02-01-22.wav,3,1,speech,2,calm,1,2,1,22,female
C:\Users\Grana\Documents\GitHub\Project_CSE432_MG\Project_CSE432-532\SER_Project\data\Audio_Speech_Actors_01-24\Actor_22\03-01-02-01-02-02-22.wav,3,1,speech,2,calm,1,2,2,22,female
C:\Users\Grana\Documents\GitHub\Project_CSE432_MG\Project_CSE432-532\SER_Project\data\Audio_Speech_Actors_01-24\Actor_22\03-01-02-02-01-01-22.wav,3,1,speech,2,calm,2,1,1,22,female
C:\Users\Grana\Documents\GitHub\Project_CSE432_MG\Project_CSE432-532\SER_Project\data\Audio_Speech_Actors_01-24\Actor_22\03-01-02-02-01-02-22.wav,3,1,speech,2,calm,2,1,2,22,female
C:\Users\Grana\Documents\GitHub\Project_CSE432_MG\Project_CSE432-532\SER_Project\data\Audio_Speech_Actors_01-24\Actor_22\03-01-02-02-02-01-22.wav,3,1,speech,2,calm,2,2,1,22,female
C:\Users\Grana\Documents\GitHub\Project_CSE432_MG\Project_CSE432-532\SER_Project\data\Audio_Speech_Actors_01-24\Actor_22\03-01-02-02-02-02-22.wav,3,1,speech,2,calm,2,2,2,22,female
C:\Users\Grana\Documents\GitHub\Project_CSE432_MG\Project_CSE432-532\SER_Project\data\Audio_Speech_Actors_01-24\Actor_22\03-01-03-01-01-01-22.wav,3,1,speech,3,happy,1,1,1,22,female
C:\Users\Grana\Documents\GitHub\Project_CSE432_MG\Project_CSE432-532\SER_Project\data\Audio_Speech_Actors_01-24\Actor_22\03-01-03-01-01-02-22.wav,3,1,speech,3,happy,1,1,2,22,female
C:\Users\Grana\Documents\GitHub\Project_CSE432_MG\Project_CSE432-532\SER_Project\data\Audio_Speech_Actors_01-24\Actor_22\03-01-03-01-02-01-22.wav,3,1,speech,3,happy,1,2,1,22,female
C:\Users\Grana\Documents\GitHub\Project_CSE432_MG\Project_CSE432-532\SER_Project\data\Audio_Speech_Actors_01-24\Actor_22\03-01-03-01-02-02-22.wav,3,1,speech,3,happy,1,2,2,22,female
C:\Users\Grana\Documents\GitHub\Project_CSE432_MG\Project_CSE432-532\SER_Project\data\Audio_Speech_Actors_01-24\Actor_22\03-01-03-02-01-01-22.wav,3,1,speech,3,happy,2,1,1,22,female
C:\Users\Grana\Documents\GitHub\Project_CSE432_MG\Project_CSE432-532\SER_Project\data\Audio_Speech_Actors_01-24\Actor_22\03-01-03-02-01-02-22.wav,3,1,speech,3,happy,2,1,2,22,female
C:\Users\Grana\Documents\GitHub\Project_CSE432_MG\Project_CSE432-532\SER_Project\data\Audio_Speech_Actors_01-24\Actor_22\03-01-03-02-02-01-22.wav,3,1,speech,3,happy,2,2,1,22,female
C:\Users\Grana\Documents\GitHub\Project_CSE432_MG\Project_CSE432-532\SER_Project\data\Audio_Speech_Actors_01-24\Actor_22\03-01-03-02-02-02-22.wav,3,1,speech,3,happy,2,2,2,22,female
C:\Users\Grana\Documents\GitHub\Project_CSE432_MG\Project_CSE432-532\SER_Project\data\Audio_Speech_Actors_01-24\Actor_22\03-01-04-01-01-01-22.wav,3,1,speech,4,sad,1,1,1,22,female
C:\Users\Grana\Documents\GitHub\Project_CSE432_MG\Project_CSE432-532\SER_Project\data\Audio_Speech_Actors_01-24\Actor_22\03-01-04-01-01-02-22.wav,3,1,speech,4,sad,1,1,2,22,female
C:\Users\Grana\Documents\GitHub\Project_CSE432_MG\Project_CSE432-532\SER_Project\data\Audio_Speech_Actors_01-24\Actor_22\03-01-04-01-02-01-22.wav,3,1,speech,4,sad,1,2,1,22,female
C:\Users\Grana\Documents\GitHub\Project_CSE432_MG\Project_CSE432-532\SER_Project\data\Audio_Speech_Actors_01-24\Actor_22\03-01-04-01-02-02-22.wav,3,1,speech,4,sad,1,2,2,22,female
C:\Users\Grana\Documents\GitHub\Project_CSE432_MG\Project_CSE432-532\SER_Project\data\Audio_Speech_Actors_01-24\Actor_22\03-01-04-02-01-01-22.wav,3,1,speech,4,sad,2,1,1,22,female
C:\Users\Grana\Documents\GitHub\Project_CSE432_MG\Project_CSE432-532\SER_Project\data\Audio_Speech_Actors_01-24\Actor_22\03-01-04-02-01-02-22.wav,3,1,speech,4,sad,2,1,2,22,female
C:\Users\Grana\Documents\GitHub\Project_CSE432_MG\Project_CSE432-532\SER_Project\data\Audio_Speech_Actors_01-24\Actor_22\03-01-04-02-02-01-22.wav,3,1,speech,4,sad,2,2,1,22,female
C:\Users\Grana\Documents\GitHub\Project_CSE432_MG\Project_CSE432-532\SER_Project\data\Audio_Speech_Actors_01-24\Actor_22\03-01-04-02-02-02-22.wav,3,1,speech,4,sad,2,2,2,22,female
C:\Users\Grana\Documents\GitHub\Project_CSE432_MG\Project_CSE432-532\SER_Project\data\Audio_Speech_Actors_01-24\Actor_22\03-01-05-01-01-01-22.wav,3,1,speech,5,angry,1,1,1,22,female
C:\Users\Grana\Documents\GitHub\Project_CSE432_MG\Project_CSE432-532\SER_Project\data\Audio_Speech_Actors_01-24\Actor_22\03-01-05-01-01-02-22.wav,3,1,speech,5,angry,1,1,2,22,female
C:\Users\Grana\Documents\GitHub\Project_CSE432_MG\Project_CSE432-532\SER_Project\data\Audio_Speech_Actors_01-24\Actor_22\03-01-05-01-02-01-22.wav,3,1,speech,5,angry,1,2,1,22,female
C:\Users\Grana\Documents\GitHub\Project_CSE432_MG\Project_CSE432-532\SER_Project\data\Audio_Speech_Actors_01-24\Actor_22\03-01-05-01-02-02-22.wav,3,1,speech,5,angry,1,2,2,22,female
C:\Users\Grana\Documents\GitHub\Project_CSE432_MG\Project_CSE432-532\SER_Project\data\Audio_Speech_Actors_01-24\Actor_22\03-01-05-02-01-01-22.wav,3,1,speech,5,angry,2,1,1,22,female
C:\Users\Grana\Documents\GitHub\Project_CSE432_MG\Project_CSE432-532\SER_Project\data\Audio_Speech_Actors_01-24\Actor_22\03-01-05-02-01-02-22.wav,3,1,speech,5,angry,2,1,2,22,female
C:\Users\Grana\Documents\GitHub\Project_CSE432_MG\Project_CSE432-532\SER_Project\data\Audio_Speech_Actors_01-24\Actor_22\03-01-05-02-02-01-22.wav,3,1,speech,5,angry,2,2,1,22,female
C:\Users\Grana\Documents\GitHub\Project_CSE432_MG\Project_CSE432-532\SER_Project\data\Audio_Speech_Actors_01-24\Actor_22\03-01-05-02-02-02-22.wav,3,1,speech,5,angry,2,2,2,22,female
C:\Users\Grana\Documents\GitHub\Project_CSE432_MG\Project_CSE432-532\SER_Project\data\Audio_Speech_Actors_01-24\Actor_22\03-01-06-01-01-01-22.wav,3,1,speech,6,fearful,1,1,1,22,female
C:\Users\Grana\Documents\GitHub\Project_CSE432_MG\Project_CSE432-532\SER_Project\data\Audio_Speech_Actors_01-24\Actor_22\03-01-06-01-01-02-22.wav,3,1,speech,6,fearful,1,1,2,22,female
C:\Users\Grana\Documents\GitHub\Project_CSE432_MG\Project_CSE432-532\SER_Project\data\Audio_Speech_Actors_01-24\Actor_22\03-01-06-01-02-01-22.wav,3,1,speech,6,fearful,1,2,1,22,female
C:\Users\Grana\Documents\GitHub\Project_CSE432_MG\Project_CSE432-532\SER_Project\data\Audio_Speech_Actors_01-24\Actor_22\03-01-06-01-02-02-22.wav,3,1,speech,6,fearful,1,2,2,22,female
C:\Users\Grana\Documents\GitHub\Project_CSE432_MG\Project_CSE432-532\SER_Project\data\Audio_Speech_Actors_01-24\Actor_22\03-01-06-02-01-01-22.wav,3,1,speech,6,fearful,2,1,1,22,female
C:\Users\Grana\Documents\GitHub\Project_CSE432_MG\Project_CSE432-532\SER_Project\data\Audio_Speech_Actors_01-24\Actor_22\03-01-06-02-01-02-22.wav,3,1,speech,6,fearful,2,1,2,22,female
C:\Users\Grana\Documents\GitHub\Project_CSE432_MG\Project_CSE432-532\SER_Project\data\Audio_Speech_Actors_01-24\Actor_22\03-01-06-02-02-01-22.wav,3,1,speech,6,fearful,2,2,1,22,female
C:\Users\Grana\Documents\GitHub\Project_CSE432_MG\Project_CSE432-532\SER_Project\data\Audio_Speech_Actors_01-24\Actor_22\03-01-06-02-02-02-22.wav,3,1,speech,6,fearful,2,2,2,22,female
C:\Users\Grana\Documents\GitHub\Project_CSE432_MG\Project_CSE432-532\SER_Project\data\Audio_Speech_Actors_01-24\Actor_22\03-01-07-01-01-01-22.wav,3,1,speech,7,disgust,1,1,1,22,female
C:\Users\Grana\Documents\GitHub\Project_CSE432_MG\Project_CSE432-532\SER_Project\data\Audio_Speech_Actors_01-24\Actor_22\03-01-07-01-01-02-22.wav,3,1,speech,7,disgust,1,1,2,22,female
C:\Users\Grana\Documents\GitHub\Project_CSE432_MG\Project_CSE432-532\SER_Project\data\Audio_Speech_Actors_01-24\Actor_22\03-01-07-01-02-01-22.wav,3,1,speech,7,disgust,1,2,1,22,female
C:\Users\Grana\Documents\GitHub\Project_CSE432_MG\Project_CSE432-532\SER_Project\data\Audio_Speech_Actors_01-24\Actor_22\03-01-07-01-02-02-22.wav,3,1,speech,7,disgust,1,2,2,22,female
C:\Users\Grana\Documents\GitHub\Project_CSE432_MG\Project_CSE432-532\SER_Project\data\Audio_Speech_Actors_01-24\Actor_22\03-01-07-02-01-01-22.wav,3,1,speech,7,disgust,2,1,1,22,female
C:\Users\Grana\Documents\GitHub\Project_CSE432_MG\Project_CSE432-532\SER_Project\data\Audio_Speech_Actors_01-24\Actor_22\03-01-07-02-01-02-22.wav,3,1,speech,7,disgust,2,1,2,22,female
C:\Users\Grana\Documents\GitHub\Project_CSE432_MG\Project_CSE432-532\SER_Project\data\Audio_Speech_Actors_01-24\Actor_22\03-01-07-02-02-01-22.wav,3,1,speech,7,disgust,2,2,1,22,female
C:\Users\Grana\Documents\GitHub\Project_CSE432_MG\Project_CSE432-532\SER_Project\data\Audio_Speech_Actors_01-24\Actor_22\03-01-07-02-02-02-22.wav,3,1,speech,7,disgust,2,2,2,22,female
C:\Users\Grana\Documents\GitHub\Project_CSE432_MG\Project_CSE432-532\SER_Project\data\Audio_Speech_Actors_01-24\Actor_22\03-01-08-01-01-01-22.wav,3,1,speech,8,surprised,1,1,1,22,female
C:\Users\Grana\Documents\GitHub\Project_CSE432_MG\Project_CSE432-532\SER_Project\data\Audio_Speech_Actors_01-24\Actor_22\03-01-08-01-01-02-22.wav,3,1,speech,8,surprised,1,1,2,22,female
C:\Users\Grana\Documents\GitHub\Project_CSE432_MG\Project_CSE432-532\SER_Project\data\Audio_Speech_Actors_01-24\Actor_22\03-01-08-01-02-01-22.wav,3,1,speech,8,surprised,1,2,1,22,female
C:\Users\Grana\Documents\GitHub\Project_CSE432_MG\Project_CSE432-532\SER_Project\data\Audio_Speech_Actors_01-24\Actor_22\03-01-08-01-02-02-22.wav,3,1,speech,8,surprised,1,2,2,22,female
C:\Users\Grana\Documents\GitHub\Project_CSE432_MG\Project_CSE432-532\SER_Project\data\Audio_Speech_Actors_01-24\Actor_22\03-01-08-02-01-01-22.wav,3,1,speech,8,surprised,2,1,1,22,female
C:\Users\Grana\Documents\GitHub\Project_CSE432_MG\Project_CSE432-532\SER_Project\data\Audio_Speech_Actors_01-24\Actor_22\03-01-08-02-01-02-22.wav,3,1,speech,8,surprised,2,1,2,22,female
C:\Users\Grana\Documents\GitHub\Project_CSE432_MG\Project_CSE432-532\SER_Project\data\Audio_Speech_Actors_01-24\Actor_22\03-01-08-02-02-01-22.wav,3,1,speech,8,surprised,2,2,1,22,female
C:\Users\Grana\Documents\GitHub\Project_CSE432_MG\Project_CSE432-532\SER_Project\data\Audio_Speech_Actors_01-24\Actor_22\03-01-08-02-02-02-22.wav,3,1,speech,8,surprised,2,2,2,22,female
C:\Users\Grana\Documents\GitHub\Project_CSE432_MG\Project_CSE432-532\SER_Project\data\Audio_Speech_Actors_01-24\Actor_23\03-01-01-01-01-01-23.wav,3,1,speech,1,neutral,1,1,1,23,male
C:\Users\Grana\Documents\GitHub\Project_CSE432_MG\Project_CSE432-532\SER_Project\data\Audio_Speech_Actors_01-24\Actor_23\03-01-01-01-01-02-23.wav,3,1,speech,1,neutral,1,1,2,23,male
C:\Users\Grana\Documents\GitHub\Project_CSE432_MG\Project_CSE432-532\SER_Project\data\Audio_Speech_Actors_01-24\Actor_23\03-01-01-01-02-01-23.wav,3,1,speech,1,neutral,1,2,1,23,male
C:\Users\Grana\Documents\GitHub\Project_CSE432_MG\Project_CSE432-532\SER_Project\data\Audio_Speech_Actors_01-24\Actor_23\03-01-01-01-02-02-23.wav,3,1,speech,1,neutral,1,2,2,23,male
C:\Users\Grana\Documents\GitHub\Project_CSE432_MG\Project_CSE432-532\SER_Project\data\Audio_Speech_Actors_01-24\Actor_23\03-01-02-01-01-01-23.wav,3,1,speech,2,calm,1,1,1,23,male
C:\Users\Grana\Documents\GitHub\Project_CSE432_MG\Project_CSE432-532\SER_Project\data\Audio_Speech_Actors_01-24\Actor_23\03-01-02-01-01-02-23.wav,3,1,speech,2,calm,1,1,2,23,male
C:\Users\Grana\Documents\GitHub\Project_CSE432_MG\Project_CSE432-532\SER_Project\data\Audio_Speech_Actors_01-24\Actor_23\03-01-02-01-02-01-23.wav,3,1,speech,2,calm,1,2,1,23,male
C:\Users\Grana\Documents\GitHub\Project_CSE432_MG\Project_CSE432-532\SER_Project\data\Audio_Speech_Actors_01-24\Actor_23\03-01-02-01-02-02-23.wav,3,1,speech,2,calm,1,2,2,23,male
C:\Users\Grana\Documents\GitHub\Project_CSE432_MG\Project_CSE432-532\SER_Project\data\Audio_Speech_Actors_01-24\Actor_23\03-01-02-02-01-01-23.wav,3,1,speech,2,calm,2,1,1,23,male
C:\Users\Grana\Documents\GitHub\Project_CSE432_MG\Project_CSE432-532\SER_Project\data\Audio_Speech_Actors_01-24\Actor_23\03-01-02-02-01-02-23.wav,3,1,speech,2,calm,2,1,2,23,male
C:\Users\Grana\Documents\GitHub\Project_CSE432_MG\Project_CSE432-532\SER_Project\data\Audio_Speech_Actors_01-24\Actor_23\03-01-02-02-02-01-23.wav,3,1,speech,2,calm,2,2,1,23,male
C:\Users\Grana\Documents\GitHub\Project_CSE432_MG\Project_CSE432-532\SER_Project\data\Audio_Speech_Actors_01-24\Actor_23\03-01-02-02-02-02-23.wav,3,1,speech,2,calm,2,2,2,23,male
C:\Users\Grana\Documents\GitHub\Project_CSE432_MG\Project_CSE432-532\SER_Project\data\Audio_Speech_Actors_01-24\Actor_23\03-01-03-01-01-01-23.wav,3,1,speech,3,happy,1,1,1,23,male
C:\Users\Grana\Documents\GitHub\Project_CSE432_MG\Project_CSE432-532\SER_Project\data\Audio_Speech_Actors_01-24\Actor_23\03-01-03-01-01-02-23.wav,3,1,speech,3,happy,1,1,2,23,male
C:\Users\Grana\Documents\GitHub\Project_CSE432_MG\Project_CSE432-532\SER_Project\data\Audio_Speech_Actors_01-24\Actor_23\03-01-03-01-02-01-23.wav,3,1,speech,3,happy,1,2,1,23,male
C:\Users\Grana\Documents\GitHub\Project_CSE432_MG\Project_CSE432-532\SER_Project\data\Audio_Speech_Actors_01-24\Actor_23\03-01-03-01-02-02-23.wav,3,1,speech,3,happy,1,2,2,23,male
C:\Users\Grana\Documents\GitHub\Project_CSE432_MG\Project_CSE432-532\SER_Project\data\Audio_Speech_Actors_01-24\Actor_23\03-01-03-02-01-01-23.wav,3,1,speech,3,happy,2,1,1,23,male
C:\Users\Grana\Documents\GitHub\Project_CSE432_MG\Project_CSE432-532\SER_Project\data\Audio_Speech_Actors_01-24\Actor_23\03-01-03-02-01-02-23.wav,3,1,speech,3,happy,2,1,2,23,male
C:\Users\Grana\Documents\GitHub\Project_CSE432_MG\Project_CSE432-532\SER_Project\data\Audio_Speech_Actors_01-24\Actor_23\03-01-03-02-02-01-23.wav,3,1,speech,3,happy,2,2,1,23,male
C:\Users\Grana\Documents\GitHub\Project_CSE432_MG\Project_CSE432-532\SER_Project\data\Audio_Speech_Actors_01-24\Actor_23\03-01-03-02-02-02-23.wav,3,1,speech,3,happy,2,2,2,23,male
C:\Users\Grana\Documents\GitHub\Project_CSE432_MG\Project_CSE432-532\SER_Project\data\Audio_Speech_Actors_01-24\Actor_23\03-01-04-01-01-01-23.wav,3,1,speech,4,sad,1,1,1,23,male
C:\Users\Grana\Documents\GitHub\Project_CSE432_MG\Project_CSE432-532\SER_Project\data\Audio_Speech_Actors_01-24\Actor_23\03-01-04-01-01-02-23.wav,3,1,speech,4,sad,1,1,2,23,male
C:\Users\Grana\Documents\GitHub\Project_CSE432_MG\Project_CSE432-532\SER_Project\data\Audio_Speech_Actors_01-24\Actor_23\03-01-04-01-02-01-23.wav,3,1,speech,4,sad,1,2,1,23,male
C:\Users\Grana\Documents\GitHub\Project_CSE432_MG\Project_CSE432-532\SER_Project\data\Audio_Speech_Actors_01-24\Actor_23\03-01-04-01-02-02-23.wav,3,1,speech,4,sad,1,2,2,23,male
C:\Users\Grana\Documents\GitHub\Project_CSE432_MG\Project_CSE432-532\SER_Project\data\Audio_Speech_Actors_01-24\Actor_23\03-01-04-02-01-01-23.wav,3,1,speech,4,sad,2,1,1,23,male
C:\Users\Grana\Documents\GitHub\Project_CSE432_MG\Project_CSE432-532\SER_Project\data\Audio_Speech_Actors_01-24\Actor_23\03-01-04-02-01-02-23.wav,3,1,speech,4,sad,2,1,2,23,male
C:\Users\Grana\Documents\GitHub\Project_CSE432_MG\Project_CSE432-532\SER_Project\data\Audio_Speech_Actors_01-24\Actor_23\03-01-04-02-02-01-23.wav,3,1,speech,4,sad,2,2,1,23,male
C:\Users\Grana\Documents\GitHub\Project_CSE432_MG\Project_CSE432-532\SER_Project\data\Audio_Speech_Actors_01-24\Actor_23\03-01-04-02-02-02-23.wav,3,1,speech,4,sad,2,2,2,23,male
C:\Users\Grana\Documents\GitHub\Project_CSE432_MG\Project_CSE432-532\SER_Project\data\Audio_Speech_Actors_01-24\Actor_23\03-01-05-01-01-01-23.wav,3,1,speech,5,angry,1,1,1,23,male
C:\Users\Grana\Documents\GitHub\Project_CSE432_MG\Project_CSE432-532\SER_Project\data\Audio_Speech_Actors_01-24\Actor_23\03-01-05-01-01-02-23.wav,3,1,speech,5,angry,1,1,2,23,male
C:\Users\Grana\Documents\GitHub\Project_CSE432_MG\Project_CSE432-532\SER_Project\data\Audio_Speech_Actors_01-24\Actor_23\03-01-05-01-02-01-23.wav,3,1,speech,5,angry,1,2,1,23,male
C:\Users\Grana\Documents\GitHub\Project_CSE432_MG\Project_CSE432-532\SER_Project\data\Audio_Speech_Actors_01-24\Actor_23\03-01-05-01-02-02-23.wav,3,1,speech,5,angry,1,2,2,23,male
C:\Users\Grana\Documents\GitHub\Project_CSE432_MG\Project_CSE432-532\SER_Project\data\Audio_Speech_Actors_01-24\Actor_23\03-01-05-02-01-01-23.wav,3,1,speech,5,angry,2,1,1,23,male
C:\Users\Grana\Documents\GitHub\Project_CSE432_MG\Project_CSE432-532\SER_Project\data\Audio_Speech_Actors_01-24\Actor_23\03-01-05-02-01-02-23.wav,3,1,speech,5,angry,2,1,2,23,male
C:\Users\Grana\Documents\GitHub\Project_CSE432_MG\Project_CSE432-532\SER_Project\data\Audio_Speech_Actors_01-24\Actor_23\03-01-05-02-02-01-23.wav,3,1,speech,5,angry,2,2,1,23,male
C:\Users\Grana\Documents\GitHub\Project_CSE432_MG\Project_CSE432-532\SER_Project\data\Audio_Speech_Actors_01-24\Actor_23\03-01-05-02-02-02-23.wav,3,1,speech,5,angry,2,2,2,23,male
C:\Users\Grana\Documents\GitHub\Project_CSE432_MG\Project_CSE432-532\SER_Project\data\Audio_Speech_Actors_01-24\Actor_23\03-01-06-01-01-01-23.wav,3,1,speech,6,fearful,1,1,1,23,male
C:\Users\Grana\Documents\GitHub\Project_CSE432_MG\Project_CSE432-532\SER_Project\data\Audio_Speech_Actors_01-24\Actor_23\03-01-06-01-01-02-23.wav,3,1,speech,6,fearful,1,1,2,23,male
C:\Users\Grana\Documents\GitHub\Project_CSE432_MG\Project_CSE432-532\SER_Project\data\Audio_Speech_Actors_01-24\Actor_23\03-01-06-01-02-01-23.wav,3,1,speech,6,fearful,1,2,1,23,male
C:\Users\Grana\Documents\GitHub\Project_CSE432_MG\Project_CSE432-532\SER_Project\data\Audio_Speech_Actors_01-24\Actor_23\03-01-06-01-02-02-23.wav,3,1,speech,6,fearful,1,2,2,23,male
C:\Users\Grana\Documents\GitHub\Project_CSE432_MG\Project_CSE432-532\SER_Project\data\Audio_Speech_Actors_01-24\Actor_23\03-01-06-02-01-01-23.wav,3,1,speech,6,fearful,2,1,1,23,male
C:\Users\Grana\Documents\GitHub\Project_CSE432_MG\Project_CSE432-532\SER_Project\data\Audio_Speech_Actors_01-24\Actor_23\03-01-06-02-01-02-23.wav,3,1,speech,6,fearful,2,1,2,23,male
C:\Users\Grana\Documents\GitHub\Project_CSE432_MG\Project_CSE432-532\SER_Project\data\Audio_Speech_Actors_01-24\Actor_23\03-01-06-02-02-01-23.wav,3,1,speech,6,fearful,2,2,1,23,male
C:\Users\Grana\Documents\GitHub\Project_CSE432_MG\Project_CSE432-532\SER_Project\data\Audio_Speech_Actors_01-24\Actor_23\03-01-06-02-02-02-23.wav,3,1,speech,6,fearful,2,2,2,23,male
C:\Users\Grana\Documents\GitHub\Project_CSE432_MG\Project_CSE432-532\SER_Project\data\Audio_Speech_Actors_01-24\Actor_23\03-01-07-01-01-01-23.wav,3,1,speech,7,disgust,1,1,1,23,male
C:\Users\Grana\Documents\GitHub\Project_CSE432_MG\Project_CSE432-532\SER_Project\data\Audio_Speech_Actors_01-24\Actor_23\03-01-07-01-01-02-23.wav,3,1,speech,7,disgust,1,1,2,23,male
C:\Users\Grana\Documents\GitHub\Project_CSE432_MG\Project_CSE432-532\SER_Project\data\Audio_Speech_Actors_01-24\Actor_23\03-01-07-01-02-01-23.wav,3,1,speech,7,disgust,1,2,1,23,male
C:\Users\Grana\Documents\GitHub\Project_CSE432_MG\Project_CSE432-532\SER_Project\data\Audio_Speech_Actors_01-24\Actor_23\03-01-07-01-02-02-23.wav,3,1,speech,7,disgust,1,2,2,23,male
C:\Users\Grana\Documents\GitHub\Project_CSE432_MG\Project_CSE432-532\SER_Project\data\Audio_Speech_Actors_01-24\Actor_23\03-01-07-02-01-01-23.wav,3,1,speech,7,disgust,2,1,1,23,male
C:\Users\Grana\Documents\GitHub\Project_CSE432_MG\Project_CSE432-532\SER_Project\data\Audio_Speech_Actors_01-24\Actor_23\03-01-07-02-01-02-23.wav,3,1,speech,7,disgust,2,1,2,23,male
C:\Users\Grana\Documents\GitHub\Project_CSE432_MG\Project_CSE432-532\SER_Project\data\Audio_Speech_Actors_01-24\Actor_23\03-01-07-02-02-01-23.wav,3,1,speech,7,disgust,2,2,1,23,male
C:\Users\Grana\Documents\GitHub\Project_CSE432_MG\Project_CSE432-532\SER_Project\data\Audio_Speech_Actors_01-24\Actor_23\03-01-07-02-02-02-23.wav,3,1,speech,7,disgust,2,2,2,23,male
C:\Users\Grana\Documents\GitHub\Project_CSE432_MG\Project_CSE432-532\SER_Project\data\Audio_Speech_Actors_01-24\Actor_23\03-01-08-01-01-01-23.wav,3,1,speech,8,surprised,1,1,1,23,male
C:\Users\Grana\Documents\GitHub\Project_CSE432_MG\Project_CSE432-532\SER_Project\data\Audio_Speech_Actors_01-24\Actor_23\03-01-08-01-01-02-23.wav,3,1,speech,8,surprised,1,1,2,23,male
C:\Users\Grana\Documents\GitHub\Project_CSE432_MG\Project_CSE432-532\SER_Project\data\Audio_Speech_Actors_01-24\Actor_23\03-01-08-01-02-01-23.wav,3,1,speech,8,surprised,1,2,1,23,male
C:\Users\Grana\Documents\GitHub\Project_CSE432_MG\Project_CSE432-532\SER_Project\data\Audio_Speech_Actors_01-24\Actor_23\03-01-08-01-02-02-23.wav,3,1,speech,8,surprised,1,2,2,23,male
C:\Users\Grana\Documents\GitHub\Project_CSE432_MG\Project_CSE432-532\SER_Project\data\Audio_Speech_Actors_01-24\Actor_23\03-01-08-02-01-01-23.wav,3,1,speech,8,surprised,2,1,1,23,male
C:\Users\Grana\Documents\GitHub\Project_CSE432_MG\Project_CSE432-532\SER_Project\data\Audio_Speech_Actors_01-24\Actor_23\03-01-08-02-01-02-23.wav,3,1,speech,8,surprised,2,1,2,23,male
C:\Users\Grana\Documents\GitHub\Project_CSE432_MG\Project_CSE432-532\SER_Project\data\Audio_Speech_Actors_01-24\Actor_23\03-01-08-02-02-01-23.wav,3,1,speech,8,surprised,2,2,1,23,male
C:\Users\Grana\Documents\GitHub\Project_CSE432_MG\Project_CSE432-532\SER_Project\data\Audio_Speech_Actors_01-24\Actor_23\03-01-08-02-02-02-23.wav,3,1,speech,8,surprised,2,2,2,23,male
C:\Users\Grana\Documents\GitHub\Project_CSE432_MG\Project_CSE432-532\SER_Project\data\Audio_Speech_Actors_01-24\Actor_24\03-01-01-01-01-01-24.wav,3,1,speech,1,neutral,1,1,1,24,female
C:\Users\Grana\Documents\GitHub\Project_CSE432_MG\Project_CSE432-532\SER_Project\data\Audio_Speech_Actors_01-24\Actor_24\03-01-01-01-01-02-24.wav,3,1,speech,1,neutral,1,1,2,24,female
C:\Users\Grana\Documents\GitHub\Project_CSE432_MG\Project_CSE432-532\SER_Project\data\Audio_Speech_Actors_01-24\Actor_24\03-01-01-01-02-01-24.wav,3,1,speech,1,neutral,1,2,1,24,female
C:\Users\Grana\Documents\GitHub\Project_CSE432_MG\Project_CSE432-532\SER_Project\data\Audio_Speech_Actors_01-24\Actor_24\03-01-01-01-02-02-24.wav,3,1,speech,1,neutral,1,2,2,24,female
C:\Users\Grana\Documents\GitHub\Project_CSE432_MG\Project_CSE432-532\SER_Project\data\Audio_Speech_Actors_01-24\Actor_24\03-01-02-01-01-01-24.wav,3,1,speech,2,calm,1,1,1,24,female
C:\Users\Grana\Documents\GitHub\Project_CSE432_MG\Project_CSE432-532\SER_Project\data\Audio_Speech_Actors_01-24\Actor_24\03-01-02-01-01-02-24.wav,3,1,speech,2,calm,1,1,2,24,female
C:\Users\Grana\Documents\GitHub\Project_CSE432_MG\Project_CSE432-532\SER_Project\data\Audio_Speech_Actors_01-24\Actor_24\03-01-02-01-02-01-24.wav,3,1,speech,2,calm,1,2,1,24,female
C:\Users\Grana\Documents\GitHub\Project_CSE432_MG\Project_CSE432-532\SER_Project\data\Audio_Speech_Actors_01-24\Actor_24\03-01-02-01-02-02-24.wav,3,1,speech,2,calm,1,2,2,24,female
C:\Users\Grana\Documents\GitHub\Project_CSE432_MG\Project_CSE432-532\SER_Project\data\Audio_Speech_Actors_01-24\Actor_24\03-01-02-02-01-01-24.wav,3,1,speech,2,calm,2,1,1,24,female
C:\Users\Grana\Documents\GitHub\Project_CSE432_MG\Project_CSE432-532\SER_Project\data\Audio_Speech_Actors_01-24\Actor_24\03-01-02-02-01-02-24.wav,3,1,speech,2,calm,2,1,2,24,female
C:\Users\Grana\Documents\GitHub\Project_CSE432_MG\Project_CSE432-532\SER_Project\data\Audio_Speech_Actors_01-24\Actor_24\03-01-02-02-02-01-24.wav,3,1,speech,2,calm,2,2,1,24,female
C:\Users\Grana\Documents\GitHub\Project_CSE432_MG\Project_CSE432-532\SER_Project\data\Audio_Speech_Actors_01-24\Actor_24\03-01-02-02-02-02-24.wav,3,1,speech,2,calm,2,2,2,24,female
C:\Users\Grana\Documents\GitHub\Project_CSE432_MG\Project_CSE432-532\SER_Project\data\Audio_Speech_Actors_01-24\Actor_24\03-01-03-01-01-01-24.wav,3,1,speech,3,happy,1,1,1,24,female
C:\Users\Grana\Documents\GitHub\Project_CSE432_MG\Project_CSE432-532\SER_Project\data\Audio_Speech_Actors_01-24\Actor_24\03-01-03-01-01-02-24.wav,3,1,speech,3,happy,1,1,2,24,female
C:\Users\Grana\Documents\GitHub\Project_CSE432_MG\Project_CSE432-532\SER_Project\data\Audio_Speech_Actors_01-24\Actor_24\03-01-03-01-02-01-24.wav,3,1,speech,3,happy,1,2,1,24,female
C:\Users\Grana\Documents\GitHub\Project_CSE432_MG\Project_CSE432-532\SER_Project\data\Audio_Speech_Actors_01-24\Actor_24\03-01-03-01-02-02-24.wav,3,1,speech,3,happy,1,2,2,24,female
C:\Users\Grana\Documents\GitHub\Project_CSE432_MG\Project_CSE432-532\SER_Project\data\Audio_Speech_Actors_01-24\Actor_24\03-01-03-02-01-01-24.wav,3,1,speech,3,happy,2,1,1,24,female
C:\Users\Grana\Documents\GitHub\Project_CSE432_MG\Project_CSE432-532\SER_Project\data\Audio_Speech_Actors_01-24\Actor_24\03-01-03-02-01-02-24.wav,3,1,speech,3,happy,2,1,2,24,female
C:\Users\Grana\Documents\GitHub\Project_CSE432_MG\Project_CSE432-532\SER_Project\data\Audio_Speech_Actors_01-24\Actor_24\03-01-03-02-02-01-24.wav,3,1,speech,3,happy,2,2,1,24,female
C:\Users\Grana\Documents\GitHub\Project_CSE432_MG\Project_CSE432-532\SER_Project\data\Audio_Speech_Actors_01-24\Actor_24\03-01-03-02-02-02-24.wav,3,1,speech,3,happy,2,2,2,24,female
C:\Users\Grana\Documents\GitHub\Project_CSE432_MG\Project_CSE432-532\SER_Project\data\Audio_Speech_Actors_01-24\Actor_24\03-01-04-01-01-01-24.wav,3,1,speech,4,sad,1,1,1,24,female
C:\Users\Grana\Documents\GitHub\Project_CSE432_MG\Project_CSE432-532\SER_Project\data\Audio_Speech_Actors_01-24\Actor_24\03-01-04-01-01-02-24.wav,3,1,speech,4,sad,1,1,2,24,female
C:\Users\Grana\Documents\GitHub\Project_CSE432_MG\Project_CSE432-532\SER_Project\data\Audio_Speech_Actors_01-24\Actor_24\03-01-04-01-02-01-24.wav,3,1,speech,4,sad,1,2,1,24,female
C:\Users\Grana\Documents\GitHub\Project_CSE432_MG\Project_CSE432-532\SER_Project\data\Audio_Speech_Actors_01-24\Actor_24\03-01-04-01-02-02-24.wav,3,1,speech,4,sad,1,2,2,24,female
C:\Users\Grana\Documents\GitHub\Project_CSE432_MG\Project_CSE432-532\SER_Project\data\Audio_Speech_Actors_01-24\Actor_24\03-01-04-02-01-01-24.wav,3,1,speech,4,sad,2,1,1,24,female
C:\Users\Grana\Documents\GitHub\Project_CSE432_MG\Project_CSE432-532\SER_Project\data\Audio_Speech_Actors_01-24\Actor_24\03-01-04-02-01-02-24.wav,3,1,speech,4,sad,2,1,2,24,female
C:\Users\Grana\Documents\GitHub\Project_CSE432_MG\Project_CSE432-532\SER_Project\data\Audio_Speech_Actors_01-24\Actor_24\03-01-04-02-02-01-24.wav,3,1,speech,4,sad,2,2,1,24,female
C:\Users\Grana\Documents\GitHub\Project_CSE432_MG\Project_CSE432-532\SER_Project\data\Audio_Speech_Actors_01-24\Actor_24\03-01-04-02-02-02-24.wav,3,1,speech,4,sad,2,2,2,24,female
C:\Users\Grana\Documents\GitHub\Project_CSE432_MG\Project_CSE432-532\SER_Project\data\Audio_Speech_Actors_01-24\Actor_24\03-01-05-01-01-01-24.wav,3,1,speech,5,angry,1,1,1,24,female
C:\Users\Grana\Documents\GitHub\Project_CSE432_MG\Project_CSE432-532\SER_Project\data\Audio_Speech_Actors_01-24\Actor_24\03-01-05-01-01-02-24.wav,3,1,speech,5,angry,1,1,2,24,female
C:\Users\Grana\Documents\GitHub\Project_CSE432_MG\Project_CSE432-532\SER_Project\data\Audio_Speech_Actors_01-24\Actor_24\03-01-05-01-02-01-24.wav,3,1,speech,5,angry,1,2,1,24,female
C:\Users\Grana\Documents\GitHub\Project_CSE432_MG\Project_CSE432-532\SER_Project\data\Audio_Speech_Actors_01-24\Actor_24\03-01-05-01-02-02-24.wav,3,1,speech,5,angry,1,2,2,24,female
C:\Users\Grana\Documents\GitHub\Project_CSE432_MG\Project_CSE432-532\SER_Project\data\Audio_Speech_Actors_01-24\Actor_24\03-01-05-02-01-01-24.wav,3,1,speech,5,angry,2,1,1,24,female
C:\Users\Grana\Documents\GitHub\Project_CSE432_MG\Project_CSE432-532\SER_Project\data\Audio_Speech_Actors_01-24\Actor_24\03-01-05-02-01-02-24.wav,3,1,speech,5,angry,2,1,2,24,female
C:\Users\Grana\Documents\GitHub\Project_CSE432_MG\Project_CSE432-532\SER_Project\data\Audio_Speech_Actors_01-24\Actor_24\03-01-05-02-02-01-24.wav,3,1,speech,5,angry,2,2,1,24,female
C:\Users\Grana\Documents\GitHub\Project_CSE432_MG\Project_CSE432-532\SER_Project\data\Audio_Speech_Actors_01-24\Actor_24\03-01-05-02-02-02-24.wav,3,1,speech,5,angry,2,2,2,24,female
C:\Users\Grana\Documents\GitHub\Project_CSE432_MG\Project_CSE432-532\SER_Project\data\Audio_Speech_Actors_01-24\Actor_24\03-01-06-01-01-01-24.wav,3,1,speech,6,fearful,1,1,1,24,female
C:\Users\Grana\Documents\GitHub\Project_CSE432_MG\Project_CSE432-532\SER_Project\data\Audio_Speech_Actors_01-24\Actor_24\03-01-06-01-01-02-24.wav,3,1,speech,6,fearful,1,1,2,24,female
C:\Users\Grana\Documents\GitHub\Project_CSE432_MG\Project_CSE432-532\SER_Project\data\Audio_Speech_Actors_01-24\Actor_24\03-01-06-01-02-01-24.wav,3,1,speech,6,fearful,1,2,1,24,female
C:\Users\Grana\Documents\GitHub\Project_CSE432_MG\Project_CSE432-532\SER_Project\data\Audio_Speech_Actors_01-24\Actor_24\03-01-06-01-02-02-24.wav,3,1,speech,6,fearful,1,2,2,24,female
C:\Users\Grana\Documents\GitHub\Project_CSE432_MG\Project_CSE432-532\SER_Project\data\Audio_Speech_Actors_01-24\Actor_24\03-01-06-02-01-01-24.wav,3,1,speech,6,fearful,2,1,1,24,female
C:\Users\Grana\Documents\GitHub\Project_CSE432_MG\Project_CSE432-532\SER_Project\data\Audio_Speech_Actors_01-24\Actor_24\03-01-06-02-01-02-24.wav,3,1,speech,6,fearful,2,1,2,24,female
C:\Users\Grana\Documents\GitHub\Project_CSE432_MG\Project_CSE432-532\SER_Project\data\Audio_Speech_Actors_01-24\Actor_24\03-01-06-02-02-01-24.wav,3,1,speech,6,fearful,2,2,1,24,female
C:\Users\Grana\Documents\GitHub\Project_CSE432_MG\Project_CSE432-532\SER_Project\data\Audio_Speech_Actors_01-24\Actor_24\03-01-06-02-02-02-24.wav,3,1,speech,6,fearful,2,2,2,24,female
C:\Users\Grana\Documents\GitHub\Project_CSE432_MG\Project_CSE432-532\SER_Project\data\Audio_Speech_Actors_01-24\Actor_24\03-01-07-01-01-01-24.wav,3,1,speech,7,disgust,1,1,1,24,female
C:\Users\Grana\Documents\GitHub\Project_CSE432_MG\Project_CSE432-532\SER_Project\data\Audio_Speech_Actors_01-24\Actor_24\03-01-07-01-01-02-24.wav,3,1,speech,7,disgust,1,1,2,24,female
C:\Users\Grana\Documents\GitHub\Project_CSE432_MG\Project_CSE432-532\SER_Project\data\Audio_Speech_Actors_01-24\Actor_24\03-01-07-01-02-01-24.wav,3,1,speech,7,disgust,1,2,1,24,female
C:\Users\Grana\Documents\GitHub\Project_CSE432_MG\Project_CSE432-532\SER_Project\data\Audio_Speech_Actors_01-24\Actor_24\03-01-07-01-02-02-24.wav,3,1,speech,7,disgust,1,2,2,24,female
C:\Users\Grana\Documents\GitHub\Project_CSE432_MG\Project_CSE432-532\SER_Project\data\Audio_Speech_Actors_01-24\Actor_24\03-01-07-02-01-01-24.wav,3,1,speech,7,disgust,2,1,1,24,female
C:\Users\Grana\Documents\GitHub\Project_CSE432_MG\Project_CSE432-532\SER_Project\data\Audio_Speech_Actors_01-24\Actor_24\03-01-07-02-01-02-24.wav,3,1,speech,7,disgust,2,1,2,24,female
C:\Users\Grana\Documents\GitHub\Project_CSE432_MG\Project_CSE432-532\SER_Project\data\Audio_Speech_Actors_01-24\Actor_24\03-01-07-02-02-01-24.wav,3,1,speech,7,disgust,2,2,1,24,female
C:\Users\Grana\Documents\GitHub\Project_CSE432_MG\Project_CSE432-532\SER_Project\data\Audio_Speech_Actors_01-24\Actor_24\03-01-07-02-02-02-24.wav,3,1,speech,7,disgust,2,2,2,24,female
C:\Users\Grana\Documents\GitHub\Project_CSE432_MG\Project_CSE432-532\SER_Project\data\Audio_Speech_Actors_01-24\Actor_24\03-01-08-01-01-01-24.wav,3,1,speech,8,surprised,1,1,1,24,female
C:\Users\Grana\Documents\GitHub\Project_CSE432_MG\Project_CSE432-532\SER_Project\data\Audio_Speech_Actors_01-24\Actor_24\03-01-08-01-01-02-24.wav,3,1,speech,8,surprised,1,1,2,24,female
C:\Users\Grana\Documents\GitHub\Project_CSE432_MG\Project_CSE432-532\SER_Project\data\Audio_Speech_Actors_01-24\Actor_24\03-01-08-01-02-01-24.wav,3,1,speech,8,surprised,1,2,1,24,female
C:\Users\Grana\Documents\GitHub\Project_CSE432_MG\Project_CSE432-532\SER_Project\data\Audio_Speech_Actors_01-24\Actor_24\03-01-08-01-02-02-24.wav,3,1,speech,8,surprised,1,2,2,24,female
C:\Users\Grana\Documents\GitHub\Project_CSE432_MG\Project_CSE432-532\SER_Project\data\Audio_Speech_Actors_01-24\Actor_24\03-01-08-02-01-01-24.wav,3,1,speech,8,surprised,2,1,1,24,female
C:\Users\Grana\Documents\GitHub\Project_CSE432_MG\Project_CSE432-532\SER_Project\data\Audio_Speech_Actors_01-24\Actor_24\03-01-08-02-01-02-24.wav,3,1,speech,8,surprised,2,1,2,24,female
C:\Users\Grana\Documents\GitHub\Project_CSE432_MG\Project_CSE432-532\SER_Project\data\Audio_Speech_Actors_01-24\Actor_24\03-01-08-02-02-01-24.wav,3,1,speech,8,surprised,2,2,1,24,female
C:\Users\Grana\Documents\GitHub\Project_CSE432_MG\Project_CSE432-532\SER_Project\data\Audio_Speech_Actors_01-24\Actor_24\03-01-08-02-02-02-24.wav,3,1,speech,8,surprised,2,2,2,24,female
